timestamp,temperature,soil_ph,soil_moisture,npk_n,npk_p,npk_k,rainfall
2025-01-01T06:00:00Z,28.99,6.57,71.63,68.8,18.81,177.02,9.89
2025-01-01T07:17:35Z,28.63,6.43,62.93,65.54,21.74,192.09,18.46
2025-01-01T09:25:40Z,17.07,6.48,72.41,38.15,15.68,128.42,16.25
2025-01-01T11:21:36Z,15.5,6.08,54.03,31.22,23.24,154.54,11.7
2025-01-01T13:12:40Z,21.0,6.58,60.1,56.72,34.66,182.95,26.86
2025-01-01T15:00:21Z,23.35,6.84,63.44,65.03,27.93,113.29,18.02
2025-01-01T16:07:34Z,25.77,6.16,60.48,38.05,7.57,44.18,13.47
2025-01-01T18:32:20Z,22.24,6.52,68.02,95.71,29.05,128.64,13.26
2025-01-01T19:38:11Z,14.51,6.82,50.88,33.6,22.57,152.63,10.4
2025-01-01T21:52:40Z,24.18,6.78,60.15,71.03,23.51,101.27,15.99
2025-01-01T23:17:36Z,25.86,6.5,76.63,72.92,28.09,188.31,11.57
2025-01-02T01:32:50Z,15.5,6.54,59.74,24.57,16.03,283.53,14.27
2025-01-02T03:17:13Z,28.65,7.18,69.07,78.33,36.13,148.58,11.48
2025-01-02T05:00:38Z,24.83,6.55,66.84,50.21,25.12,170.83,11.31
2025-01-02T06:07:23Z,27.09,6.75,60.89,75.61,35.09,151.33,12.16
2025-01-02T08:26:52Z,26.82,5.71,82.62,42.65,20.59,124.92,11.07
2025-01-02T10:18:24Z,17.01,6.79,79.01,38.18,14.57,115.12,18.99
2025-01-02T11:22:45Z,12.46,6.48,75.87,31.62,16.74,104.52,19.84
2025-01-02T13:35:33Z,25.0,6.07,63.12,55.98,39.26,181.59,13.48
2025-01-02T14:53:27Z,26.72,6.05,62.14,35.38,5.31,74.64,11.84
2025-01-02T17:24:17Z,21.54,6.85,61.4,71.15,38.24,119.49,16.06
2025-01-02T18:29:23Z,16.01,5.7,79.41,24.49,18.31,109.33,15.6
2025-01-02T20:53:53Z,23.94,7.32,60.09,71.0,31.78,110.14,13.47
2025-01-02T21:59:35Z,21.86,6.25,71.79,31.78,13.73,110.69,18.94
2025-01-02T23:55:17Z,26.85,6.62,68.03,78.15,22.0,103.5,12.88
2025-01-03T01:18:35Z,27.62,6.0,66.67,20.23,11.6,57.7,10.5
2025-01-03T03:38:21Z,13.95,6.12,57.12,20.81,17.31,184.18,10.99
2025-01-03T05:18:46Z,26.41,6.02,77.53,97.85,28.18,198.24,13.88
2025-01-03T06:53:34Z,18.16,7.37,55.72,22.32,26.22,276.57,13.88
2025-01-03T08:22:06Z,26.03,7.31,67.27,62.02,35.32,130.55,14.48
2025-01-03T10:08:36Z,25.51,5.54,74.87,59.0,34.51,184.9,16.96
2025-01-03T11:56:16Z,25.02,5.92,66.16,38.01,14.5,67.55,8.52
2025-01-03T13:37:17Z,24.28,5.99,81.03,41.98,38.95,173.68,14.12
2025-01-03T16:05:34Z,27.35,7.48,64.16,45.06,20.98,151.03,12.21
2025-01-03T17:08:07Z,25.8,6.99,67.54,47.23,32.82,111.17,18.74
2025-01-03T19:17:25Z,14.29,6.07,71.37,32.47,15.8,110.53,10.46
2025-01-03T20:51:29Z,15.39,6.7,50.98,26.88,19.33,249.95,13.7
2025-01-03T23:11:49Z,26.04,5.7,64.32,28.46,7.91,51.63,15.14
2025-01-04T00:13:17Z,10.54,6.08,51.75,29.61,28.0,254.6,19.42
2025-01-04T02:10:59Z,24.72,6.47,76.38,39.31,30.03,140.93,8.02
2025-01-04T04:26:09Z,27.98,6.2,69.45,66.6,32.75,170.0,11.82
2025-01-04T05:24:22Z,22.31,6.99,68.36,64.23,29.74,110.44,9.86
2025-01-04T07:07:59Z,27.52,5.58,61.45,24.66,12.51,77.59,18.9
2025-01-04T08:47:11Z,21.46,5.66,60.25,38.56,12.55,44.54,6.77
2025-01-04T11:29:44Z,27.65,6.11,62.54,73.31,31.81,122.07,17.59
2025-01-04T12:39:03Z,22.14,6.51,68.53,63.68,21.53,171.77,18.3
2025-01-04T14:26:03Z,21.46,6.23,60.31,57.06,35.75,122.0,21.85
2025-01-04T16:04:59Z,24.89,5.74,61.97,85.34,34.21,104.92,7.43
2025-01-04T18:31:41Z,28.85,6.24,67.6,98.98,24.22,151.71,13.33
2025-01-04T19:40:08Z,26.12,6.02,66.37,69.7,26.36,190.79,9.79
2025-01-04T21:14:17Z,28.44,5.69,60.6,76.91,30.08,123.53,16.9
2025-01-04T23:17:59Z,28.8,7.28,69.28,44.01,34.83,199.74,16.49
2025-01-05T00:50:25Z,21.54,6.53,61.03,57.59,36.87,108.01,16.9
2025-01-05T02:49:32Z,12.15,6.42,78.94,38.94,10.6,147.0,8.29
2025-01-05T04:56:32Z,19.68,6.55,55.73,27.89,16.06,185.58,6.14
2025-01-05T05:58:21Z,22.82,6.35,78.36,32.74,13.97,133.61,17.72
2025-01-05T07:39:43Z,26.34,7.2,68.93,65.17,32.24,167.3,18.13
2025-01-05T10:14:41Z,28.45,6.77,65.39,90.02,34.12,126.07,18.57
2025-01-05T11:12:57Z,25.29,5.99,62.99,84.94,36.52,117.45,20.86
2025-01-05T13:20:04Z,24.31,6.4,68.8,61.5,22.44,156.36,19.16
2025-01-05T15:26:55Z,22.61,6.95,60.89,40.72,30.93,178.9,9.68
2025-01-05T16:58:54Z,24.46,6.04,63.18,62.84,39.83,109.57,11.83
2025-01-05T18:28:08Z,27.81,6.48,79.86,54.71,26.58,160.91,14.71
2025-01-05T20:46:09Z,23.14,6.58,74.1,72.86,24.58,172.97,8.13
2025-01-05T22:19:01Z,27.38,6.41,68.2,73.53,35.42,114.68,18.5
2025-01-05T23:26:15Z,21.56,6.11,64.46,44.25,30.7,142.0,9.15
2025-01-06T01:35:20Z,27.28,6.2,60.35,27.88,11.84,42.81,15.36
2025-01-06T03:15:28Z,18.49,7.14,56.26,23.48,22.27,295.25,12.65
2025-01-06T05:02:31Z,16.71,6.08,75.91,50.65,16.74,146.5,16.66
2025-01-06T06:38:56Z,17.25,6.31,79.82,53.13,15.66,130.74,14.52
2025-01-06T08:03:21Z,26.94,6.76,74.98,75.41,29.2,197.7,11.88
2025-01-06T10:39:56Z,27.79,5.58,63.61,20.43,13.11,44.59,7.71
2025-01-06T12:23:20Z,27.35,5.85,63.77,65.17,23.84,114.85,8.94
2025-01-06T14:03:20Z,26.35,6.43,69.61,96.89,23.8,185.74,11.17
2025-01-06T16:02:15Z,20.37,5.98,67.18,44.6,20.3,169.43,10.99
2025-01-06T17:35:31Z,29.02,6.25,63.37,56.86,35.82,164.99,17.83
2025-01-06T19:14:56Z,22.02,5.83,63.86,79.28,39.54,171.23,18.58
2025-01-06T20:34:44Z,27.34,6.37,67.91,70.43,38.33,146.2,17.0
2025-01-06T22:35:41Z,28.61,5.86,76.4,44.26,27.81,187.1,10.14
2025-01-07T00:14:06Z,21.2,6.47,73.38,71.23,19.53,153.7,18.57
2025-01-07T01:43:00Z,25.14,6.36,64.64,70.19,20.37,153.66,16.29
2025-01-07T03:59:44Z,25.76,5.69,65.82,23.22,14.3,58.57,9.14
2025-01-07T05:06:40Z,28.97,5.57,63.9,54.35,28.71,172.56,22.99
2025-01-07T07:22:29Z,25.54,6.22,67.24,50.33,29.4,112.79,14.23
2025-01-07T09:30:57Z,24.8,6.15,67.23,39.44,7.06,69.48,8.87
2025-01-07T10:29:20Z,27.18,6.55,75.73,72.2,21.18,171.51,14.45
2025-01-07T12:08:11Z,21.8,5.97,62.45,51.89,21.08,169.2,13.57
2025-01-07T14:10:42Z,19.46,6.13,54.25,27.08,15.82,235.1,9.97
2025-01-07T15:52:09Z,27.55,6.35,76.76,62.95,19.14,185.87,16.28
2025-01-07T18:02:07Z,28.23,6.18,78.1,51.35,20.47,199.42,14.43
2025-01-07T19:29:04Z,15.28,6.34,76.07,51.42,19.75,132.34,11.1
2025-01-07T21:19:36Z,22.34,6.98,68.46,44.8,24.32,111.32,15.23
2025-01-07T23:03:37Z,23.62,6.08,77.23,97.49,20.21,179.57,14.94
2025-01-08T01:16:48Z,26.82,5.54,63.69,26.77,14.47,77.71,9.29
2025-01-08T02:37:24Z,27.43,6.34,60.25,40.9,21.87,191.6,11.54
2025-01-08T04:22:22Z,10.18,7.02,51.12,27.33,15.01,232.12,14.12
2025-01-08T06:24:19Z,19.2,6.13,63.06,49.39,37.07,186.66,12.39
2025-01-08T07:46:37Z,24.86,5.75,62.78,22.7,13.4,53.3,11.92
2025-01-08T09:05:57Z,17.92,6.06,75.93,23.05,16.5,117.41,13.39
2025-01-08T10:54:45Z,29.18,5.88,69.0,90.26,20.24,105.84,13.44
2025-01-08T13:27:39Z,16.5,6.16,67.47,70.81,32.49,191.54,9.01
2025-01-08T14:39:25Z,23.57,6.12,79.36,93.94,29.2,195.16,10.05
2025-01-08T16:38:22Z,19.22,7.4,54.93,36.79,29.78,271.24,8.02
2025-01-08T18:19:50Z,27.74,6.15,63.79,69.45,32.41,150.54,11.21
2025-01-08T19:57:00Z,20.73,6.37,68.28,31.94,12.19,73.67,12.58
2025-01-08T21:33:59Z,23.21,6.64,76.12,98.81,24.4,183.02,14.48
2025-01-09T00:01:26Z,26.47,6.41,66.47,88.59,21.96,176.03,8.45
2025-01-09T01:31:09Z,16.58,6.57,74.2,40.89,17.94,143.53,14.84
2025-01-09T03:14:50Z,24.75,6.71,65.09,42.75,35.36,197.07,7.59
2025-01-09T05:07:47Z,21.63,6.66,72.49,35.13,17.9,103.36,14.37
2025-01-09T06:34:50Z,27.04,6.37,69.3,75.85,35.13,117.58,18.5
2025-01-09T08:04:07Z,27.41,6.41,74.35,56.82,27.2,108.75,17.84
2025-01-09T09:34:09Z,28.11,6.4,60.19,54.47,32.63,171.62,9.28
2025-01-09T12:13:40Z,12.0,6.06,76.21,51.3,12.49,147.57,19.73
2025-01-09T13:24:01Z,24.78,5.81,67.86,33.75,10.25,43.54,9.67
2025-01-09T14:56:23Z,21.48,6.53,66.96,48.93,26.05,160.13,12.24
2025-01-09T16:37:17Z,13.4,7.32,51.03,28.31,28.95,290.22,17.11
2025-01-09T19:15:18Z,25.76,5.59,62.12,91.05,37.91,116.09,10.56
2025-01-09T20:53:10Z,25.48,5.72,60.79,24.04,13.17,65.86,13.19
2025-01-09T22:06:38Z,24.5,6.67,75.59,69.64,23.3,188.51,9.27
2025-01-10T00:16:01Z,17.05,6.31,76.89,35.19,12.09,126.48,13.98
2025-01-10T02:17:31Z,23.96,6.28,73.04,57.76,36.42,165.74,15.22
2025-01-10T03:31:12Z,27.51,6.27,72.64,84.28,15.23,185.99,14.91
2025-01-10T05:02:25Z,18.15,6.18,72.11,38.75,13.48,107.89,20.58
2025-01-10T07:23:22Z,25.78,6.76,60.61,96.31,27.92,189.85,9.78
2025-01-10T08:22:40Z,23.85,6.84,65.95,56.4,23.89,181.37,19.03
2025-01-10T10:47:45Z,22.69,6.15,65.84,78.53,25.4,183.37,16.09
2025-01-10T12:42:16Z,29.91,6.06,67.0,74.75,39.46,131.5,8.77
2025-01-10T14:05:21Z,13.84,7.24,54.0,26.14,18.89,293.95,8.17
2025-01-10T15:54:03Z,26.41,7.03,65.45,40.63,29.56,163.17,14.72
2025-01-10T17:13:51Z,24.59,6.43,67.83,61.74,26.61,113.01,13.67
2025-01-10T19:39:57Z,12.79,6.48,65.16,72.49,24.74,157.02,13.22
2025-01-10T20:38:03Z,21.09,7.19,56.68,31.94,22.15,195.98,9.29
2025-01-10T22:59:43Z,24.45,6.07,62.94,57.34,27.54,187.72,11.91
2025-01-11T00:37:47Z,28.63,5.87,79.41,44.75,20.18,119.51,19.38
2025-01-11T02:01:56Z,22.07,6.79,65.51,57.25,35.89,196.69,10.06
2025-01-11T04:22:06Z,25.47,5.97,76.95,55.76,35.75,150.88,7.57
2025-01-11T05:28:40Z,28.28,5.92,61.48,50.46,29.62,195.94,10.18
2025-01-11T07:12:02Z,21.8,5.54,61.42,27.69,6.43,49.73,9.14
2025-01-11T09:11:58Z,21.96,6.6,62.46,57.58,31.18,142.18,16.72
2025-01-11T11:09:26Z,19.75,6.49,71.72,30.72,15.96,148.22,16.27
2025-01-11T13:01:38Z,16.59,5.65,74.98,30.23,15.0,117.73,10.43
2025-01-11T14:52:22Z,24.58,6.2,67.34,59.05,26.78,183.92,13.48
2025-01-11T16:13:32Z,10.58,7.4,52.09,22.42,25.74,185.81,10.07
2025-01-11T17:55:15Z,15.1,6.1,72.99,36.89,13.6,144.89,11.2
2025-01-11T19:48:23Z,22.96,6.23,69.9,86.87,25.16,173.16,13.85
2025-01-11T21:46:22Z,22.28,5.59,66.86,37.05,9.14,77.63,11.19
2025-01-11T23:10:41Z,22.98,6.21,76.23,64.27,16.44,163.55,6.96
2025-01-12T01:32:52Z,23.21,6.37,69.48,33.51,12.2,74.88,10.8
2025-01-12T03:08:56Z,27.5,6.26,72.01,58.78,21.54,189.86,5.68
2025-01-12T04:55:42Z,24.24,6.32,73.32,53.41,24.71,112.81,18.28
2025-01-12T06:04:08Z,22.24,7.01,67.44,47.14,26.24,155.89,10.95
2025-01-12T07:49:46Z,19.01,6.16,79.99,37.26,13.84,131.92,10.82
2025-01-12T09:44:04Z,27.44,6.26,86.13,42.94,32.44,130.35,10.85
2025-01-12T11:51:26Z,25.99,6.42,72.89,41.05,33.62,116.86,17.32
2025-01-12T13:02:42Z,23.89,7.33,62.1,76.24,39.32,178.74,17.75
2025-01-12T15:09:59Z,15.85,6.36,72.12,21.12,13.15,134.59,7.73
2025-01-12T17:09:08Z,23.15,5.66,72.56,21.96,18.9,134.86,11.67
2025-01-12T18:13:33Z,16.5,6.37,63.07,60.66,25.41,169.96,13.49
2025-01-12T20:30:30Z,22.74,7.12,61.82,60.42,30.09,115.39,8.09
2025-01-12T22:14:42Z,19.3,6.69,72.78,37.52,13.18,118.9,18.96
2025-01-13T00:06:48Z,22.98,6.34,78.06,99.45,19.67,164.29,10.89
2025-01-13T01:56:52Z,14.13,6.14,51.78,37.3,26.35,167.93,16.87
2025-01-13T03:50:46Z,23.11,6.14,69.59,66.07,28.68,167.1,10.07
2025-01-13T05:33:44Z,23.07,6.44,70.9,62.91,27.51,167.0,12.51
2025-01-13T06:28:12Z,25.69,6.0,63.49,42.55,24.39,147.57,13.36
2025-01-13T08:07:41Z,10.86,6.86,57.81,27.32,18.18,279.53,12.12
2025-01-13T09:54:51Z,21.44,6.82,64.49,58.64,22.62,142.96,13.95
2025-01-13T11:49:40Z,29.36,6.65,73.47,77.94,23.73,183.63,12.33
2025-01-13T13:40:38Z,27.72,6.21,63.1,61.29,21.82,150.47,19.9
2025-01-13T15:52:46Z,24.08,6.09,60.6,74.34,34.95,154.26,13.04
2025-01-13T17:38:17Z,25.46,6.16,63.27,44.56,39.44,136.62,20.56
2025-01-13T19:29:43Z,24.42,5.61,88.36,57.27,22.33,187.56,11.23
2025-01-13T20:23:25Z,26.75,6.01,68.85,28.38,6.06,70.09,19.36
2025-01-13T22:30:44Z,27.22,5.9,78.72,44.19,21.74,140.32,13.78
2025-01-14T00:50:33Z,15.89,6.75,78.29,49.1,17.57,119.89,11.32
2025-01-14T02:22:26Z,18.42,7.49,53.39,27.2,20.95,208.73,12.47
2025-01-14T04:12:02Z,17.84,6.72,58.13,27.11,28.08,165.67,5.21
2025-01-14T05:50:34Z,22.72,6.22,65.42,67.77,26.84,138.79,10.32
2025-01-14T07:44:58Z,18.43,6.22,78.65,28.68,15.18,148.74,11.9
2025-01-14T09:30:51Z,15.27,6.45,53.55,27.68,22.01,260.77,13.95
2025-01-14T11:06:51Z,29.61,6.48,66.42,34.27,11.69,64.72,9.92
2025-01-14T12:09:45Z,19.03,6.23,76.79,20.4,11.84,113.83,16.43
2025-01-14T14:45:23Z,25.52,6.31,63.98,96.09,32.7,187.17,11.26
2025-01-14T16:23:23Z,25.2,6.76,78.15,89.36,28.57,180.09,11.09
2025-01-14T17:22:32Z,11.88,6.91,60.63,46.22,25.01,141.5,17.54
2025-01-14T19:57:27Z,28.86,6.08,72.1,81.76,19.54,167.24,12.94
2025-01-14T21:45:01Z,23.41,5.59,76.38,34.0,17.33,107.06,18.4
2025-01-14T23:35:30Z,26.98,7.08,66.95,50.8,26.13,150.42,18.0
2025-01-15T01:05:03Z,29.95,6.45,62.1,34.61,12.9,79.0,7.59
2025-01-15T02:54:56Z,21.14,5.74,68.04,38.24,14.14,56.08,11.96
2025-01-15T04:32:02Z,24.99,5.83,64.64,72.25,39.36,147.79,9.31
2025-01-15T06:14:12Z,13.53,6.58,59.48,21.16,25.75,219.16,12.71
2025-01-15T08:11:25Z,29.65,6.3,61.9,30.46,5.41,43.56,10.34
2025-01-15T09:20:11Z,25.01,6.94,68.89,41.63,33.39,110.16,12.23
2025-01-15T11:38:37Z,18.07,6.34,71.9,20.98,15.93,100.05,15.22
2025-01-15T12:42:08Z,15.54,6.74,76.72,46.05,12.75,149.14,13.82
2025-01-15T14:57:09Z,27.87,7.13,69.16,79.77,20.17,163.49,15.1
2025-01-15T16:15:15Z,26.04,6.1,66.8,65.65,21.05,186.75,9.96
2025-01-15T18:30:08Z,15.71,6.12,72.13,34.3,17.51,136.69,15.75
2025-01-15T19:55:14Z,18.73,6.45,71.56,46.39,19.45,115.19,16.4
2025-01-15T21:39:38Z,21.71,6.46,64.64,63.44,26.02,194.19,16.63
2025-01-15T23:07:39Z,22.24,6.4,68.64,58.28,21.79,169.35,9.95
2025-01-16T01:02:52Z,22.69,5.71,67.99,71.55,33.02,184.87,18.1
2025-01-16T02:40:03Z,24.3,6.8,66.62,61.26,28.13,107.58,14.74
2025-01-16T04:25:50Z,16.01,6.58,79.53,43.32,13.04,104.81,15.6
2025-01-16T07:00:12Z,20.83,6.57,66.36,62.56,39.11,149.36,17.65
2025-01-16T08:37:38Z,28.83,6.23,67.78,75.59,28.4,126.08,10.62
2025-01-16T09:58:02Z,21.45,6.18,67.01,65.65,29.62,134.17,7.81
2025-01-16T11:46:57Z,22.49,6.32,69.21,94.87,29.32,186.25,13.11
2025-01-16T13:12:31Z,19.02,7.49,55.32,25.39,27.06,180.14,13.52
2025-01-16T15:07:35Z,16.35,6.49,75.08,28.02,17.53,126.13,9.52
2025-01-16T16:50:10Z,16.85,6.71,79.67,58.95,10.34,113.84,6.12
2025-01-16T18:33:32Z,20.88,6.24,59.48,30.98,18.86,222.36,11.94
2025-01-16T20:36:05Z,18.68,6.05,74.61,27.65,14.25,117.46,9.05
2025-01-16T22:16:35Z,28.82,6.7,69.71,83.09,33.01,171.04,11.76
2025-01-16T23:52:52Z,26.27,6.01,67.85,77.23,36.34,157.97,17.02
2025-01-17T01:45:24Z,26.02,6.28,71.86,57.88,18.61,196.66,8.95
2025-01-17T03:32:27Z,16.0,5.54,72.29,33.83,12.98,140.22,10.19
2025-01-17T05:35:05Z,22.66,6.6,66.44,64.48,33.11,199.44,21.72
2025-01-17T07:14:07Z,20.63,6.11,65.8,34.62,7.23,46.39,7.88
2025-01-17T09:14:17Z,15.17,6.87,64.63,43.58,39.08,189.67,13.49
2025-01-17T10:52:18Z,21.81,6.08,77.11,32.57,13.7,120.49,18.39
2025-01-17T12:23:26Z,22.48,6.57,69.42,72.24,26.17,169.93,13.03
2025-01-17T13:54:27Z,28.23,6.11,80.78,45.58,25.26,117.05,17.07
2025-01-17T16:05:30Z,28.46,6.33,61.71,29.8,11.34,40.22,9.75
2025-01-17T17:24:46Z,27.8,6.98,66.21,55.39,27.39,104.46,18.31
2025-01-17T19:15:04Z,12.0,6.71,55.78,30.0,25.0,248.43,11.24
2025-01-17T21:04:14Z,18.71,7.08,53.88,36.01,23.08,181.48,20.66
2025-01-17T22:49:34Z,18.53,6.19,57.36,34.79,22.66,243.34,8.09
2025-01-18T00:25:46Z,22.3,5.91,60.01,27.15,14.87,44.75,9.64
2025-01-18T02:28:35Z,16.6,6.68,56.15,28.09,15.63,223.93,11.86
2025-01-18T04:34:28Z,24.33,5.66,60.22,54.33,39.09,192.63,13.22
2025-01-18T05:58:06Z,25.11,6.31,81.91,34.28,38.87,155.01,8.11
2025-01-18T07:38:50Z,21.19,6.15,73.02,89.28,16.06,183.79,9.46
2025-01-18T09:37:55Z,22.61,6.22,79.61,98.08,27.86,154.24,12.89
2025-01-18T10:51:37Z,22.91,6.07,64.73,83.32,20.99,190.59,11.96
2025-01-18T12:30:04Z,25.22,5.95,79.29,39.91,31.85,165.38,14.05
2025-01-18T14:19:59Z,19.09,5.75,77.7,30.74,18.56,103.8,19.06
2025-01-18T16:30:00Z,26.59,5.56,73.31,49.6,38.93,177.89,11.47
2025-01-18T17:39:08Z,21.91,6.19,63.71,97.4,31.51,117.37,10.81
2025-01-18T20:06:38Z,27.47,6.75,69.63,75.81,25.34,168.91,10.77
2025-01-18T22:01:30Z,20.17,5.99,60.76,37.96,12.88,61.02,13.95
2025-01-18T23:50:46Z,10.83,6.06,75.42,50.11,12.44,146.66,18.24
2025-01-19T00:45:52Z,26.33,5.53,65.45,74.36,34.91,160.19,14.49
2025-01-19T03:23:47Z,11.65,6.7,75.77,35.63,10.78,145.43,19.33
2025-01-19T04:59:27Z,28.96,7.35,60.35,44.13,27.07,104.04,13.4
2025-01-19T05:58:48Z,22.71,6.62,61.57,74.84,36.98,152.38,7.18
2025-01-19T08:29:54Z,14.83,6.44,69.65,58.26,36.28,138.03,12.22
2025-01-19T10:12:53Z,24.92,7.0,64.57,59.75,36.66,150.64,11.78
2025-01-19T11:31:38Z,29.0,6.26,62.68,23.67,10.09,49.07,13.97
2025-01-19T13:06:11Z,21.71,6.3,79.6,33.48,17.59,116.5,12.89
2025-01-19T15:33:17Z,21.82,6.59,70.78,57.43,11.63,148.38,12.52
2025-01-19T17:20:11Z,14.05,6.74,52.64,30.43,19.06,164.16,13.98
2025-01-19T18:24:40Z,28.92,6.65,73.53,83.49,20.22,164.03,15.8
2025-01-19T20:24:57Z,19.59,6.3,71.8,59.08,12.17,123.38,10.5
2025-01-19T22:22:13Z,14.63,5.86,66.78,53.27,31.73,116.34,9.83
2025-01-19T23:50:50Z,10.43,6.18,79.74,37.42,18.73,115.98,14.39
2025-01-20T01:55:14Z,12.76,6.3,79.68,48.57,18.49,122.64,12.75
2025-01-20T03:43:29Z,22.46,6.36,61.23,63.75,33.25,130.39,12.72
2025-01-20T05:21:33Z,12.32,6.74,75.23,40.25,19.68,132.16,18.15
2025-01-20T06:27:29Z,18.13,6.23,71.69,28.86,16.71,132.94,14.84
2025-01-20T08:57:15Z,29.24,5.98,68.42,59.38,24.44,188.64,14.48
2025-01-20T10:28:47Z,17.79,6.94,67.22,77.13,34.16,189.32,9.58
2025-01-20T11:46:44Z,27.27,6.21,76.12,61.08,20.65,191.76,11.04
2025-01-20T14:05:56Z,18.57,5.89,76.68,21.42,18.16,107.36,17.95
2025-01-20T15:15:28Z,25.87,6.07,68.11,25.6,9.0,71.15,10.77
2025-01-20T17:20:38Z,26.82,6.72,60.02,58.7,27.25,151.1,20.82
2025-01-20T19:06:36Z,25.91,6.34,65.19,70.35,23.13,189.2,12.86
2025-01-20T20:35:21Z,17.57,7.21,58.7,24.5,23.25,244.88,11.61
2025-01-20T22:46:08Z,27.6,6.78,69.08,63.28,23.47,144.98,13.61
2025-01-21T00:49:08Z,25.12,6.59,65.71,69.36,36.49,155.34,18.39
2025-01-21T02:34:13Z,18.14,6.17,78.75,26.06,12.14,145.17,14.17
2025-01-21T04:08:06Z,18.4,5.87,64.73,73.96,33.82,148.77,9.84
2025-01-21T05:19:41Z,18.81,5.97,76.2,27.1,17.09,103.7,10.05
2025-01-21T07:49:10Z,24.12,5.96,84.38,41.96,26.04,189.89,19.74
2025-01-21T09:39:07Z,28.11,5.5,60.27,27.82,5.22,79.68,11.89
2025-01-21T10:25:43Z,28.55,6.15,63.47,60.33,34.48,141.66,8.8
2025-01-21T12:47:47Z,22.39,6.53,69.25,70.14,33.7,115.47,13.8
2025-01-21T13:57:53Z,21.14,6.36,74.29,75.88,15.86,183.94,10.91
2025-01-21T15:40:24Z,26.73,6.09,87.16,44.21,22.04,143.0,9.02
2025-01-21T18:02:28Z,29.1,5.52,60.59,89.31,26.77,178.97,10.72
2025-01-21T19:15:57Z,26.71,5.83,84.77,57.66,34.33,164.47,10.28
2025-01-21T21:44:44Z,28.86,6.11,70.06,33.34,26.85,170.79,18.15
2025-01-21T23:03:41Z,22.6,6.05,70.16,37.71,10.39,112.21,14.27
2025-01-22T01:23:22Z,15.14,6.97,55.76,22.42,17.58,182.59,20.02
2025-01-22T02:45:16Z,11.86,6.79,73.18,30.43,18.91,146.4,13.73
2025-01-22T04:37:25Z,28.32,6.07,75.79,60.06,21.72,169.83,14.09
2025-01-22T06:37:21Z,24.82,6.07,74.89,78.79,24.44,173.55,12.23
2025-01-22T08:11:12Z,21.33,6.41,77.63,96.15,16.73,188.47,14.07
2025-01-22T10:05:01Z,27.85,6.23,68.87,59.48,29.59,145.25,11.14
2025-01-22T11:46:44Z,14.02,6.76,74.71,37.25,18.14,120.91,11.75
2025-01-22T13:17:58Z,26.1,5.52,80.75,52.7,30.75,195.73,7.75
2025-01-22T14:45:22Z,14.22,6.78,53.79,31.89,15.7,219.98,13.38
2025-01-22T16:56:26Z,25.76,5.51,64.36,65.18,21.12,138.14,13.78
2025-01-22T18:45:09Z,21.77,6.55,63.53,92.14,28.2,135.25,12.95
2025-01-22T20:20:17Z,16.35,6.97,69.17,79.33,28.69,174.0,8.97
2025-01-22T21:34:26Z,25.57,5.76,62.51,33.41,8.46,75.09,12.52
2025-01-22T23:56:32Z,28.32,5.84,60.65,24.93,8.69,77.29,11.31
2025-01-23T01:38:02Z,23.17,7.22,69.08,63.04,31.69,137.22,10.77
2025-01-23T02:45:33Z,25.63,6.18,79.78,36.86,27.86,177.69,14.75
2025-01-23T04:56:35Z,25.9,6.46,68.25,66.79,24.14,156.17,10.29
2025-01-23T06:33:16Z,24.05,5.66,84.46,50.07,36.92,106.37,9.84
2025-01-23T08:35:46Z,26.78,5.55,63.61,24.05,10.96,67.81,10.08
2025-01-23T09:51:20Z,26.66,6.29,64.74,43.91,20.06,116.89,8.98
2025-01-23T11:47:33Z,22.32,5.73,79.95,22.51,11.94,116.78,10.77
2025-01-23T13:40:14Z,12.78,6.62,67.64,44.72,26.62,110.88,13.71
2025-01-23T15:49:41Z,10.95,6.16,71.36,45.05,19.72,113.52,14.92
2025-01-23T16:56:12Z,28.19,5.9,77.37,33.28,28.84,113.35,10.93
2025-01-23T18:45:00Z,24.99,6.2,65.0,63.3,34.17,195.2,7.09
2025-01-23T21:08:30Z,26.68,6.56,63.84,72.17,26.91,138.55,8.67
2025-01-23T22:18:49Z,20.02,6.01,72.98,58.59,10.49,138.06,16.42
2025-01-24T00:41:08Z,24.68,6.59,72.07,60.68,21.27,162.49,8.17
2025-01-24T02:19:09Z,24.07,6.51,60.12,63.61,39.43,164.19,12.56
2025-01-24T03:32:09Z,10.17,6.64,73.71,30.36,10.85,127.68,10.33
2025-01-24T05:40:24Z,22.12,6.72,68.42,78.08,39.38,191.07,12.21
2025-01-24T07:22:46Z,11.93,6.71,52.99,39.14,20.47,167.25,14.62
2025-01-24T09:22:49Z,25.07,5.89,67.72,72.57,20.91,168.59,13.51
2025-01-24T10:20:59Z,28.02,6.49,65.03,35.84,13.79,54.78,13.92
2025-01-24T12:46:33Z,27.78,6.07,75.69,44.49,36.84,114.07,10.55
2025-01-24T14:24:17Z,16.85,6.19,72.39,35.28,14.55,149.34,13.34
2025-01-24T15:27:49Z,19.07,5.99,73.49,38.8,13.92,134.94,12.73
2025-01-24T18:09:34Z,29.8,6.37,65.66,34.53,13.47,59.57,11.16
2025-01-24T19:36:20Z,24.65,6.29,82.59,40.21,32.61,190.17,12.02
2025-01-24T21:21:10Z,17.03,6.07,70.74,42.97,10.62,120.98,8.07
2025-01-24T22:29:12Z,28.55,6.13,61.95,23.06,8.7,74.43,14.78
2025-01-25T00:49:23Z,22.82,6.27,63.38,79.76,25.76,134.71,11.46
2025-01-25T02:33:36Z,20.58,6.53,71.48,43.94,12.75,137.42,19.56
2025-01-25T04:14:01Z,28.48,6.23,75.08,54.22,21.33,111.65,10.81
2025-01-25T05:53:37Z,11.54,6.45,64.44,54.11,20.26,164.23,10.29
2025-01-25T07:27:06Z,26.83,5.57,83.19,57.72,29.16,185.5,15.69
2025-01-25T09:55:24Z,12.95,6.3,67.8,52.9,28.01,198.7,8.95
2025-01-25T11:01:48Z,28.55,5.86,87.26,31.54,24.24,123.12,14.79
2025-01-25T12:33:09Z,17.33,7.49,53.59,36.31,25.44,256.05,15.12
2025-01-25T14:39:06Z,19.5,7.34,52.51,20.58,27.19,295.63,11.62
2025-01-25T16:13:21Z,24.37,7.09,62.49,41.68,32.89,158.58,12.36
2025-01-25T18:39:58Z,26.49,6.49,75.7,68.27,26.8,162.23,21.87
2025-01-25T20:13:49Z,12.49,6.38,54.56,28.97,29.66,212.27,9.69
2025-01-25T21:23:29Z,20.95,5.86,78.59,36.79,12.67,132.96,12.06
2025-01-25T23:08:04Z,24.98,6.24,67.47,25.2,9.71,75.66,9.99
2025-01-26T00:54:27Z,28.76,6.49,68.3,36.36,7.51,61.49,7.66
2025-01-26T03:26:48Z,23.63,6.08,66.73,45.88,25.03,172.35,10.0
2025-01-26T04:22:16Z,21.83,5.85,65.67,31.46,5.04,46.02,11.51
2025-01-26T06:21:49Z,21.98,6.21,76.27,39.54,13.42,127.7,7.79
2025-01-26T07:45:08Z,27.43,6.73,68.15,77.93,20.31,145.06,12.67
2025-01-26T09:31:42Z,10.63,6.23,57.22,25.43,16.65,193.69,15.91
2025-01-26T11:30:29Z,22.45,6.49,60.82,62.14,35.59,179.6,11.15
2025-01-26T13:11:35Z,16.58,6.01,77.45,35.72,15.33,128.25,12.64
2025-01-26T15:17:52Z,16.34,6.36,59.89,29.21,29.15,259.73,14.69
2025-01-26T16:59:36Z,21.45,5.99,68.75,75.73,26.9,186.83,10.02
2025-01-26T18:43:38Z,13.14,6.0,73.91,37.37,17.49,101.64,12.61
2025-01-26T20:41:54Z,10.27,6.77,72.4,41.42,13.57,115.25,11.18
2025-01-26T22:04:47Z,26.09,6.55,64.98,71.38,25.36,112.29,19.33
2025-01-27T00:10:57Z,16.24,6.43,76.73,27.37,11.77,101.46,17.37
2025-01-27T02:09:22Z,20.72,5.52,75.32,30.67,17.24,110.77,10.91
2025-01-27T03:37:16Z,16.89,5.71,75.17,26.76,13.64,146.35,17.51
2025-01-27T05:19:57Z,28.81,5.82,64.82,21.69,14.35,55.47,8.66
2025-01-27T06:53:41Z,13.68,6.46,75.24,50.76,19.25,119.94,10.3
2025-01-27T08:37:49Z,21.98,5.99,74.65,30.62,12.17,141.77,5.34
2025-01-27T10:03:13Z,21.56,6.43,63.55,63.21,22.08,128.84,7.82
2025-01-27T12:18:13Z,24.69,5.59,69.56,37.5,10.58,43.92,11.67
2025-01-27T13:43:11Z,11.11,6.8,73.52,36.32,18.24,107.13,21.24
2025-01-27T15:48:16Z,26.67,6.45,68.18,66.33,39.39,140.31,6.36
2025-01-27T17:21:37Z,16.0,6.15,77.63,42.39,13.02,124.23,15.4
2025-01-27T19:16:20Z,29.16,6.38,72.36,69.12,18.18,187.05,13.72
2025-01-27T20:28:35Z,25.13,5.94,63.53,40.28,22.21,114.97,4.66
2025-01-27T22:47:25Z,24.76,6.5,76.92,46.52,35.65,196.11,14.57
2025-01-28T00:13:54Z,27.17,6.05,65.99,62.83,30.43,129.64,9.12
2025-01-28T01:48:29Z,25.4,7.42,69.56,48.23,34.79,119.37,8.83
2025-01-28T03:38:32Z,20.32,6.29,66.81,67.63,33.29,153.64,11.4
2025-01-28T05:26:04Z,25.49,6.84,65.94,41.25,33.89,191.09,14.28
2025-01-28T07:54:07Z,23.26,7.3,66.84,41.92,20.68,190.26,15.63
2025-01-28T08:51:27Z,21.79,6.35,71.76,53.35,17.48,140.57,9.74
2025-01-28T10:50:57Z,27.99,6.43,75.45,81.14,20.99,182.32,8.59
2025-01-28T13:02:37Z,24.75,6.62,68.0,87.22,39.18,194.49,15.64
2025-01-28T14:31:12Z,28.34,6.27,75.11,50.12,39.98,164.59,15.09
2025-01-28T15:57:55Z,22.56,6.39,70.41,95.93,22.42,172.29,7.41
2025-01-28T17:56:37Z,24.58,6.69,63.0,71.71,25.46,196.88,8.94
2025-01-28T19:15:07Z,24.02,6.34,61.53,41.19,25.88,157.11,11.74
2025-01-28T21:39:04Z,15.92,5.87,70.36,28.32,13.99,141.87,13.49
2025-01-28T22:54:39Z,21.78,6.42,65.07,53.23,33.92,193.85,14.44
2025-01-29T01:07:46Z,27.36,5.86,67.42,74.68,32.8,188.85,14.68
2025-01-29T02:23:46Z,25.15,6.23,67.86,36.35,5.09,77.03,14.08
2025-01-29T04:11:04Z,26.3,6.08,70.32,69.72,29.6,190.85,12.48
2025-01-29T06:19:05Z,20.52,6.89,51.06,28.31,16.1,161.17,16.09
2025-01-29T08:07:19Z,22.73,5.82,64.98,63.26,21.09,186.88,10.34
2025-01-29T09:57:24Z,17.24,6.6,67.7,60.0,32.3,138.65,17.05
2025-01-29T11:44:05Z,25.26,6.99,60.92,58.53,24.99,154.9,12.21
2025-01-29T13:40:02Z,28.51,5.58,77.32,49.35,33.54,165.86,11.25
2025-01-29T14:59:39Z,26.41,6.27,60.62,92.55,37.02,126.57,13.0
2025-01-29T16:55:26Z,28.95,6.42,75.59,89.87,17.47,196.5,18.52
2025-01-29T18:10:42Z,12.04,6.35,66.18,41.47,24.35,125.73,11.24
2025-01-29T19:59:04Z,23.91,5.57,73.22,47.84,33.74,126.69,13.83
2025-01-29T22:23:22Z,27.84,5.53,63.51,52.82,34.12,194.21,7.45
2025-01-29T23:53:57Z,11.49,7.44,54.09,37.24,15.29,170.17,12.5
2025-01-30T01:44:14Z,22.98,6.43,76.17,41.25,11.16,109.93,9.49
2025-01-30T03:19:07Z,15.83,6.21,74.16,59.9,12.19,101.58,10.95
2025-01-30T04:52:40Z,19.6,6.32,72.53,32.57,16.16,111.18,16.95
2025-01-30T06:45:16Z,28.85,6.06,78.7,63.57,19.09,185.08,10.39
2025-01-30T08:25:10Z,23.25,7.13,62.13,52.55,38.38,118.46,10.72
2025-01-30T10:10:42Z,27.36,6.01,65.66,79.81,36.82,149.34,11.88
2025-01-30T12:05:07Z,21.98,6.41,76.14,35.75,19.93,148.0,11.92
2025-01-30T14:13:08Z,24.03,7.22,69.37,58.49,29.4,118.02,15.85
2025-01-30T15:55:55Z,24.07,5.58,63.66,31.73,5.66,77.9,8.64
2025-01-30T16:54:44Z,22.08,6.34,79.83,30.37,13.65,116.42,9.76
2025-01-30T19:11:32Z,28.94,6.27,64.28,76.17,22.57,174.9,10.13
2025-01-30T20:55:32Z,27.41,6.01,63.73,70.54,31.46,156.71,17.29
2025-01-30T22:34:00Z,16.73,6.28,71.57,50.48,18.38,105.11,12.92
2025-01-31T00:36:02Z,10.33,6.16,68.73,73.9,30.96,113.99,14.24
2025-01-31T01:38:36Z,24.92,6.29,68.59,72.34,20.76,184.29,13.98
2025-01-31T03:55:56Z,22.29,6.13,66.54,54.76,36.46,155.63,11.19
2025-01-31T05:52:40Z,23.88,6.22,67.15,25.67,14.58,54.23,11.31
2025-01-31T07:31:08Z,28.34,5.97,84.11,52.36,32.7,165.09,8.9
2025-01-31T08:55:09Z,25.73,7.38,60.39,70.45,39.28,185.19,8.02
2025-01-31T11:14:37Z,19.59,7.1,53.25,36.94,27.15,186.56,15.38
2025-01-31T12:15:35Z,29.75,6.93,61.09,45.16,38.71,113.94,12.48
2025-01-31T14:39:44Z,21.46,6.06,70.13,90.69,22.48,180.25,5.56
2025-01-31T15:53:55Z,28.19,6.28,76.27,73.25,21.65,150.38,12.0
2025-01-31T17:55:14Z,22.91,6.06,78.32,37.44,12.76,136.46,13.85
2025-01-31T19:57:14Z,20.18,6.42,79.39,51.04,12.5,120.61,4.35
2025-01-31T21:32:40Z,24.87,6.02,77.88,58.06,15.02,182.83,8.17
2025-01-31T22:47:31Z,28.73,6.75,60.14,70.36,24.98,123.31,9.7
2025-02-01T00:47:45Z,24.58,5.88,60.44,43.76,21.8,135.66,11.98
2025-02-01T02:05:56Z,28.22,6.35,70.82,88.59,17.02,170.29,3.88
2025-02-01T04:04:35Z,21.34,6.14,66.86,84.17,31.4,189.48,7.8
2025-02-01T05:47:53Z,25.92,6.76,68.96,50.19,36.25,167.97,8.8
2025-02-01T07:28:14Z,18.46,6.9,61.85,46.03,23.64,139.26,16.81
2025-02-01T09:00:51Z,25.18,6.11,66.08,67.09,22.85,114.19,11.44
2025-02-01T11:24:51Z,23.01,6.78,62.78,88.55,32.37,143.69,7.2
2025-02-01T12:56:02Z,17.55,7.06,50.09,20.56,28.98,252.69,10.67
2025-02-01T15:00:09Z,21.14,5.84,68.65,38.18,7.77,67.24,12.93
2025-02-01T16:28:24Z,17.25,5.85,62.37,68.09,26.78,105.97,17.1
2025-02-01T18:10:16Z,28.45,6.45,68.99,65.11,23.5,121.19,14.03
2025-02-01T20:10:32Z,21.43,7.17,60.53,58.86,35.6,172.22,13.45
2025-02-01T21:32:55Z,24.18,5.86,68.51,39.75,9.45,48.08,10.95
2025-02-01T23:39:11Z,13.08,6.97,58.91,24.9,25.65,188.32,15.42
2025-02-02T01:10:38Z,24.04,5.68,62.59,77.8,30.58,189.39,3.24
2025-02-02T02:57:50Z,27.46,6.0,64.98,37.44,5.74,42.78,4.44
2025-02-02T05:07:18Z,15.83,6.48,51.11,20.07,22.08,166.42,12.35
2025-02-02T06:38:51Z,26.19,6.38,71.42,69.1,17.02,157.57,15.19
2025-02-02T08:18:46Z,23.48,6.4,68.68,45.83,38.14,176.01,12.99
2025-02-02T10:03:53Z,19.36,5.74,79.25,35.25,11.75,133.39,14.99
2025-02-02T11:33:13Z,17.82,6.32,75.76,22.68,16.7,104.15,15.51
2025-02-02T13:53:47Z,20.01,6.56,65.27,53.49,37.99,144.64,10.82
2025-02-02T15:34:08Z,12.91,6.75,72.41,48.79,15.66,113.74,9.68
2025-02-02T17:29:59Z,25.68,6.28,63.45,62.18,35.05,129.01,12.23
2025-02-02T19:01:03Z,28.88,6.78,77.07,95.89,25.89,169.94,12.91
2025-02-02T20:54:32Z,25.79,6.05,79.92,56.16,32.89,160.6,12.78
2025-02-02T22:33:51Z,21.2,6.75,64.58,50.32,20.38,160.27,12.6
2025-02-03T00:05:51Z,18.36,6.61,73.17,39.8,11.79,141.77,10.55
2025-02-03T01:43:32Z,16.98,6.01,75.84,55.31,15.03,144.66,12.37
2025-02-03T03:43:09Z,27.09,5.82,69.9,97.83,38.62,140.0,5.24
2025-02-03T05:33:51Z,24.75,6.25,68.29,58.88,32.3,157.85,10.6
2025-02-03T06:57:51Z,23.21,6.47,76.25,84.59,26.19,154.96,10.04
2025-02-03T08:59:44Z,21.21,6.44,68.44,63.16,30.3,123.94,12.47
2025-02-03T10:11:17Z,23.97,6.46,68.91,32.48,14.58,78.78,11.08
2025-02-03T12:18:35Z,17.82,6.01,54.87,28.28,22.71,168.45,14.19
2025-02-03T13:35:49Z,28.47,6.0,84.38,42.86,28.51,112.1,9.44
2025-02-03T15:34:26Z,27.51,6.3,60.11,52.82,38.34,125.59,11.27
2025-02-03T17:04:05Z,18.75,6.77,56.01,21.42,18.06,157.13,12.36
2025-02-03T19:36:00Z,28.89,6.0,86.51,58.33,27.52,129.48,3.89
2025-02-03T21:13:29Z,27.33,6.67,60.16,76.5,32.11,146.1,17.37
2025-02-03T23:01:24Z,19.34,6.2,78.54,50.35,18.4,134.81,5.86
2025-02-04T00:42:27Z,21.57,6.18,69.32,61.93,34.67,187.94,10.24
2025-02-04T01:50:37Z,17.98,6.44,77.26,59.51,18.73,130.26,16.64
2025-02-04T04:15:26Z,16.73,7.27,58.66,33.48,16.0,221.97,8.89
2025-02-04T05:50:30Z,28.88,6.46,62.51,78.56,25.97,164.5,8.88
2025-02-04T07:46:38Z,26.11,6.83,63.93,76.78,33.32,142.27,11.74
2025-02-04T09:41:42Z,23.77,6.31,79.39,39.96,12.44,105.46,8.78
2025-02-04T11:25:24Z,26.5,5.56,62.27,64.7,24.95,112.19,10.67
2025-02-04T12:57:50Z,28.62,6.67,69.68,71.97,36.31,152.27,5.86
2025-02-04T14:43:56Z,29.19,7.26,67.03,45.06,35.11,139.48,10.58
2025-02-04T15:58:33Z,29.21,6.42,60.39,54.54,28.48,154.64,9.5
2025-02-04T18:16:43Z,24.68,5.7,85.47,32.12,36.36,157.87,8.17
2025-02-04T19:17:04Z,27.21,6.14,69.09,50.06,32.9,133.09,12.3
2025-02-04T21:20:56Z,14.08,6.3,74.96,40.47,11.0,107.69,10.71
2025-02-04T23:40:21Z,27.6,6.06,69.82,70.96,23.55,193.63,6.99
2025-02-05T00:59:50Z,26.97,5.66,69.29,85.02,24.29,141.08,13.66
2025-02-05T02:57:12Z,14.15,6.51,74.59,45.28,19.3,140.49,10.99
2025-02-05T04:50:16Z,24.03,6.18,68.04,56.14,28.0,171.02,11.35
2025-02-05T05:51:57Z,29.93,5.71,64.35,25.77,8.5,69.56,14.39
2025-02-05T08:21:52Z,22.98,6.55,72.49,77.8,26.88,167.46,8.82
2025-02-05T10:13:59Z,21.63,6.62,65.56,54.51,30.84,152.19,6.81
2025-02-05T11:26:06Z,23.81,6.06,70.35,64.17,21.76,157.98,9.25
2025-02-05T13:43:05Z,23.43,6.01,69.52,60.81,23.09,164.82,10.08
2025-02-05T14:45:43Z,26.74,5.97,62.76,50.69,30.3,153.97,15.18
2025-02-05T16:48:31Z,26.78,7.21,64.58,69.23,22.89,124.41,14.65
2025-02-05T18:20:20Z,28.37,6.25,86.82,51.7,36.47,121.05,9.0
2025-02-05T19:59:30Z,24.82,6.18,75.22,73.59,16.89,189.7,9.53
2025-02-05T21:37:32Z,14.17,6.76,53.0,32.37,17.59,277.98,11.66
2025-02-05T23:51:58Z,23.24,6.32,64.02,27.45,7.49,54.98,8.65
2025-02-06T01:57:28Z,14.85,6.1,60.39,52.75,20.51,110.87,18.18
2025-02-06T03:22:44Z,24.51,5.54,68.23,33.54,12.11,69.39,17.02
2025-02-06T05:28:14Z,24.21,6.02,69.69,39.96,8.7,74.88,8.94
2025-02-06T07:11:56Z,27.51,5.94,87.51,43.36,39.19,115.98,6.3
2025-02-06T08:28:33Z,11.28,6.3,78.16,46.57,17.61,143.17,8.46
2025-02-06T10:26:17Z,23.95,6.34,69.19,23.0,12.46,76.11,8.32
2025-02-06T11:56:04Z,19.92,7.08,54.81,32.8,27.56,231.29,10.95
2025-02-06T14:10:51Z,28.8,5.51,63.58,80.17,26.39,131.51,7.25
2025-02-06T15:43:00Z,27.13,6.04,75.48,56.71,35.04,100.48,11.61
2025-02-06T17:46:50Z,21.14,6.06,73.72,72.01,18.32,153.37,12.27
2025-02-06T18:37:38Z,12.22,6.84,53.36,39.99,24.79,296.34,10.97
2025-02-06T20:44:11Z,13.84,5.94,68.38,44.43,27.35,102.85,3.82
2025-02-06T22:49:18Z,10.39,5.94,69.49,67.78,20.56,165.55,3.03
2025-02-07T00:36:00Z,28.94,6.0,62.73,21.66,14.22,51.24,10.94
2025-02-07T01:57:16Z,10.07,6.12,51.06,23.23,21.34,269.07,13.33
2025-02-07T03:53:27Z,21.85,6.77,66.17,74.31,37.21,130.82,5.78
2025-02-07T05:21:13Z,27.76,5.84,74.28,47.0,27.79,110.6,9.49
2025-02-07T07:05:13Z,10.69,6.04,76.42,33.77,12.78,120.35,9.84
2025-02-07T09:24:26Z,15.59,5.62,73.04,29.19,13.16,145.48,13.71
2025-02-07T11:14:24Z,21.41,5.57,61.84,27.38,12.87,70.6,8.38
2025-02-07T12:15:34Z,25.63,6.43,62.26,35.05,5.65,67.84,13.97
2025-02-07T14:20:56Z,22.95,6.48,72.38,35.43,11.23,121.21,9.72
2025-02-07T16:12:37Z,26.0,6.24,69.2,59.93,27.85,182.32,12.64
2025-02-07T17:36:52Z,28.86,6.02,64.99,76.62,27.76,171.02,12.74
2025-02-07T19:16:30Z,24.2,6.02,69.28,23.88,6.22,76.52,15.39
2025-02-07T21:22:37Z,27.74,6.28,63.52,37.46,5.42,59.77,10.4
2025-02-07T22:50:07Z,20.82,6.39,71.86,45.11,13.64,132.2,8.27
2025-02-08T01:18:12Z,22.49,6.3,78.82,64.69,17.62,154.7,10.26
2025-02-08T03:00:40Z,20.55,5.7,68.56,23.86,14.12,41.42,12.73
2025-02-08T04:05:45Z,28.75,5.55,76.69,43.44,34.21,146.01,12.0
2025-02-08T06:26:55Z,22.57,6.37,62.96,86.86,38.29,120.65,7.95
2025-02-08T07:26:03Z,29.78,6.08,61.1,47.63,39.23,192.35,11.4
2025-02-08T09:49:06Z,11.99,6.56,73.31,50.97,15.86,128.39,11.34
2025-02-08T11:22:28Z,18.64,6.24,61.04,75.44,32.01,165.87,6.44
2025-02-08T13:10:51Z,25.8,5.67,64.53,60.25,24.37,130.3,6.97
2025-02-08T14:21:49Z,21.14,6.23,79.61,81.09,29.75,174.41,12.22
2025-02-08T16:25:29Z,15.57,5.59,77.45,30.73,10.33,120.82,8.0
2025-02-08T18:22:36Z,25.76,5.55,76.85,53.86,29.39,123.09,15.68
2025-02-08T20:13:15Z,26.57,6.02,78.35,80.47,24.47,190.8,6.6
2025-02-08T22:18:22Z,24.87,6.27,68.07,65.98,35.69,175.32,10.17
2025-02-08T23:56:16Z,21.96,6.13,61.93,98.65,21.93,108.17,12.45
2025-02-09T01:24:02Z,13.92,6.23,71.56,45.96,17.49,139.41,9.95
2025-02-09T03:13:33Z,25.86,6.28,68.33,86.55,37.88,167.81,12.53
2025-02-09T04:27:58Z,20.45,6.28,62.97,41.52,26.28,162.32,15.61
2025-02-09T06:36:54Z,27.49,5.91,68.46,29.31,8.06,58.79,12.22
2025-02-09T08:26:11Z,25.19,6.24,66.22,43.12,27.96,139.18,13.17
2025-02-09T10:33:03Z,28.98,6.91,68.1,64.24,22.2,182.69,10.95
2025-02-09T12:06:13Z,23.09,6.32,73.78,31.03,16.23,128.58,10.92
2025-02-09T13:12:37Z,23.56,6.45,62.07,86.04,25.64,184.09,6.97
2025-02-09T15:37:06Z,28.29,7.33,61.25,62.04,38.59,159.25,7.67
2025-02-09T16:35:02Z,25.53,6.24,82.18,46.62,21.78,143.49,10.05
2025-02-09T18:20:18Z,22.66,6.38,61.13,63.59,29.53,159.46,8.97
2025-02-09T20:11:24Z,12.17,7.42,52.86,21.88,27.79,213.3,7.66
2025-02-09T22:11:47Z,22.67,6.45,67.55,91.19,34.43,156.73,6.37
2025-02-09T23:47:23Z,27.82,6.0,82.88,32.58,35.5,145.24,15.09
2025-02-10T01:57:05Z,26.38,6.05,69.44,62.93,32.35,158.82,10.05
2025-02-10T03:46:32Z,17.37,5.88,74.49,24.03,10.05,116.18,12.68
2025-02-10T05:13:08Z,27.94,6.7,60.28,77.24,36.2,148.46,7.84
2025-02-10T06:49:07Z,24.76,6.12,86.07,37.54,33.48,189.42,12.95
2025-02-10T08:48:24Z,27.77,7.12,60.18,40.24,34.83,177.18,9.34
2025-02-10T11:03:09Z,23.95,5.98,61.96,29.8,6.86,75.46,7.42
2025-02-10T12:17:12Z,14.22,6.02,61.1,61.83,30.43,109.05,9.89
2025-02-10T13:43:51Z,14.38,6.45,78.02,47.37,14.36,129.57,12.15
2025-02-10T15:59:14Z,13.59,6.64,56.98,31.68,18.95,176.24,8.04
2025-02-10T17:54:10Z,26.07,5.56,74.12,34.51,36.67,105.69,5.06
2025-02-10T19:08:25Z,23.26,6.43,70.15,52.3,10.35,141.01,11.55
2025-02-10T21:33:30Z,23.82,5.57,79.56,34.15,17.91,145.74,6.56
2025-02-10T22:46:05Z,23.08,6.87,68.22,70.48,37.0,184.8,12.08
2025-02-11T00:55:32Z,17.37,6.54,54.23,34.12,24.9,196.22,15.28
2025-02-11T02:00:21Z,14.85,7.01,51.0,28.37,16.01,238.26,9.72
2025-02-11T04:03:57Z,17.1,6.85,55.61,33.16,26.06,176.39,10.21
2025-02-11T05:54:19Z,16.44,6.72,54.06,23.39,15.67,237.01,14.4
2025-02-11T07:48:19Z,26.89,6.33,73.76,72.07,21.73,182.25,14.94
2025-02-11T09:25:35Z,23.0,6.43,61.31,24.55,8.24,60.29,7.55
2025-02-11T11:08:33Z,29.44,5.85,62.22,63.89,33.02,137.23,9.57
2025-02-11T12:40:50Z,25.7,6.02,88.16,46.88,36.87,180.73,10.1
2025-02-11T14:08:39Z,17.41,6.46,76.2,37.59,15.67,137.35,16.15
2025-02-11T16:17:37Z,22.32,6.74,71.33,96.69,23.76,169.52,11.61
2025-02-11T17:50:11Z,28.25,6.32,62.11,98.92,25.89,102.9,11.19
2025-02-11T20:16:04Z,28.13,6.3,78.99,95.78,28.26,183.5,9.98
2025-02-11T21:12:07Z,25.4,5.63,68.47,63.5,29.36,113.87,15.94
2025-02-11T23:21:17Z,28.79,6.47,65.5,65.89,29.92,149.95,10.05
2025-02-12T01:00:12Z,16.02,6.74,50.95,38.41,20.46,271.97,7.69
2025-02-12T02:58:54Z,23.14,6.66,63.97,56.35,22.67,152.74,4.89
2025-02-12T04:29:11Z,21.42,5.72,72.27,32.77,18.59,148.55,8.08
2025-02-12T05:52:05Z,23.57,5.83,69.57,69.75,32.33,138.48,7.64
2025-02-12T08:22:09Z,25.85,6.76,78.67,56.46,15.48,179.0,11.49
2025-02-12T10:02:08Z,28.64,5.96,85.49,48.7,24.61,129.5,11.26
2025-02-12T11:50:08Z,21.28,6.46,64.62,51.85,36.93,192.18,13.76
2025-02-12T13:27:37Z,27.25,5.71,74.21,31.96,27.2,169.4,12.41
2025-02-12T15:00:08Z,20.3,7.45,54.39,21.34,25.65,288.29,14.68
2025-02-12T16:43:08Z,11.92,6.05,60.76,70.35,27.57,129.24,8.41
2025-02-12T18:56:15Z,28.5,6.87,63.51,40.26,26.92,137.0,6.94
2025-02-12T20:21:31Z,24.04,6.62,62.0,67.89,37.29,100.79,12.28
2025-02-12T21:55:36Z,29.47,6.28,63.69,35.05,8.14,74.92,8.14
2025-02-12T23:52:44Z,24.02,5.76,80.47,49.9,32.2,152.02,8.88
2025-02-13T01:17:33Z,21.31,6.3,72.97,77.47,27.98,192.19,8.68
2025-02-13T03:34:53Z,25.37,5.6,67.0,65.3,39.14,183.82,10.86
2025-02-13T05:19:17Z,27.67,6.5,74.45,79.28,15.51,171.39,7.38
2025-02-13T07:03:02Z,12.92,6.23,52.69,20.31,20.51,228.21,4.7
2025-02-13T08:11:08Z,29.31,5.61,60.2,31.06,9.42,73.52,7.39
2025-02-13T09:56:42Z,24.46,6.54,77.74,62.29,26.49,178.84,11.03
2025-02-13T11:57:57Z,26.31,6.36,66.72,67.37,22.78,141.92,11.72
2025-02-13T14:05:57Z,26.04,6.0,61.38,68.27,23.05,146.34,9.3
2025-02-13T15:50:25Z,29.44,5.57,83.56,42.19,33.87,108.25,12.17
2025-02-13T17:18:26Z,27.21,7.26,64.45,77.77,30.43,160.72,9.47
2025-02-13T19:35:23Z,20.01,6.69,71.42,33.61,10.11,118.71,13.1
2025-02-13T20:46:18Z,22.2,6.43,60.81,41.58,38.84,131.99,9.86
2025-02-13T22:37:17Z,22.85,6.58,68.81,74.23,21.41,156.95,6.3
2025-02-14T00:19:51Z,23.21,6.4,69.19,22.76,6.75,64.23,12.65
2025-02-14T01:45:10Z,28.68,5.87,72.84,59.33,32.52,146.52,14.79
2025-02-14T04:11:20Z,28.86,6.28,67.11,75.01,37.59,172.59,10.0
2025-02-14T05:57:28Z,25.05,7.22,62.28,45.54,23.99,135.03,12.01
2025-02-14T07:39:34Z,25.78,6.5,74.0,70.89,24.33,150.71,9.78
2025-02-14T09:03:52Z,23.86,5.9,69.18,51.87,39.13,118.5,7.77
2025-02-14T10:28:49Z,17.34,5.52,78.39,20.95,15.07,116.4,15.48
2025-02-14T12:39:09Z,28.54,6.41,82.8,43.75,28.11,168.24,13.69
2025-02-14T14:29:19Z,27.46,6.32,88.44,51.33,38.5,136.97,14.54
2025-02-14T16:12:41Z,25.99,6.27,73.73,68.74,18.75,197.5,11.46
2025-02-14T18:14:10Z,23.75,6.33,64.32,29.92,12.74,49.81,11.16
2025-02-14T19:49:10Z,19.17,5.9,75.94,38.26,12.14,127.66,9.75
2025-02-14T21:02:37Z,17.63,6.2,79.78,32.75,14.09,131.29,15.66
2025-02-14T23:03:40Z,12.98,6.15,50.26,35.51,19.94,294.38,13.22
2025-02-15T00:43:13Z,20.33,6.5,63.12,26.48,12.61,54.26,10.28
2025-02-15T02:37:23Z,22.18,6.5,77.31,92.91,18.36,175.32,14.38
2025-02-15T04:34:56Z,25.23,6.23,69.15,64.39,33.1,164.18,12.16
2025-02-15T05:48:50Z,22.29,6.65,65.82,52.93,24.62,182.96,12.2
2025-02-15T07:24:11Z,23.44,6.26,73.5,25.91,13.92,119.03,12.33
2025-02-15T09:29:29Z,26.43,6.7,77.8,53.16,21.71,161.23,10.27
2025-02-15T11:51:18Z,24.96,6.62,74.24,56.93,22.03,198.14,1.88
2025-02-15T13:14:15Z,27.39,6.23,76.92,64.27,20.16,150.55,10.85
2025-02-15T14:40:58Z,26.74,6.16,67.95,95.42,28.43,171.08,8.18
2025-02-15T16:55:02Z,24.25,6.35,63.24,98.93,34.31,135.99,9.2
2025-02-15T18:29:15Z,16.05,6.48,57.07,33.02,28.98,287.0,11.4
2025-02-15T20:20:34Z,20.02,6.9,66.71,41.19,25.23,142.46,13.18
2025-02-15T22:13:39Z,23.11,6.24,74.86,53.22,21.28,186.37,7.21
2025-02-15T23:43:18Z,27.06,5.76,65.67,88.61,35.74,164.77,6.85
2025-02-16T01:36:16Z,25.29,5.86,61.51,38.7,14.44,63.24,7.98
2025-02-16T03:01:20Z,21.24,5.69,67.39,28.92,6.85,64.66,7.66
2025-02-16T04:55:32Z,24.87,6.66,61.3,87.55,34.81,149.22,4.53
2025-02-16T06:37:51Z,16.01,6.18,72.92,48.68,14.85,139.8,8.28
2025-02-16T08:13:46Z,13.29,6.75,70.77,53.66,17.38,130.34,8.08
2025-02-16T09:58:30Z,15.95,6.71,62.78,48.39,22.84,170.87,11.21
2025-02-16T11:23:32Z,23.76,6.41,79.25,29.06,15.57,125.13,14.82
2025-02-16T14:05:44Z,22.04,6.53,75.99,69.94,18.87,184.72,9.56
2025-02-16T15:02:11Z,17.35,6.21,74.64,36.69,14.31,122.43,7.76
2025-02-16T16:38:29Z,28.11,5.61,85.36,42.75,39.72,116.98,12.23
2025-02-16T19:09:55Z,26.0,5.59,84.47,38.67,33.16,116.45,15.68
2025-02-16T20:40:34Z,27.41,6.42,70.77,81.18,23.59,165.36,6.29
2025-02-16T22:13:29Z,25.39,6.66,68.64,50.87,26.65,106.8,12.59
2025-02-16T23:58:03Z,25.2,5.74,64.2,25.77,13.83,67.53,9.73
2025-02-17T02:03:51Z,11.41,6.02,56.36,33.12,22.8,270.67,9.48
2025-02-17T03:33:38Z,20.1,6.97,55.88,39.9,23.28,233.76,9.77
2025-02-17T05:06:03Z,27.01,5.69,72.69,54.92,27.75,109.44,6.35
2025-02-17T07:05:09Z,22.42,6.26,75.52,32.47,15.9,148.48,11.35
2025-02-17T08:40:18Z,26.17,6.32,85.99,43.95,24.48,162.02,11.83
2025-02-17T10:34:53Z,19.78,6.91,69.07,52.71,24.14,113.97,13.39
2025-02-17T12:49:52Z,28.44,6.42,67.51,52.94,34.91,117.02,7.84
2025-02-17T14:07:10Z,24.89,6.77,74.78,66.31,19.59,150.38,10.97
2025-02-17T16:06:05Z,10.9,7.15,59.11,22.84,17.94,234.27,9.75
2025-02-17T17:50:17Z,16.42,6.6,70.27,47.8,11.12,114.83,14.24
2025-02-17T19:48:35Z,10.86,6.52,55.46,24.34,18.39,208.78,8.66
2025-02-17T21:22:46Z,22.17,6.73,69.73,72.5,28.27,121.85,7.32
2025-02-17T23:14:15Z,27.38,6.18,73.4,56.07,31.46,199.43,7.24
2025-02-18T00:21:24Z,21.58,6.01,69.91,31.63,12.85,73.22,8.88
2025-02-18T02:51:51Z,24.35,6.09,62.81,25.01,10.46,59.33,10.69
2025-02-18T03:46:11Z,13.85,7.19,54.64,24.15,28.41,216.17,9.95
2025-02-18T06:07:09Z,23.39,5.89,73.44,33.75,15.0,133.77,6.37
2025-02-18T07:56:32Z,20.67,5.61,76.92,37.74,10.38,141.25,10.17
2025-02-18T09:36:15Z,21.16,6.44,74.09,34.21,13.15,124.26,6.86
2025-02-18T10:49:10Z,25.77,6.26,66.31,73.34,36.07,108.9,9.44
2025-02-18T12:27:12Z,15.65,6.04,61.49,55.62,30.09,157.81,9.9
2025-02-18T14:15:50Z,21.57,6.15,63.5,53.53,22.19,186.11,9.21
2025-02-18T16:13:09Z,24.05,6.2,72.25,36.6,23.35,181.82,8.78
2025-02-18T18:28:34Z,23.44,6.01,66.52,68.08,25.17,198.31,13.72
2025-02-18T19:24:31Z,22.52,5.74,75.12,38.85,18.74,135.73,9.49
2025-02-18T21:42:41Z,29.4,6.78,70.17,70.33,22.75,189.1,10.91
2025-02-18T23:08:51Z,17.25,5.72,74.9,26.68,15.8,102.73,8.0
2025-02-19T01:33:39Z,27.34,6.6,63.23,72.59,24.73,112.48,11.2
2025-02-19T02:58:08Z,23.48,7.43,61.33,56.54,36.89,130.09,12.28
2025-02-19T05:03:10Z,28.92,6.24,61.3,79.08,25.55,181.0,9.16
2025-02-19T05:56:20Z,13.95,7.18,51.63,34.12,27.69,222.64,6.63
2025-02-19T07:49:11Z,27.29,5.64,79.5,47.54,38.73,179.7,13.85
2025-02-19T09:28:04Z,21.33,6.44,77.5,65.9,21.73,161.87,8.91
2025-02-19T11:46:22Z,17.68,7.47,59.26,21.41,15.22,197.9,11.94
2025-02-19T13:26:25Z,17.35,6.06,75.09,35.21,11.58,141.82,11.64
2025-02-19T14:56:26Z,28.75,5.54,82.07,49.33,30.58,198.96,14.53
2025-02-19T17:20:11Z,28.73,7.09,63.5,53.29,21.17,110.82,8.88
2025-02-19T19:01:52Z,28.87,5.93,86.65,56.72,22.29,162.15,9.5
2025-02-19T20:43:15Z,22.41,5.66,65.67,35.78,7.01,77.32,9.23
2025-02-19T22:09:44Z,10.05,6.42,59.57,26.69,23.36,204.28,13.94
2025-02-19T23:41:25Z,19.74,6.35,78.68,36.08,17.98,126.18,9.14
2025-02-20T01:41:02Z,28.53,6.24,89.6,37.88,39.25,147.32,8.37
2025-02-20T03:44:48Z,10.26,6.42,65.65,70.72,35.85,177.04,9.51
2025-02-20T04:53:52Z,11.58,7.42,50.16,36.14,23.32,153.32,5.8
2025-02-20T06:56:57Z,15.61,6.44,64.4,41.77,29.21,144.51,3.75
2025-02-20T08:31:46Z,21.81,6.53,70.23,89.72,25.06,196.79,13.54
2025-02-20T10:05:35Z,12.66,5.89,61.49,73.6,31.27,145.24,8.53
2025-02-20T12:17:19Z,17.77,6.02,75.91,22.94,15.49,108.8,8.5
2025-02-20T14:00:23Z,15.89,6.35,78.44,25.67,19.18,113.05,11.33
2025-02-20T15:30:15Z,25.3,6.53,70.76,53.38,16.39,168.53,11.25
2025-02-20T17:08:27Z,17.15,6.92,62.1,45.47,22.96,183.52,8.51
2025-02-20T19:25:26Z,21.88,6.2,60.37,52.33,34.57,179.51,9.77
2025-02-20T20:39:51Z,26.34,5.69,73.65,56.01,30.86,191.96,11.05
2025-02-20T22:39:39Z,29.21,6.4,65.55,87.54,32.44,160.08,8.75
2025-02-21T00:17:12Z,18.69,6.13,56.5,22.84,26.91,191.8,13.72
2025-02-21T02:19:59Z,15.07,6.13,61.48,74.02,30.76,137.52,9.41
2025-02-21T03:33:17Z,25.64,6.3,68.9,40.02,34.7,111.24,7.37
2025-02-21T05:13:01Z,17.19,5.84,63.91,45.89,28.39,125.28,10.18
2025-02-21T07:34:52Z,29.4,5.98,61.22,60.22,36.44,151.64,9.6
2025-02-21T09:20:56Z,24.11,5.61,69.64,74.12,33.22,107.27,5.98
2025-02-21T10:35:50Z,27.99,6.03,68.29,59.47,26.99,160.81,8.16
2025-02-21T12:21:03Z,25.29,6.74,65.9,85.55,24.66,195.94,9.8
2025-02-21T14:29:27Z,23.59,6.05,68.4,52.07,26.5,125.17,12.09
2025-02-21T16:32:13Z,25.17,6.27,64.1,87.93,26.9,130.69,10.99
2025-02-21T18:08:04Z,18.26,6.35,65.59,49.29,39.73,133.4,11.3
2025-02-21T19:20:57Z,25.77,6.04,80.36,53.55,23.69,109.85,9.89
2025-02-21T21:43:21Z,15.04,6.16,54.5,33.8,15.27,281.26,7.71
2025-02-21T23:13:49Z,23.23,5.77,67.16,21.82,12.82,65.53,8.67
2025-02-22T00:41:26Z,10.6,7.39,56.54,33.82,29.62,196.7,7.46
2025-02-22T02:54:35Z,29.07,5.53,67.53,34.77,11.17,67.84,11.94
2025-02-22T04:47:16Z,22.66,6.65,75.31,50.79,11.25,111.0,5.63
2025-02-22T06:30:43Z,26.55,5.67,87.95,45.38,33.72,133.47,13.42
2025-02-22T07:38:52Z,28.0,5.67,83.25,34.17,30.21,128.94,11.4
2025-02-22T10:00:11Z,23.69,5.52,68.2,84.97,32.61,114.21,9.19
2025-02-22T11:04:57Z,23.66,6.3,66.84,40.16,30.0,199.87,8.84
2025-02-22T13:29:02Z,20.82,6.03,79.76,30.11,18.33,115.02,9.59
2025-02-22T14:55:42Z,27.35,6.11,71.08,46.04,38.73,168.01,5.75
2025-02-22T16:44:20Z,15.97,6.4,73.29,42.15,16.09,112.0,7.64
2025-02-22T18:08:52Z,25.34,5.96,61.72,37.64,9.84,55.4,5.81
2025-02-22T20:03:02Z,28.93,6.0,73.99,49.33,27.89,139.95,7.49
2025-02-22T22:15:58Z,25.61,6.31,78.31,54.8,33.14,185.83,3.61
2025-02-22T23:51:53Z,23.41,7.04,64.63,59.37,22.81,148.83,9.89
2025-02-23T01:54:47Z,18.84,6.75,59.2,30.6,19.96,256.6,7.79
2025-02-23T02:51:40Z,23.15,6.51,74.61,32.08,12.18,108.17,8.39
2025-02-23T04:56:48Z,24.2,6.1,66.89,43.92,39.26,176.21,8.14
2025-02-23T06:36:13Z,26.89,6.13,68.91,58.01,36.25,145.23,10.68
2025-02-23T08:27:11Z,23.88,6.24,70.12,31.79,11.68,145.26,12.45
2025-02-23T10:07:06Z,14.9,6.55,72.46,56.17,13.7,137.66,8.74
2025-02-23T12:16:21Z,28.51,5.54,61.13,82.37,33.32,111.55,8.92
2025-02-23T14:09:47Z,11.97,6.71,69.63,58.35,36.7,127.18,9.19
2025-02-23T15:21:12Z,19.3,7.27,54.84,29.17,26.4,158.29,9.04
2025-02-23T17:30:36Z,28.75,5.75,85.06,40.69,24.69,102.16,6.81
2025-02-23T18:30:44Z,29.43,6.2,73.49,30.72,22.55,104.33,6.95
2025-02-23T20:37:54Z,26.4,7.13,61.46,44.99,28.1,123.77,5.99
2025-02-23T22:09:26Z,16.44,6.47,54.57,25.63,28.75,163.5,5.69
2025-02-24T00:19:09Z,20.87,7.33,55.41,31.49,18.74,188.51,8.15
2025-02-24T01:37:05Z,23.05,6.31,65.4,45.39,30.97,124.84,6.87
2025-02-24T03:55:21Z,22.63,6.56,61.19,73.24,38.61,185.97,7.12
2025-02-24T05:18:37Z,27.22,6.49,67.62,39.75,11.23,67.32,11.02
2025-02-24T06:46:13Z,20.76,6.01,75.2,20.71,19.51,105.31,10.61
2025-02-24T08:29:41Z,26.52,5.97,61.11,22.14,8.93,63.38,9.3
2025-02-24T11:11:21Z,20.03,6.04,63.59,54.26,23.75,113.33,7.43
2025-02-24T11:58:55Z,24.79,6.16,81.04,56.97,38.83,178.86,9.48
2025-02-24T13:48:33Z,23.43,5.82,78.89,28.22,16.23,134.99,11.44
2025-02-24T15:29:01Z,18.02,6.73,70.81,32.94,17.47,113.46,4.17
2025-02-24T17:56:47Z,23.92,5.95,79.41,50.69,30.15,165.95,6.48
2025-02-24T19:30:21Z,21.7,5.99,68.92,97.42,39.23,111.09,4.64
2025-02-24T20:59:25Z,27.32,6.32,72.33,59.22,29.55,167.8,7.95
2025-02-24T22:30:21Z,25.1,6.54,74.77,71.0,27.62,182.86,6.25
2025-02-25T00:16:52Z,28.68,6.43,75.19,33.67,32.77,164.78,11.07
2025-02-25T01:57:57Z,20.36,7.19,56.24,20.68,27.16,250.03,10.06
2025-02-25T04:15:38Z,21.49,5.72,67.51,36.34,5.6,46.0,7.74
2025-02-25T06:23:56Z,21.46,6.32,79.03,37.73,15.34,138.57,12.49
2025-02-25T07:16:18Z,22.9,6.67,65.18,72.89,24.73,192.91,10.68
2025-02-25T09:21:50Z,28.36,6.09,74.91,57.43,27.8,177.34,2.87
2025-02-25T11:10:38Z,28.88,7.05,63.88,60.01,32.2,135.08,6.34
2025-02-25T13:23:24Z,18.28,6.04,78.96,34.88,15.98,145.66,5.76
2025-02-25T15:08:32Z,24.44,6.39,78.07,41.5,35.28,153.34,11.41
2025-02-25T16:39:27Z,24.63,6.31,65.04,69.76,30.25,154.74,8.41
2025-02-25T17:47:11Z,28.94,6.3,65.54,73.6,32.74,191.85,9.21
2025-02-25T20:24:22Z,23.8,6.76,76.27,82.6,23.26,164.19,6.45
2025-02-25T21:47:55Z,19.0,6.25,72.56,46.03,12.85,149.73,14.25
2025-02-25T23:04:07Z,26.52,6.56,66.47,61.2,32.84,149.53,9.97
2025-02-26T01:08:50Z,24.65,6.31,72.07,63.85,17.53,157.09,9.44
2025-02-26T02:40:30Z,26.25,5.59,88.55,52.04,24.03,175.22,9.64
2025-02-26T04:51:30Z,27.66,6.43,69.32,52.78,21.87,121.68,11.8
2025-02-26T06:40:19Z,16.72,6.34,72.95,37.35,10.04,131.41,11.4
2025-02-26T08:20:47Z,28.57,6.28,60.44,26.13,13.45,71.9,7.32
2025-02-26T09:56:03Z,10.73,6.21,78.77,56.48,10.21,115.02,8.26
2025-02-26T11:52:06Z,19.74,5.83,67.88,74.34,23.81,139.57,4.09
2025-02-26T13:22:13Z,22.7,6.21,61.63,93.08,31.28,136.99,6.58
2025-02-26T15:11:58Z,23.16,6.48,67.27,52.86,39.01,106.03,4.89
2025-02-26T16:34:57Z,22.11,6.02,61.87,20.52,5.99,79.67,9.15
2025-02-26T18:40:18Z,28.48,5.79,84.22,58.89,38.91,169.21,9.73
2025-02-26T20:32:23Z,23.85,6.36,69.27,61.34,37.15,154.43,7.59
2025-02-26T22:23:55Z,26.68,5.84,68.43,73.87,20.29,115.02,9.62
2025-02-26T23:58:14Z,18.48,7.28,57.87,36.51,18.33,271.05,13.31
2025-02-27T01:50:35Z,28.17,6.33,65.67,68.97,21.42,189.48,6.08
2025-02-27T03:20:13Z,11.74,6.06,61.77,74.41,37.03,121.38,9.67
2025-02-27T05:26:19Z,13.94,6.57,50.31,33.49,16.31,158.93,6.13
2025-02-27T06:57:32Z,26.87,5.71,72.4,32.99,33.12,140.24,9.25
2025-02-27T08:29:36Z,29.79,6.69,61.76,50.66,32.68,138.44,6.3
2025-02-27T10:36:39Z,28.48,6.11,65.37,97.81,20.5,189.09,5.94
2025-02-27T12:20:48Z,20.09,6.04,73.88,26.13,19.67,108.44,7.56
2025-02-27T14:19:06Z,22.83,6.65,74.86,44.96,12.86,147.94,8.08
2025-02-27T15:43:51Z,19.39,6.12,53.46,31.99,17.53,229.33,14.55
2025-02-27T17:25:28Z,24.6,7.02,62.97,57.13,27.37,127.06,8.9
2025-02-27T19:02:49Z,18.48,6.01,76.82,30.59,16.69,138.67,8.24
2025-02-27T21:09:06Z,24.83,5.87,68.36,78.79,37.81,135.92,9.57
2025-02-27T22:34:04Z,29.91,6.02,60.62,35.5,14.82,78.73,8.38
2025-02-27T23:58:56Z,26.15,6.61,77.93,89.6,22.26,178.91,7.7
2025-02-28T02:41:57Z,14.89,6.62,72.21,59.96,14.22,114.36,9.76
2025-02-28T03:50:04Z,26.71,6.63,70.69,76.96,20.66,196.71,12.6
2025-02-28T06:00:42Z,15.65,6.32,71.27,57.68,17.63,106.4,8.74
2025-02-28T07:54:47Z,16.68,6.75,58.37,22.32,27.78,155.84,7.62
2025-02-28T09:21:39Z,18.42,6.58,75.94,44.72,11.34,117.07,11.17
2025-02-28T11:07:40Z,11.13,6.46,69.47,42.08,30.97,157.18,9.38
2025-02-28T12:16:19Z,27.76,5.63,60.86,26.24,12.25,61.31,7.49
2025-02-28T14:30:13Z,17.68,6.6,78.35,45.3,12.31,114.29,7.3
2025-02-28T16:08:53Z,26.22,6.22,70.19,80.04,25.2,196.64,9.17
2025-02-28T18:08:36Z,27.21,6.21,61.56,74.39,37.72,163.74,8.12
2025-02-28T19:34:24Z,26.07,5.98,62.88,74.53,27.15,128.94,10.0
2025-02-28T21:05:12Z,23.03,6.22,66.24,71.51,23.48,183.39,5.26
2025-02-28T22:58:48Z,16.37,6.31,74.56,29.65,16.98,115.87,6.77
2025-03-01T01:19:07Z,24.57,6.65,73.09,91.29,21.95,175.57,9.88
2025-03-01T02:46:59Z,24.77,6.62,68.07,55.29,39.25,124.56,8.99
2025-03-01T04:10:53Z,28.57,7.43,60.56,55.65,31.76,115.56,2.87
2025-03-01T06:32:05Z,27.74,5.58,67.23,30.23,7.53,45.07,8.38
2025-03-01T08:08:29Z,20.78,5.71,72.89,31.34,12.85,138.18,8.45
2025-03-01T09:58:01Z,15.29,7.29,51.81,21.78,17.98,239.74,7.03
2025-03-01T11:19:43Z,12.96,6.93,63.83,51.42,37.61,135.68,12.24
2025-03-01T13:10:18Z,26.68,6.49,60.23,84.11,30.18,199.69,9.01
2025-03-01T14:34:39Z,26.06,6.39,68.5,25.89,9.38,47.44,9.02
2025-03-01T16:37:09Z,22.88,7.42,61.27,46.9,27.99,174.39,2.68
2025-03-01T18:23:07Z,21.6,6.07,69.7,71.2,20.25,135.6,9.87
2025-03-01T20:43:38Z,10.82,6.18,52.22,31.31,25.64,159.74,6.24
2025-03-01T21:37:39Z,10.84,6.64,54.54,37.61,21.11,182.69,9.18
2025-03-01T23:59:02Z,21.91,6.58,69.11,88.26,23.26,125.49,6.74
2025-03-02T01:57:30Z,23.09,6.14,67.21,32.45,11.89,60.98,7.82
2025-03-02T03:37:37Z,25.29,5.51,61.22,67.81,24.38,114.97,7.9
2025-03-02T05:12:44Z,23.47,6.07,69.67,55.65,28.77,175.81,6.58
2025-03-02T06:17:25Z,11.7,6.72,71.86,39.09,15.61,148.79,9.52
2025-03-02T08:21:26Z,27.22,6.36,63.22,77.17,33.06,156.2,6.78
2025-03-02T10:18:59Z,21.98,7.35,66.53,54.43,22.31,154.07,7.78
2025-03-02T12:17:22Z,28.67,6.14,76.28,87.51,20.1,150.2,8.26
2025-03-02T14:04:42Z,27.53,6.06,64.24,98.21,38.61,160.01,8.89
2025-03-02T15:26:37Z,25.61,6.07,72.57,40.95,29.18,135.87,12.13
2025-03-02T17:24:06Z,19.54,6.01,53.7,37.45,22.85,207.54,7.38
2025-03-02T19:04:19Z,22.1,6.34,61.81,39.92,8.73,72.26,10.31
2025-03-02T21:08:34Z,21.61,6.49,77.76,49.47,15.28,101.77,9.51
2025-03-02T22:26:52Z,27.61,6.43,61.09,42.47,25.92,132.85,9.44
2025-03-03T00:17:28Z,16.35,6.86,55.51,37.09,25.06,229.38,10.03
2025-03-03T02:09:01Z,22.46,6.54,71.4,93.63,22.91,159.03,8.15
2025-03-03T03:32:58Z,11.92,5.93,66.85,61.7,33.61,120.26,5.13
2025-03-03T05:05:53Z,23.42,6.01,62.37,64.98,24.58,142.55,6.12
2025-03-03T07:32:45Z,16.19,7.32,57.62,36.95,20.27,269.1,9.81
2025-03-03T08:39:04Z,15.41,6.62,60.98,65.6,23.31,162.52,8.45
2025-03-03T10:28:43Z,21.48,6.04,70.84,85.93,19.14,173.74,5.42
2025-03-03T12:33:32Z,21.89,6.94,68.2,74.71,31.04,108.29,5.69
2025-03-03T14:23:34Z,21.53,6.32,62.47,68.95,36.16,154.09,10.21
2025-03-03T16:12:21Z,28.9,7.5,61.05,60.76,20.36,169.63,11.25
2025-03-03T17:31:52Z,13.25,6.14,77.09,54.36,13.39,114.97,8.19
2025-03-03T19:05:16Z,24.2,5.61,65.32,97.27,34.82,196.11,7.97
2025-03-03T21:32:09Z,20.7,6.17,72.52,32.93,18.05,122.72,10.85
2025-03-03T23:09:46Z,28.73,5.87,87.18,36.39,29.19,199.18,11.36
2025-03-04T00:44:23Z,22.94,6.16,70.38,51.75,28.97,190.62,10.36
2025-03-04T02:25:27Z,27.56,6.28,67.9,61.13,31.55,120.49,7.08
2025-03-04T04:26:05Z,15.05,6.2,70.62,59.61,10.53,142.53,10.16
2025-03-04T06:15:20Z,16.81,6.26,73.54,37.06,15.69,149.21,10.48
2025-03-04T07:39:30Z,25.86,6.26,71.99,88.89,26.07,196.03,8.69
2025-03-04T09:42:44Z,26.6,6.46,67.71,98.45,34.71,169.06,10.33
2025-03-04T11:28:14Z,10.35,6.45,75.95,34.05,15.42,104.83,4.29
2025-03-04T12:40:41Z,28.73,5.69,87.62,36.77,30.22,173.51,3.06
2025-03-04T14:31:42Z,20.3,5.67,74.57,30.6,13.77,128.69,10.44
2025-03-04T16:14:25Z,27.01,6.8,66.33,89.76,26.52,124.01,7.78
2025-03-04T18:35:34Z,25.52,5.94,80.62,47.44,38.21,109.18,7.02
2025-03-04T20:29:05Z,21.89,6.11,68.99,99.78,35.07,135.99,11.89
2025-03-04T21:32:30Z,24.3,6.78,79.56,88.76,26.06,196.47,10.47
2025-03-04T23:43:20Z,17.29,6.34,71.63,33.11,18.33,111.01,12.89
2025-03-05T01:41:58Z,18.95,7.2,52.54,38.69,17.08,265.11,6.2
2025-03-05T02:50:39Z,28.35,5.86,65.98,22.4,11.77,79.5,12.38
2025-03-05T04:23:39Z,28.52,5.54,83.6,42.2,21.43,176.13,8.82
2025-03-05T06:21:55Z,27.25,6.31,69.82,38.72,13.46,70.72,7.96
2025-03-05T08:00:24Z,10.77,7.11,53.67,24.02,29.75,233.24,8.65
2025-03-05T10:21:41Z,19.19,6.38,75.06,35.57,14.04,113.11,6.81
2025-03-05T11:51:55Z,21.77,6.13,79.08,60.62,23.07,168.96,8.08
2025-03-05T13:52:27Z,17.6,6.22,61.92,61.52,23.23,196.19,8.32
2025-03-05T15:36:06Z,28.46,6.44,72.24,93.92,16.68,178.06,11.4
2025-03-05T16:40:57Z,27.8,7.2,65.9,45.95,32.94,189.71,7.2
2025-03-05T18:42:03Z,23.27,6.35,77.83,30.6,18.25,112.63,4.92
2025-03-05T20:41:10Z,20.14,5.62,70.71,20.34,15.02,112.43,11.07
2025-03-05T22:03:51Z,24.97,5.54,80.72,36.51,37.38,100.34,6.75
2025-03-05T23:43:04Z,16.04,7.38,57.89,33.69,21.64,246.39,10.06
2025-03-06T02:04:02Z,21.97,7.37,67.17,73.76,34.88,176.36,9.24
2025-03-06T03:43:43Z,27.81,6.36,64.25,60.29,21.07,141.26,8.22
2025-03-06T04:47:08Z,22.95,5.83,69.01,75.49,25.28,141.2,11.46
2025-03-06T06:36:08Z,29.77,6.79,69.32,42.98,27.13,190.94,7.03
2025-03-06T09:14:48Z,23.44,6.22,61.73,81.32,36.98,159.46,9.92
2025-03-06T10:46:43Z,14.91,5.95,66.22,44.29,31.59,140.27,7.81
2025-03-06T12:06:40Z,28.64,6.37,79.7,31.24,34.39,187.65,9.55
2025-03-06T14:30:57Z,10.39,6.06,65.88,66.18,34.78,145.26,10.5
2025-03-06T15:42:46Z,12.71,6.99,54.28,22.54,23.62,178.89,6.9
2025-03-06T17:36:31Z,20.52,5.74,72.37,26.84,18.44,137.65,9.77
2025-03-06T19:08:23Z,21.13,6.87,67.62,41.51,29.68,172.18,8.43
2025-03-06T21:04:58Z,28.99,7.35,63.81,72.71,36.28,138.99,10.73
2025-03-06T22:29:38Z,21.41,6.31,74.79,71.54,16.26,173.23,6.24
2025-03-07T00:15:32Z,27.17,5.59,62.07,89.88,28.24,190.69,5.83
2025-03-07T02:35:38Z,21.9,6.14,64.97,95.55,30.15,126.07,8.71
2025-03-07T03:33:30Z,19.2,6.6,78.63,45.01,16.24,118.74,14.45
2025-03-07T05:37:52Z,18.88,6.25,78.3,35.27,10.78,129.15,10.18
2025-03-07T07:24:52Z,21.44,5.66,64.12,84.03,25.2,124.98,4.41
2025-03-07T08:48:23Z,22.81,6.02,60.69,28.8,11.39,40.57,8.99
2025-03-07T10:55:51Z,20.23,5.6,75.07,22.08,14.49,128.64,7.74
2025-03-07T12:37:51Z,29.29,5.63,69.5,31.88,9.3,55.94,6.48
2025-03-07T14:18:22Z,24.44,5.65,65.91,89.56,20.62,174.47,15.97
2025-03-07T16:06:06Z,23.37,6.89,68.96,56.51,22.38,115.41,8.54
2025-03-07T18:27:44Z,22.2,5.95,62.41,95.2,27.32,120.02,10.59
2025-03-07T19:43:46Z,15.34,6.57,65.55,72.65,33.57,137.37,9.49
2025-03-07T21:58:01Z,27.77,7.27,69.76,79.13,23.96,154.78,15.0
2025-03-07T23:06:33Z,11.68,6.8,54.71,22.1,24.41,195.88,8.34
2025-03-08T00:47:51Z,27.42,6.26,66.04,64.16,28.53,168.68,12.12
2025-03-08T03:02:20Z,21.49,6.1,64.14,68.33,24.88,110.56,13.45
2025-03-08T04:11:54Z,15.92,6.11,76.88,35.93,17.93,148.12,11.06
2025-03-08T06:33:51Z,23.51,5.55,76.87,29.52,15.01,133.87,10.21
2025-03-08T08:14:24Z,27.57,6.05,60.48,21.61,5.97,51.94,11.66
2025-03-08T09:46:08Z,29.02,6.21,61.89,81.09,37.07,185.04,5.94
2025-03-08T11:19:05Z,22.6,6.35,63.06,73.14,33.53,124.53,6.33
2025-03-08T13:09:02Z,10.03,6.61,54.12,34.41,20.74,254.65,7.6
2025-03-08T15:14:04Z,28.58,6.38,75.19,49.22,20.09,154.15,7.26
2025-03-08T16:31:53Z,23.43,5.71,74.01,20.47,15.51,107.3,11.75
2025-03-08T18:47:21Z,21.31,6.03,67.38,54.53,28.95,116.12,10.98
2025-03-08T20:42:29Z,15.53,6.5,55.48,35.65,26.44,252.08,11.37
2025-03-08T21:46:42Z,12.38,6.92,68.08,76.22,38.04,189.03,10.32
2025-03-09T00:06:04Z,17.65,6.87,52.18,28.35,15.61,298.16,7.2
2025-03-09T01:38:43Z,17.74,6.33,74.77,31.97,19.14,120.21,11.36
2025-03-09T03:40:34Z,26.74,6.04,72.05,65.8,17.26,187.83,7.43
2025-03-09T04:42:56Z,15.98,6.99,58.67,30.48,15.01,153.73,7.03
2025-03-09T06:28:52Z,19.14,5.65,71.17,22.31,18.25,149.85,6.08
2025-03-09T08:24:47Z,28.18,5.56,88.01,55.06,36.1,108.59,11.98
2025-03-09T10:37:15Z,17.98,6.46,72.18,42.89,12.95,127.32,10.33
2025-03-09T11:41:15Z,27.1,6.12,64.98,55.26,23.75,163.68,11.03
2025-03-09T13:28:09Z,16.26,6.74,67.39,49.2,24.41,189.26,13.67
2025-03-09T15:52:53Z,20.74,6.19,67.76,24.85,8.92,51.44,11.28
2025-03-09T17:16:33Z,27.83,5.78,83.57,50.22,25.17,121.86,9.39
2025-03-09T19:01:24Z,19.84,7.23,53.33,35.99,18.06,160.63,7.5
2025-03-09T21:14:27Z,15.04,6.46,66.96,59.05,30.02,177.7,13.16
2025-03-09T22:46:52Z,28.68,5.67,69.67,75.2,25.04,101.5,10.92
2025-03-10T00:41:37Z,28.08,6.42,73.21,60.11,28.91,176.09,8.19
2025-03-10T01:46:17Z,28.99,7.36,60.05,76.84,31.83,180.23,10.44
2025-03-10T04:10:32Z,22.86,6.42,65.48,82.13,36.57,151.65,10.16
2025-03-10T05:45:19Z,17.29,5.68,72.54,25.5,17.11,105.91,6.32
2025-03-10T07:30:23Z,23.29,7.17,63.83,77.0,25.38,190.47,6.59
2025-03-10T08:49:22Z,18.27,6.37,71.74,33.98,10.38,110.28,7.46
2025-03-10T10:20:25Z,28.63,5.51,67.16,69.61,20.58,104.33,7.96
2025-03-10T12:28:12Z,26.88,6.13,89.18,42.96,26.89,168.96,13.24
2025-03-10T13:57:52Z,17.8,6.41,59.87,21.66,26.56,298.59,11.35
2025-03-10T16:08:03Z,25.67,6.72,65.64,53.02,25.27,173.08,10.82
2025-03-10T18:03:08Z,21.35,5.54,64.99,54.1,29.83,128.27,6.56
2025-03-10T19:29:21Z,25.45,5.96,68.66,80.49,38.23,171.52,10.17
2025-03-10T21:21:12Z,10.04,6.57,55.01,20.03,27.91,274.22,11.55
2025-03-10T22:43:17Z,28.08,6.13,71.48,40.23,27.78,176.3,10.09
2025-03-11T00:46:49Z,26.64,6.01,69.07,72.94,29.5,137.81,10.89
2025-03-11T02:56:10Z,23.3,5.92,64.63,78.54,25.79,162.79,15.37
2025-03-11T04:17:12Z,26.01,6.7,65.64,58.02,25.05,143.05,7.97
2025-03-11T05:49:14Z,25.68,6.57,62.56,72.32,25.83,183.67,8.8
2025-03-11T08:10:48Z,24.58,6.48,63.63,88.55,20.94,122.78,0.98
2025-03-11T09:18:04Z,13.52,6.56,51.96,28.98,19.54,150.7,14.98
2025-03-11T11:19:08Z,23.89,6.3,63.41,39.12,5.58,62.8,11.75
2025-03-11T13:33:23Z,28.22,6.15,63.6,50.06,20.36,155.09,6.08
2025-03-11T15:18:24Z,24.45,6.19,63.97,90.6,22.59,175.18,6.37
2025-03-11T16:35:30Z,10.99,6.43,55.15,21.78,22.71,181.92,11.42
2025-03-11T18:42:17Z,25.13,7.28,68.72,76.09,27.98,198.89,7.31
2025-03-11T19:37:11Z,15.56,6.16,55.6,26.9,28.46,170.77,5.19
2025-03-11T22:08:31Z,19.91,6.41,53.63,33.48,19.2,275.77,5.97
2025-03-11T23:25:45Z,26.1,5.66,60.58,35.2,8.08,74.36,4.06
2025-03-12T01:28:29Z,27.29,5.57,60.6,39.61,14.89,61.79,13.4
2025-03-12T03:15:01Z,21.35,5.8,68.89,39.25,14.13,48.12,5.42
2025-03-12T05:07:35Z,18.52,6.87,53.5,25.98,18.77,168.14,8.42
2025-03-12T06:58:16Z,23.08,6.31,70.22,25.22,10.06,103.16,10.62
2025-03-12T08:20:46Z,10.09,6.4,65.08,66.36,27.97,133.59,9.64
2025-03-12T10:31:04Z,10.05,6.87,56.94,33.9,29.05,188.89,13.44
2025-03-12T11:36:26Z,21.41,6.03,69.31,74.41,26.23,156.31,5.34
2025-03-12T13:40:06Z,10.97,6.43,53.18,38.54,28.2,292.5,1.52
2025-03-12T14:52:24Z,22.3,6.07,70.6,35.23,11.96,102.94,7.43
2025-03-12T17:12:50Z,25.55,6.14,63.89,51.46,30.46,175.9,5.7
2025-03-12T18:23:09Z,28.03,6.56,64.74,70.16,23.66,148.0,12.41
2025-03-12T20:17:47Z,26.94,6.05,65.82,98.68,39.11,137.8,8.6
2025-03-12T22:10:40Z,27.01,5.74,65.15,23.89,8.35,71.87,12.04
2025-03-13T00:27:43Z,29.23,6.0,62.26,73.37,26.84,160.65,10.91
2025-03-13T01:48:47Z,22.06,6.13,66.26,37.28,11.4,43.1,6.65
2025-03-13T03:25:04Z,23.12,6.01,66.57,82.63,31.01,173.48,8.72
2025-03-13T05:25:18Z,28.23,5.53,63.47,33.32,6.56,49.81,8.82
2025-03-13T06:44:45Z,28.72,6.49,60.71,61.3,37.21,142.72,5.46
2025-03-13T08:26:16Z,15.06,6.74,71.85,40.35,12.58,127.39,10.36
2025-03-13T10:54:27Z,11.14,6.68,58.23,35.38,15.27,221.71,7.65
2025-03-13T12:30:07Z,26.19,6.2,63.44,52.7,20.38,105.55,9.43
2025-03-13T14:22:43Z,13.63,6.47,68.72,69.06,22.57,155.29,6.73
2025-03-13T15:42:18Z,11.08,6.47,74.34,40.58,19.33,133.98,8.62
2025-03-13T17:36:02Z,13.42,6.02,79.27,57.87,18.24,130.69,12.51
2025-03-13T19:38:56Z,24.95,6.46,68.22,75.66,38.39,116.02,9.92
2025-03-13T20:49:08Z,27.61,6.52,61.65,61.92,33.71,189.13,10.35
2025-03-13T22:42:30Z,17.97,6.3,59.3,28.25,25.11,266.02,8.61
2025-03-14T00:52:38Z,27.53,6.6,61.0,67.2,34.76,169.56,6.86
2025-03-14T02:01:38Z,21.98,6.57,76.26,73.2,27.3,190.42,5.92
2025-03-14T04:24:31Z,15.56,6.0,53.67,27.91,15.72,166.29,9.42
2025-03-14T06:08:43Z,20.28,5.75,71.47,30.95,11.3,123.99,8.31
2025-03-14T07:36:14Z,22.17,6.02,63.72,91.98,29.45,167.82,8.75
2025-03-14T09:38:53Z,16.2,6.55,77.97,32.49,16.1,109.2,8.65
2025-03-14T11:01:51Z,26.22,7.17,60.05,52.52,36.76,111.26,8.43
2025-03-14T13:02:27Z,17.33,5.96,65.36,75.67,39.0,102.9,1.84
2025-03-14T14:16:36Z,16.04,5.62,70.39,23.14,11.43,110.27,7.52
2025-03-14T16:43:10Z,16.32,6.33,72.38,30.6,11.85,100.73,11.49
2025-03-14T17:47:26Z,24.58,6.26,73.86,57.15,33.89,105.29,12.71
2025-03-14T20:05:50Z,28.18,5.59,61.86,61.61,22.5,190.29,7.62
2025-03-14T22:04:44Z,20.96,5.93,66.24,35.98,10.47,78.5,12.95
2025-03-14T23:03:05Z,14.34,6.3,74.11,54.04,18.9,127.4,14.23
2025-03-15T01:28:25Z,20.39,5.96,67.06,43.09,24.36,188.78,8.96
2025-03-15T02:42:04Z,21.73,5.93,76.74,38.16,19.36,146.69,6.73
2025-03-15T04:55:50Z,27.04,6.17,66.74,58.57,36.9,118.43,10.04
2025-03-15T06:33:47Z,18.17,6.76,78.28,30.7,19.72,144.17,6.54
2025-03-15T07:48:24Z,25.71,5.76,81.23,33.4,23.83,106.64,10.81
2025-03-15T09:34:56Z,16.03,5.99,71.38,22.02,16.01,104.63,10.71
2025-03-15T11:06:22Z,21.13,6.07,71.89,57.81,17.55,144.37,8.08
2025-03-15T13:22:28Z,24.49,6.74,67.11,43.45,39.05,119.4,8.13
2025-03-15T15:10:10Z,27.43,6.25,77.08,82.51,27.54,186.42,11.9
2025-03-15T16:21:38Z,27.69,6.66,70.73,93.36,22.9,152.13,6.81
2025-03-15T18:47:47Z,22.87,6.47,71.81,43.42,17.43,144.11,11.25
2025-03-15T20:31:30Z,21.19,6.04,66.89,75.26,34.77,137.25,8.23
2025-03-15T22:21:22Z,26.69,6.61,63.07,53.95,27.37,183.21,6.72
2025-03-15T23:26:48Z,25.74,7.31,61.39,58.02,37.9,130.78,10.12
2025-03-16T01:47:27Z,19.4,6.21,67.71,58.58,22.4,101.12,8.01
2025-03-16T03:28:49Z,26.13,6.17,69.33,97.85,33.13,104.19,8.49
2025-03-16T04:55:29Z,24.27,5.99,61.8,42.99,37.79,179.87,7.05
2025-03-16T07:17:52Z,25.81,6.53,67.25,78.26,30.21,145.17,7.22
2025-03-16T08:20:44Z,28.58,6.89,62.1,59.19,28.43,139.72,11.37
2025-03-16T10:36:11Z,27.99,6.49,73.25,30.7,35.46,109.98,10.29
2025-03-16T12:00:27Z,27.54,6.71,66.48,72.4,24.53,140.18,15.39
2025-03-16T14:07:13Z,21.36,7.03,62.41,53.18,30.81,165.77,11.1
2025-03-16T15:46:10Z,27.14,6.46,74.99,97.58,26.78,156.89,11.09
2025-03-16T16:57:44Z,22.29,6.01,61.8,28.41,12.51,46.46,7.68
2025-03-16T18:40:07Z,21.28,6.37,71.67,30.34,16.01,110.48,17.04
2025-03-16T20:32:49Z,25.6,5.96,68.52,94.62,26.15,152.7,15.7
2025-03-16T22:52:43Z,26.27,6.09,78.49,30.82,30.7,184.83,8.86
2025-03-17T00:39:40Z,28.02,6.47,79.84,48.25,33.2,168.23,14.17
2025-03-17T02:17:32Z,17.2,6.94,68.74,58.92,27.29,145.08,6.47
2025-03-17T03:53:03Z,27.49,6.09,67.94,70.48,36.67,197.27,8.23
2025-03-17T05:58:09Z,24.86,5.7,82.08,38.33,37.53,135.09,3.85
2025-03-17T06:58:23Z,28.92,6.47,69.64,54.46,34.84,191.42,6.63
2025-03-17T09:29:31Z,25.74,6.11,69.89,65.2,32.64,115.75,9.04
2025-03-17T10:47:58Z,22.96,6.79,73.3,65.44,17.85,199.66,12.62
2025-03-17T13:03:08Z,17.33,6.68,70.68,52.97,17.77,144.72,12.76
2025-03-17T14:29:45Z,22.63,7.09,67.55,57.88,21.8,124.38,11.2
2025-03-17T15:41:38Z,12.74,6.23,58.3,26.38,24.41,179.68,9.48
2025-03-17T18:09:40Z,23.01,6.3,67.62,66.59,31.18,132.68,11.44
2025-03-17T20:05:57Z,11.24,7.03,54.06,37.93,26.25,158.83,9.35
2025-03-17T21:28:07Z,21.55,6.14,63.58,36.71,13.08,74.51,13.5
2025-03-17T22:51:41Z,24.35,6.72,70.44,75.6,28.09,155.53,8.54
2025-03-18T00:29:51Z,20.23,5.52,61.33,20.57,7.8,67.44,6.12
2025-03-18T02:46:26Z,23.89,6.99,69.54,48.15,24.56,106.88,9.48
2025-03-18T03:58:27Z,25.81,6.72,71.77,50.96,15.99,152.07,5.82
2025-03-18T06:10:31Z,29.14,6.67,60.98,84.77,34.61,178.31,9.36
2025-03-18T08:16:20Z,29.89,6.35,65.98,35.68,11.31,51.23,5.98
2025-03-18T09:55:50Z,27.93,6.2,65.34,40.49,37.97,132.92,9.07
2025-03-18T11:14:13Z,28.47,5.92,65.33,23.89,12.31,61.11,14.03
2025-03-18T12:55:22Z,27.04,6.97,69.1,58.38,34.13,192.52,0.35
2025-03-18T14:46:50Z,12.49,6.03,79.72,52.02,10.58,120.07,8.46
2025-03-18T16:16:34Z,22.07,5.66,69.55,33.8,11.67,42.04,7.37
2025-03-18T18:42:31Z,23.09,6.47,72.48,38.4,12.2,106.74,7.7
2025-03-18T20:20:56Z,27.48,6.36,77.77,42.5,39.13,132.56,4.56
2025-03-18T22:04:26Z,25.44,5.95,85.18,45.44,20.52,164.69,10.1
2025-03-18T23:23:45Z,19.95,6.5,53.95,22.93,21.64,263.89,7.87
2025-03-19T00:53:00Z,26.19,7.14,63.42,59.35,38.41,128.44,1.95
2025-03-19T02:46:00Z,23.29,5.53,79.01,32.62,18.37,112.45,14.35
2025-03-19T04:31:01Z,14.52,6.92,65.86,41.47,22.53,145.06,10.77
2025-03-19T06:58:20Z,23.71,6.52,79.3,53.99,19.13,115.64,13.28
2025-03-19T08:21:21Z,27.79,6.68,61.06,63.58,30.63,157.8,5.69
2025-03-19T10:06:20Z,21.48,6.52,67.35,52.43,22.01,147.99,12.84
2025-03-19T12:18:08Z,12.12,7.23,52.89,32.99,15.74,283.2,10.93
2025-03-19T13:51:40Z,21.04,6.0,66.85,70.14,38.95,195.53,11.15
2025-03-19T15:40:17Z,19.23,7.2,55.72,38.51,23.2,228.96,14.36
2025-03-19T16:57:26Z,27.74,5.9,85.84,34.39,22.77,159.68,10.1
2025-03-19T18:43:45Z,19.48,6.57,77.97,53.32,12.85,131.19,11.27
2025-03-19T20:42:53Z,20.63,7.19,56.23,39.8,16.74,295.81,5.2
2025-03-19T22:01:06Z,25.19,6.11,62.05,72.3,27.05,113.53,8.53
2025-03-20T00:25:11Z,29.44,6.32,62.39,51.21,39.01,139.12,8.71
2025-03-20T02:02:14Z,23.92,6.41,73.21,52.25,28.99,160.44,12.92
2025-03-20T03:50:29Z,28.08,6.29,67.02,74.96,26.91,170.67,15.88
2025-03-20T05:06:43Z,28.76,6.66,77.43,58.96,26.72,154.91,8.81
2025-03-20T07:01:04Z,21.73,5.78,65.5,23.17,8.15,43.71,13.74
2025-03-20T08:56:15Z,24.41,5.84,78.47,52.65,33.05,126.7,4.24
2025-03-20T10:40:58Z,22.01,6.15,64.88,92.11,21.33,178.39,11.54
2025-03-20T12:26:29Z,28.25,7.5,68.61,40.35,22.86,115.1,6.01
2025-03-20T13:49:15Z,24.73,5.77,64.01,25.21,7.25,48.08,5.73
2025-03-20T16:00:21Z,28.92,6.46,71.44,53.58,24.96,178.7,5.6
2025-03-20T17:31:36Z,27.74,6.78,67.28,85.75,31.01,106.92,4.76
2025-03-20T19:44:27Z,21.06,6.89,63.84,79.64,26.43,177.51,11.57
2025-03-20T20:42:37Z,22.55,6.31,65.24,54.39,35.12,146.93,11.57
2025-03-20T23:13:19Z,12.02,6.42,75.0,49.06,17.81,138.6,8.02
2025-03-21T00:55:09Z,14.1,6.01,70.15,57.5,12.07,137.66,8.82
2025-03-21T02:08:07Z,24.35,6.37,63.21,35.58,13.88,57.62,13.89
2025-03-21T04:18:22Z,26.86,5.77,61.54,86.99,27.14,141.3,8.17
2025-03-21T06:18:18Z,21.53,7.49,67.96,61.33,27.68,111.47,5.24
2025-03-21T07:33:09Z,18.02,6.17,53.27,27.94,15.64,277.54,11.98
2025-03-21T09:51:26Z,22.53,6.9,68.58,50.47,39.51,186.1,11.08
2025-03-21T10:41:12Z,24.45,6.32,60.85,69.41,21.79,104.15,8.76
2025-03-21T13:00:35Z,27.16,5.59,74.3,40.55,31.33,173.75,12.92
2025-03-21T15:06:40Z,23.57,6.63,67.61,89.56,39.75,171.22,12.5
2025-03-21T16:06:59Z,16.75,6.17,73.42,37.75,17.8,131.16,14.03
2025-03-21T18:19:51Z,14.2,6.69,54.84,23.75,17.57,293.31,14.39
2025-03-21T19:45:18Z,18.77,6.17,69.96,76.68,31.88,145.13,14.0
2025-03-21T21:57:26Z,10.06,6.53,55.81,29.59,24.28,194.3,13.43
2025-03-21T23:12:52Z,27.03,5.76,89.99,33.45,25.14,160.63,6.55
2025-03-22T01:07:38Z,16.8,6.27,64.38,62.56,21.72,190.71,15.98
2025-03-22T02:49:47Z,17.76,6.24,74.45,33.41,14.45,141.81,13.81
2025-03-22T04:40:18Z,29.38,6.36,61.12,77.76,23.38,155.25,11.75
2025-03-22T06:30:19Z,18.44,6.06,71.35,26.04,14.56,133.59,8.13
2025-03-22T08:00:09Z,27.54,5.96,85.35,38.63,38.0,136.13,11.86
2025-03-22T09:27:06Z,25.71,6.34,62.34,61.5,28.42,194.15,13.19
2025-03-22T12:02:41Z,27.24,7.32,68.86,66.14,24.47,135.26,10.89
2025-03-22T13:29:10Z,13.15,6.78,76.21,44.32,15.65,110.45,11.8
2025-03-22T14:41:22Z,29.2,6.34,72.42,51.4,21.62,160.98,12.54
2025-03-22T16:35:13Z,10.84,6.86,57.82,33.75,29.02,290.22,3.98
2025-03-22T18:22:43Z,29.2,5.7,66.57,91.39,23.25,181.77,8.54
2025-03-22T20:54:25Z,25.67,7.06,60.29,78.18,25.54,169.14,13.52
2025-03-22T22:15:32Z,24.67,6.54,64.44,57.83,32.86,192.44,9.44
2025-03-23T00:17:22Z,14.07,6.17,74.83,48.68,15.54,137.01,13.22
2025-03-23T02:09:23Z,28.72,6.77,66.84,86.04,24.34,167.15,17.94
2025-03-23T03:30:09Z,21.17,6.97,67.92,67.45,31.36,131.21,15.81
2025-03-23T05:26:08Z,22.71,6.64,75.64,89.46,24.89,192.32,12.74
2025-03-23T06:27:28Z,24.54,7.46,68.29,59.93,22.23,159.37,10.49
2025-03-23T08:41:22Z,23.42,6.73,68.56,60.13,34.1,109.71,5.75
2025-03-23T10:02:58Z,13.35,6.37,72.19,45.13,10.07,105.93,14.71
2025-03-23T11:40:22Z,22.34,6.79,71.44,77.76,29.94,189.56,10.23
2025-03-23T14:23:01Z,23.99,6.95,69.03,44.84,34.64,191.97,11.47
2025-03-23T15:50:44Z,24.42,6.19,65.46,75.64,34.44,123.27,12.57
2025-03-23T16:58:20Z,23.71,6.55,75.22,58.97,16.06,109.28,8.53
2025-03-23T18:47:16Z,19.17,6.49,52.07,22.88,18.56,297.53,5.97
2025-03-23T20:46:36Z,21.06,5.92,65.16,21.92,10.68,57.02,9.99
2025-03-23T22:11:51Z,20.69,5.86,79.69,35.88,18.88,122.68,8.16
2025-03-24T00:09:40Z,18.68,5.59,77.27,33.23,17.54,105.91,9.4
2025-03-24T02:02:17Z,25.23,6.79,70.82,58.5,26.26,196.26,11.51
2025-03-24T04:01:45Z,25.24,5.72,80.54,46.6,30.72,171.5,13.21
2025-03-24T05:32:14Z,23.5,6.91,69.37,76.44,32.02,190.46,11.38
2025-03-24T07:14:06Z,27.9,6.15,61.65,30.34,5.53,68.71,5.96
2025-03-24T08:50:43Z,28.92,6.82,63.75,55.37,32.67,143.82,11.57
2025-03-24T11:08:05Z,23.9,6.29,81.81,38.21,27.07,153.96,12.02
2025-03-24T12:48:48Z,25.46,6.37,76.37,73.49,28.25,177.12,8.52
2025-03-24T14:19:32Z,21.3,6.44,70.23,24.72,11.65,113.34,10.51
2025-03-24T16:18:10Z,23.62,6.33,67.82,83.32,20.49,182.62,9.96
2025-03-24T18:13:47Z,16.59,6.13,78.11,24.02,11.39,137.04,12.31
2025-03-24T20:05:38Z,24.4,6.21,61.66,79.82,39.62,141.95,10.2
2025-03-24T21:00:38Z,24.81,5.77,86.5,41.09,28.26,126.33,13.05
2025-03-24T23:02:04Z,24.42,6.11,68.11,97.18,35.76,199.5,8.49
2025-03-25T00:56:08Z,29.0,5.7,67.08,60.19,25.29,126.02,8.88
2025-03-25T02:14:20Z,27.92,6.0,70.3,75.12,17.43,163.29,13.31
2025-03-25T04:42:01Z,25.06,6.69,67.81,60.57,25.81,167.01,13.48
2025-03-25T05:44:24Z,26.04,6.22,62.11,23.63,14.28,72.17,11.66
2025-03-25T07:55:06Z,23.53,5.9,62.0,87.95,23.37,146.95,11.48
2025-03-25T09:37:47Z,27.86,6.01,70.13,59.97,20.3,177.17,12.7
2025-03-25T11:36:31Z,16.81,6.03,51.92,31.75,22.72,177.61,14.75
2025-03-25T13:24:04Z,16.6,5.64,77.05,29.06,18.84,108.14,13.4
2025-03-25T15:08:12Z,22.84,6.29,69.13,71.03,23.22,192.46,6.5
2025-03-25T16:35:27Z,24.34,6.34,77.65,55.48,18.78,180.33,8.52
2025-03-25T18:44:53Z,25.74,6.43,85.85,53.79,35.48,155.3,16.34
2025-03-25T20:33:01Z,16.39,6.15,52.66,31.85,22.48,292.38,8.9
2025-03-25T22:17:52Z,28.7,6.56,67.47,66.42,36.06,185.61,7.29
2025-03-26T00:03:30Z,12.8,6.72,71.75,37.08,18.42,131.56,9.22
2025-03-26T01:51:50Z,28.61,5.66,85.66,30.72,28.79,174.49,11.29
2025-03-26T03:36:10Z,22.79,6.22,62.66,89.89,35.63,110.18,14.14
2025-03-26T04:57:32Z,26.14,5.98,63.78,61.53,38.42,122.6,9.14
2025-03-26T06:32:39Z,24.04,5.89,69.01,78.01,39.36,154.83,8.86
2025-03-26T08:28:16Z,24.83,5.72,66.74,91.54,29.7,161.37,6.19
2025-03-26T10:13:39Z,28.22,6.54,60.4,69.2,25.93,113.25,11.19
2025-03-26T12:25:21Z,28.87,5.59,73.09,49.45,35.49,178.6,13.24
2025-03-26T13:53:42Z,23.32,5.64,73.7,38.03,12.53,125.16,10.76
2025-03-26T15:09:10Z,13.96,6.36,74.06,32.55,10.72,101.44,14.03
2025-03-26T17:29:26Z,24.6,6.21,79.35,81.57,27.04,191.0,13.47
2025-03-26T19:25:28Z,22.05,6.45,65.32,43.97,25.98,171.06,9.46
2025-03-26T20:33:55Z,18.21,6.09,70.69,37.15,19.66,120.39,10.14
2025-03-26T22:29:13Z,29.29,6.38,87.85,39.51,28.07,191.79,11.16
2025-03-26T23:49:31Z,19.88,6.28,78.02,52.2,16.7,139.29,8.75
2025-03-27T01:38:31Z,21.93,6.43,65.11,29.24,14.54,47.57,13.99
2025-03-27T03:31:10Z,19.99,5.87,73.96,25.07,19.22,120.97,11.54
2025-03-27T05:05:37Z,29.25,5.89,62.01,54.93,38.28,138.54,6.55
2025-03-27T07:16:38Z,21.15,6.52,70.02,89.7,18.32,154.51,15.9
2025-03-27T09:21:23Z,18.72,7.03,59.29,20.39,23.33,189.01,14.71
2025-03-27T10:19:20Z,16.28,6.22,77.2,29.24,17.01,101.97,8.83
2025-03-27T12:51:10Z,22.35,6.13,72.59,62.41,26.09,172.31,15.29
2025-03-27T14:02:44Z,28.82,6.46,85.16,32.55,33.47,110.82,7.75
2025-03-27T15:55:22Z,11.76,7.13,51.75,25.55,24.21,238.1,10.35
2025-03-27T17:28:28Z,12.14,6.33,74.24,38.69,12.12,132.62,8.01
2025-03-27T19:30:08Z,22.9,6.24,64.21,24.72,5.44,71.92,8.16
2025-03-27T21:08:27Z,27.72,6.75,61.37,52.19,24.52,112.2,13.1
2025-03-27T23:14:40Z,29.09,6.07,64.51,52.8,39.72,149.95,11.94
2025-03-28T00:52:40Z,21.91,6.31,60.64,68.51,24.34,189.57,2.64
2025-03-28T02:36:05Z,17.96,6.07,61.99,66.96,32.55,130.35,15.06
2025-03-28T04:36:08Z,28.64,5.93,88.14,57.47,33.88,143.24,8.32
2025-03-28T05:39:14Z,13.73,6.78,56.07,37.97,26.69,226.46,15.44
2025-03-28T07:57:42Z,19.61,5.84,75.33,25.64,19.32,141.24,8.49
2025-03-28T09:46:05Z,25.31,6.36,62.93,72.57,27.18,112.1,6.34
2025-03-28T11:21:44Z,16.39,6.64,79.95,45.39,19.97,106.56,11.99
2025-03-28T13:08:16Z,26.8,6.28,79.14,67.33,22.76,151.76,9.73
2025-03-28T14:44:13Z,22.17,6.27,65.34,64.83,29.16,159.5,10.45
2025-03-28T16:28:02Z,11.54,6.38,66.25,68.59,34.84,192.77,12.49
2025-03-28T17:54:42Z,11.47,6.26,56.51,34.89,16.32,227.98,9.92
2025-03-28T20:08:33Z,27.9,5.64,69.25,39.76,7.09,68.88,14.32
2025-03-28T21:20:11Z,26.67,5.71,60.88,64.25,27.34,109.87,9.36
2025-03-28T23:53:46Z,21.68,6.95,68.09,70.0,31.52,101.62,7.0
2025-03-29T01:08:42Z,13.37,6.21,75.88,30.99,10.32,122.25,8.98
2025-03-29T02:32:03Z,23.18,6.35,65.78,62.25,32.04,191.2,15.54
2025-03-29T04:19:04Z,26.33,5.69,86.5,40.86,21.27,112.21,11.62
2025-03-29T06:37:34Z,23.11,6.36,62.67,67.81,23.04,162.19,13.05
2025-03-29T08:34:31Z,22.07,6.06,62.8,92.96,32.57,115.06,11.2
2025-03-29T09:38:01Z,18.63,6.11,78.42,28.44,16.69,147.63,11.2
2025-03-29T11:58:09Z,27.42,6.48,65.85,90.5,29.07,102.45,13.7
2025-03-29T13:24:42Z,27.52,6.7,76.91,66.42,23.16,167.61,14.59
2025-03-29T15:25:08Z,25.24,5.83,60.14,36.69,5.26,50.29,9.28
2025-03-29T17:14:40Z,18.28,6.47,78.24,28.18,12.28,112.59,10.2
2025-03-29T19:13:05Z,13.34,7.34,59.22,31.56,28.92,167.41,9.46
2025-03-29T20:44:37Z,29.31,6.17,64.9,70.36,20.03,197.25,15.25
2025-03-29T22:04:03Z,18.57,6.34,71.8,30.71,10.49,127.02,18.15
2025-03-30T00:17:18Z,17.7,6.86,58.06,39.85,20.47,246.22,7.43
2025-03-30T01:36:50Z,27.69,6.46,61.78,76.51,25.09,133.52,15.85
2025-03-30T03:40:06Z,26.38,5.95,70.7,33.73,21.77,192.56,11.08
2025-03-30T05:18:14Z,22.28,5.87,79.83,31.21,16.56,105.91,9.88
2025-03-30T06:48:31Z,15.59,6.11,79.86,22.05,15.92,146.3,12.36
2025-03-30T08:17:44Z,16.42,5.8,61.21,49.38,23.85,176.98,8.43
2025-03-30T10:02:08Z,25.25,6.05,74.09,39.67,23.47,120.83,14.5
2025-03-30T11:43:36Z,26.42,6.97,66.17,46.98,39.88,186.64,9.53
2025-03-30T13:53:06Z,27.48,6.09,62.62,82.99,32.65,135.33,5.31
2025-03-30T15:21:06Z,27.37,5.99,87.33,38.01,28.22,122.39,15.74
2025-03-30T17:14:43Z,21.06,5.81,64.57,37.8,13.64,55.24,6.13
2025-03-30T19:13:10Z,26.95,7.22,64.57,51.71,32.98,175.14,10.34
2025-03-30T20:50:27Z,16.15,6.26,71.14,25.29,19.87,114.28,8.09
2025-03-30T23:02:21Z,19.15,6.92,51.76,38.21,23.26,246.75,8.88
2025-03-31T00:36:00Z,26.47,6.72,65.29,69.69,38.65,132.9,13.72
2025-03-31T01:58:15Z,22.07,6.24,73.78,56.03,11.48,142.0,9.42
2025-03-31T03:41:43Z,11.37,6.29,60.45,79.39,33.95,144.9,8.13
2025-03-31T05:51:50Z,26.95,6.03,87.39,56.22,22.49,194.67,5.61
2025-03-31T07:56:17Z,26.44,6.42,65.83,63.49,21.81,126.79,16.64
2025-03-31T09:12:27Z,18.23,6.33,77.28,30.43,13.96,110.52,18.18
2025-03-31T11:14:45Z,26.54,6.18,62.82,61.1,21.24,168.14,21.25
2025-03-31T12:22:37Z,11.66,6.66,73.2,58.45,10.95,129.49,12.34
2025-03-31T14:00:10Z,14.41,6.95,61.4,54.97,20.14,137.27,12.45
2025-03-31T15:53:57Z,12.51,7.31,50.72,32.4,29.01,201.81,10.75
2025-03-31T17:58:58Z,17.13,6.54,64.92,71.69,26.23,183.81,7.55
2025-03-31T19:23:28Z,24.08,6.68,63.3,44.25,32.81,177.91,15.7
2025-03-31T21:27:37Z,23.36,7.3,66.01,66.66,24.74,146.48,13.96
2025-03-31T23:42:59Z,24.8,6.57,75.17,65.4,30.0,187.55,5.62
2025-04-01T01:10:33Z,23.79,5.68,79.45,22.84,18.44,133.74,13.23
2025-04-01T02:43:24Z,26.79,6.08,61.08,65.79,28.23,137.78,8.83
2025-04-01T04:28:20Z,26.56,5.55,84.53,44.77,39.95,139.22,8.89
2025-04-01T06:22:06Z,26.05,6.37,64.22,42.8,37.29,140.39,13.02
2025-04-01T07:44:51Z,23.06,6.16,78.09,31.01,13.57,126.21,8.47
2025-04-01T09:27:10Z,22.53,5.98,63.14,55.37,23.95,111.36,11.18
2025-04-01T11:33:31Z,26.4,5.84,69.23,91.89,39.24,183.1,11.75
2025-04-01T13:42:22Z,21.89,7.3,68.94,72.95,24.41,196.23,10.91
2025-04-01T14:47:58Z,14.93,6.6,51.02,26.33,22.47,239.28,6.13
2025-04-01T16:42:40Z,23.96,6.56,68.93,63.62,35.83,110.47,15.63
2025-04-01T18:01:57Z,28.22,6.17,61.15,72.63,27.07,166.16,9.54
2025-04-01T19:47:17Z,24.73,6.34,87.88,44.04,26.12,161.68,6.63
2025-04-01T21:37:27Z,21.52,5.92,61.73,75.93,36.45,131.73,9.31
2025-04-01T23:54:23Z,22.49,5.69,60.18,30.89,13.14,67.64,6.28
2025-04-02T01:09:30Z,10.12,6.58,56.1,26.5,29.8,258.31,12.28
2025-04-02T03:34:41Z,27.76,6.34,66.9,56.47,27.26,146.94,10.49
2025-04-02T05:21:07Z,23.81,6.45,62.52,51.11,30.28,123.86,1.7
2025-04-02T07:08:05Z,24.75,6.34,84.87,38.56,36.83,153.66,10.89
2025-04-02T08:35:40Z,14.43,6.73,65.52,68.66,20.31,123.83,15.81
2025-04-02T10:26:38Z,25.95,6.11,87.67,34.27,22.46,109.07,15.03
2025-04-02T12:20:39Z,11.89,6.5,79.81,55.21,12.81,103.56,13.75
2025-04-02T14:00:22Z,24.18,6.47,67.97,59.21,33.17,120.6,13.03
2025-04-02T15:43:21Z,17.05,6.58,51.52,29.05,18.96,235.94,11.32
2025-04-02T17:21:56Z,20.21,6.65,51.88,38.01,15.16,157.09,12.57
2025-04-02T18:33:46Z,24.07,6.35,66.95,69.84,31.17,171.38,8.77
2025-04-02T20:38:39Z,28.9,5.53,89.69,39.19,39.03,164.18,11.16
2025-04-02T22:31:14Z,21.82,6.24,74.11,62.93,20.67,156.03,11.55
2025-04-03T00:20:16Z,26.21,6.2,73.16,67.31,21.45,157.89,15.6
2025-04-03T01:52:56Z,22.82,6.57,60.8,50.47,20.27,194.06,9.2
2025-04-03T03:44:05Z,21.55,5.9,74.55,22.27,15.28,145.56,5.9
2025-04-03T05:20:29Z,23.58,6.09,77.9,48.1,10.26,133.54,19.54
2025-04-03T07:05:09Z,25.35,6.34,63.78,79.81,34.04,198.36,14.46
2025-04-03T09:11:15Z,23.63,6.25,73.47,24.95,12.24,147.36,16.49
2025-04-03T11:06:39Z,26.97,7.05,64.93,74.8,37.58,152.61,9.7
2025-04-03T12:18:18Z,28.64,6.1,67.12,74.39,24.86,104.31,17.6
2025-04-03T13:49:45Z,22.8,6.68,66.08,65.93,34.14,107.95,8.58
2025-04-03T16:09:42Z,26.65,6.09,70.39,41.44,28.35,161.95,8.4
2025-04-03T17:19:09Z,24.93,6.44,65.13,54.39,28.22,137.12,10.14
2025-04-03T19:51:01Z,18.87,5.67,74.34,26.22,17.83,114.3,9.33
2025-04-03T21:28:20Z,27.39,5.92,83.78,56.74,39.63,129.77,15.77
2025-04-03T22:39:24Z,18.27,6.07,78.8,58.98,10.15,132.31,12.46
2025-04-04T00:50:17Z,10.49,6.19,50.08,33.09,24.55,279.28,17.38
2025-04-04T02:18:01Z,24.38,6.52,66.56,75.53,29.35,134.92,14.76
2025-04-04T03:54:53Z,28.31,6.13,87.79,50.33,31.82,163.27,9.73
2025-04-04T05:48:26Z,29.14,6.24,76.57,58.72,26.86,187.91,9.97
2025-04-04T07:16:54Z,27.58,5.57,65.5,36.35,13.08,40.61,11.61
2025-04-04T09:41:21Z,20.62,6.49,79.58,44.63,14.35,134.47,7.03
2025-04-04T11:36:26Z,17.15,5.79,79.5,25.65,15.22,134.79,14.12
2025-04-04T13:26:10Z,19.2,6.19,69.11,62.09,38.04,124.58,15.02
2025-04-04T14:28:02Z,21.73,6.2,69.74,59.46,33.92,125.91,11.48
2025-04-04T16:34:12Z,25.6,6.42,74.67,66.36,25.1,199.44,17.38
2025-04-04T17:58:29Z,19.14,7.39,55.08,22.13,23.03,262.94,14.03
2025-04-04T19:54:35Z,24.95,5.65,74.51,33.18,39.36,165.43,5.12
2025-04-04T21:21:58Z,27.72,6.77,77.64,99.68,23.69,181.63,16.56
2025-04-04T23:57:20Z,22.98,6.23,61.34,86.62,30.56,148.44,10.89
2025-04-05T00:56:48Z,25.85,6.09,62.3,61.49,37.88,102.4,15.11
2025-04-05T02:59:30Z,27.21,6.32,77.6,92.98,20.89,199.93,6.85
2025-04-05T05:08:57Z,19.85,6.42,77.38,37.73,16.49,144.43,8.05
2025-04-05T06:50:57Z,26.78,5.97,64.84,83.66,23.93,119.55,15.5
2025-04-05T08:29:57Z,22.8,6.17,61.62,66.96,25.9,135.0,14.31
2025-04-05T10:28:56Z,24.49,6.25,70.87,72.83,25.98,191.32,16.06
2025-04-05T11:40:03Z,18.42,6.53,57.66,30.46,29.42,228.71,14.62
2025-04-05T13:57:28Z,17.81,6.01,52.69,22.09,18.25,151.82,12.91
2025-04-05T14:54:30Z,20.55,5.89,78.45,29.63,13.13,140.9,15.76
2025-04-05T17:04:07Z,23.83,7.48,64.62,69.65,39.99,159.99,13.27
2025-04-05T18:37:13Z,18.05,6.42,71.86,35.02,14.95,137.21,3.33
2025-04-05T20:38:02Z,24.68,6.04,70.9,81.45,19.14,152.65,13.26
2025-04-05T22:02:40Z,23.5,6.79,74.73,58.72,14.03,149.35,7.88
2025-04-06T00:04:08Z,28.06,6.6,60.64,63.58,37.78,185.54,15.95
2025-04-06T01:34:43Z,22.29,6.59,73.61,52.7,24.59,178.56,16.54
2025-04-06T03:02:38Z,21.87,6.53,73.72,81.01,26.84,154.69,17.85
2025-04-06T05:06:34Z,24.87,6.98,66.09,75.13,39.87,143.58,15.61
2025-04-06T07:18:13Z,25.34,6.36,68.86,27.73,8.74,67.26,10.32
2025-04-06T08:38:29Z,12.58,6.16,50.87,20.89,22.65,224.41,17.39
2025-04-06T10:04:46Z,21.99,6.79,64.76,91.18,30.59,149.08,10.76
2025-04-06T11:53:38Z,25.07,6.23,78.64,43.24,39.83,118.71,16.55
2025-04-06T14:29:41Z,28.07,6.45,68.81,76.87,25.49,176.95,9.52
2025-04-06T15:46:33Z,11.26,6.52,51.95,22.33,29.14,219.9,8.02
2025-04-06T17:20:43Z,25.22,6.78,74.59,84.83,16.23,159.11,8.7
2025-04-06T19:10:01Z,10.72,7.33,50.92,25.27,21.61,292.33,11.24
2025-04-06T20:49:36Z,29.35,6.12,64.12,69.64,30.08,188.79,18.53
2025-04-06T23:01:53Z,27.21,6.12,71.92,30.78,21.38,108.28,8.59
2025-04-07T00:48:21Z,27.0,5.99,69.85,33.97,14.45,73.86,10.12
2025-04-07T02:38:26Z,16.81,6.04,52.15,34.88,28.27,181.0,12.44
2025-04-07T04:24:55Z,28.03,6.18,69.48,68.53,32.61,142.39,17.6
2025-04-07T05:30:40Z,13.08,6.09,71.4,32.34,17.65,107.75,6.71
2025-04-07T07:14:40Z,21.45,6.53,79.03,51.53,18.73,144.86,11.48
2025-04-07T09:08:49Z,26.4,6.03,61.75,75.89,24.62,138.28,6.95
2025-04-07T11:29:15Z,20.73,6.27,78.47,54.16,14.42,118.14,10.56
2025-04-07T12:22:09Z,17.88,6.11,65.21,58.7,26.16,156.86,13.81
2025-04-07T14:09:38Z,26.47,6.06,61.66,85.49,23.05,174.93,12.29
2025-04-07T16:34:22Z,26.81,6.05,69.48,52.59,23.39,185.5,9.74
2025-04-07T17:51:57Z,24.69,6.41,76.43,30.81,39.31,194.18,13.02
2025-04-07T19:34:50Z,26.79,6.14,61.15,65.81,20.78,134.17,12.44
2025-04-07T21:08:58Z,29.16,6.61,63.44,75.59,26.7,185.89,12.91
2025-04-07T22:51:36Z,18.05,5.73,70.53,24.67,15.82,122.41,17.1
2025-04-08T01:29:48Z,28.51,6.3,72.21,31.41,22.71,135.69,10.23
2025-04-08T02:32:36Z,26.12,6.41,77.36,75.97,26.45,177.36,17.25
2025-04-08T04:51:10Z,23.21,6.18,60.81,28.87,6.57,40.54,10.65
2025-04-08T05:56:03Z,27.76,6.42,61.91,24.58,9.59,42.19,16.55
2025-04-08T07:58:33Z,26.05,5.87,63.9,36.85,6.2,53.18,14.85
2025-04-08T10:02:45Z,22.1,6.35,63.83,80.38,26.34,185.86,12.72
2025-04-08T11:57:48Z,27.54,6.72,67.19,75.45,27.32,123.0,6.97
2025-04-08T13:00:37Z,22.98,6.76,77.72,67.08,26.32,163.19,16.76
2025-04-08T14:50:20Z,27.01,6.07,74.22,53.2,28.48,159.43,8.81
2025-04-08T16:38:11Z,29.16,6.83,69.58,64.21,26.83,146.03,3.82
2025-04-08T18:46:43Z,20.99,6.08,71.26,30.86,13.23,105.31,14.04
2025-04-08T20:19:07Z,22.47,7.31,67.98,58.68,24.42,180.46,14.88
2025-04-08T22:02:20Z,29.38,6.67,64.05,81.53,20.96,180.06,10.88
2025-04-09T00:05:29Z,20.45,6.43,63.2,45.52,29.72,146.39,17.57
2025-04-09T01:25:20Z,22.84,6.31,73.1,22.5,10.3,109.3,8.73
2025-04-09T03:05:52Z,21.79,6.64,70.2,87.68,24.24,150.8,13.12
2025-04-09T05:26:23Z,24.02,6.34,68.44,65.64,27.67,117.58,13.59
2025-04-09T06:22:38Z,19.35,6.03,74.49,36.17,13.81,105.15,9.88
2025-04-09T08:07:31Z,11.55,6.44,68.65,46.42,27.92,146.03,14.59
2025-04-09T10:06:04Z,25.03,6.11,71.94,84.97,24.7,161.32,15.15
2025-04-09T12:03:33Z,23.68,6.47,79.89,50.05,13.0,137.27,11.55
2025-04-09T13:23:15Z,23.08,5.54,79.39,20.3,14.09,101.73,3.85
2025-04-09T15:45:12Z,27.27,5.85,65.44,71.77,30.69,148.67,12.8
2025-04-09T17:15:24Z,22.96,6.02,76.49,70.64,29.23,166.62,14.23
2025-04-09T18:43:27Z,27.34,6.69,63.42,47.23,28.86,114.95,16.24
2025-04-09T20:55:34Z,26.97,5.83,67.38,35.21,12.06,71.53,12.66
2025-04-09T22:47:37Z,14.18,6.56,71.05,58.38,12.42,122.86,9.77
2025-04-09T23:55:59Z,27.59,6.05,88.99,46.92,27.57,121.28,17.37
2025-04-10T01:40:49Z,24.54,6.44,68.23,66.5,22.18,126.79,9.36
2025-04-10T03:21:10Z,24.91,6.73,64.55,52.01,24.44,132.97,16.81
2025-04-10T05:20:57Z,24.9,5.88,68.08,42.28,22.19,180.88,14.6
2025-04-10T07:41:56Z,26.96,6.05,74.05,63.4,21.22,152.94,4.95
2025-04-10T08:44:04Z,26.59,6.12,82.57,55.39,33.37,175.24,15.1
2025-04-10T11:03:31Z,20.59,6.09,53.65,22.55,17.05,254.42,6.93
2025-04-10T12:49:21Z,24.42,6.83,68.63,61.32,34.67,159.21,5.75
2025-04-10T14:15:40Z,26.53,5.62,70.3,57.29,37.32,185.24,11.85
2025-04-10T16:00:46Z,16.74,6.09,65.12,67.6,30.51,170.03,18.21
2025-04-10T17:58:19Z,28.18,6.15,66.3,36.49,14.37,71.29,18.3
2025-04-10T19:56:45Z,26.38,6.34,70.75,43.71,27.45,158.5,12.58
2025-04-10T21:22:39Z,23.5,5.89,73.52,39.25,17.47,114.43,8.69
2025-04-10T23:23:52Z,21.68,6.42,67.96,58.03,21.73,156.18,12.97
2025-04-11T01:12:32Z,17.84,5.87,60.2,52.03,24.25,152.13,13.09
2025-04-11T02:19:42Z,26.91,6.07,69.79,89.35,33.75,124.59,11.21
2025-04-11T03:49:32Z,29.07,6.5,64.84,53.05,26.65,186.41,8.24
2025-04-11T06:27:35Z,25.08,5.89,61.11,57.56,20.56,122.46,16.36
2025-04-11T07:52:17Z,29.4,6.9,69.71,42.56,29.61,175.81,15.91
2025-04-11T09:28:55Z,28.77,6.88,60.32,43.41,36.13,151.35,15.75
2025-04-11T11:12:12Z,15.3,7.31,50.62,22.52,27.28,157.89,10.96
2025-04-11T13:17:39Z,12.45,6.76,69.31,61.65,25.85,189.02,9.08
2025-04-11T15:03:42Z,20.04,6.02,78.61,31.99,19.13,111.11,16.46
2025-04-11T16:27:46Z,24.36,6.05,79.36,77.3,20.5,189.08,15.05
2025-04-11T17:55:05Z,27.37,6.29,70.2,56.77,30.33,102.16,15.99
2025-04-11T19:54:25Z,25.0,5.86,61.25,42.56,28.66,101.57,7.2
2025-04-11T22:03:53Z,12.6,6.38,75.37,36.98,18.97,100.01,13.93
2025-04-11T23:30:55Z,25.71,6.63,79.36,59.34,27.6,164.17,17.12
2025-04-12T01:34:51Z,20.5,7.33,52.58,26.79,24.69,192.35,14.75
2025-04-12T02:42:04Z,17.29,6.47,74.4,35.97,17.44,111.31,18.08
2025-04-12T05:02:52Z,28.71,6.04,68.05,71.0,24.67,156.69,10.99
2025-04-12T06:48:02Z,16.14,6.89,56.48,37.09,19.72,203.01,8.58
2025-04-12T08:19:46Z,23.48,6.07,73.69,26.32,19.44,105.84,12.44
2025-04-12T09:48:05Z,14.22,6.77,67.16,51.1,33.44,189.73,10.56
2025-04-12T11:21:41Z,21.08,6.28,62.36,60.26,33.24,147.14,11.67
2025-04-12T13:38:23Z,23.02,6.27,60.14,77.98,32.51,185.24,7.64
2025-04-12T15:16:34Z,23.85,6.16,65.7,63.07,37.08,151.23,16.99
2025-04-12T16:56:04Z,26.76,6.43,60.75,22.52,14.74,52.24,14.45
2025-04-12T18:54:12Z,21.87,6.35,77.54,55.3,15.68,198.48,5.61
2025-04-12T20:35:48Z,20.28,6.17,62.8,39.82,13.15,53.42,11.11
2025-04-12T21:51:18Z,23.23,6.68,78.82,73.31,25.01,191.51,13.88
2025-04-13T00:28:59Z,27.71,6.53,63.35,66.01,32.75,167.96,13.02
2025-04-13T02:09:28Z,22.31,6.1,70.17,81.9,19.51,174.1,14.57
2025-04-13T04:00:22Z,20.19,7.25,52.39,20.32,23.63,214.13,13.23
2025-04-13T05:34:57Z,14.74,6.32,53.94,39.51,20.02,232.79,10.62
2025-04-13T07:21:38Z,26.18,6.24,76.0,99.38,24.35,192.84,9.05
2025-04-13T09:19:48Z,22.25,6.37,71.11,90.93,26.31,161.18,14.25
2025-04-13T10:44:59Z,28.07,6.57,69.32,96.25,31.41,180.82,11.18
2025-04-13T12:06:22Z,28.13,6.76,70.25,96.53,21.46,179.12,13.65
2025-04-13T13:45:09Z,26.07,6.68,65.25,75.36,26.75,167.65,12.25
2025-04-13T15:53:54Z,22.22,6.47,75.71,72.45,26.14,174.64,10.27
2025-04-13T17:47:46Z,21.14,6.37,70.86,53.32,23.04,165.35,9.18
2025-04-13T18:53:43Z,16.82,6.26,79.52,56.02,14.84,117.31,12.97
2025-04-13T20:36:37Z,25.42,6.23,69.01,88.97,22.23,107.13,18.24
2025-04-13T22:32:26Z,27.6,5.68,86.72,42.2,22.89,166.73,7.16
2025-04-14T01:01:44Z,14.71,6.25,75.55,31.95,11.59,126.67,6.64
2025-04-14T02:44:55Z,28.31,6.83,65.62,60.95,29.1,182.25,17.14
2025-04-14T04:32:48Z,24.41,6.16,61.23,66.29,25.38,132.11,15.84
2025-04-14T06:01:09Z,13.1,6.57,55.19,23.23,28.12,190.93,19.33
2025-04-14T07:13:39Z,27.01,6.41,61.23,69.71,34.55,150.28,15.58
2025-04-14T09:24:50Z,28.82,6.74,69.53,59.39,39.92,112.28,8.41
2025-04-14T10:40:14Z,27.2,6.89,67.04,74.07,39.21,178.34,9.82
2025-04-14T13:15:53Z,23.11,5.98,67.42,97.46,32.41,155.43,13.83
2025-04-14T15:03:03Z,10.87,7.46,54.8,28.1,29.27,236.31,16.14
2025-04-14T16:41:24Z,24.91,6.35,78.71,31.93,27.9,139.26,11.33
2025-04-14T18:22:47Z,26.07,6.18,67.94,38.65,13.4,62.62,9.75
2025-04-14T20:00:26Z,25.44,6.13,63.54,28.88,9.2,48.32,9.56
2025-04-14T22:00:17Z,24.75,6.59,61.75,53.04,25.16,147.21,11.85
2025-04-14T23:05:44Z,23.16,6.49,61.45,60.56,22.44,125.67,13.27
2025-04-15T00:59:07Z,25.64,5.64,64.78,73.25,20.75,129.04,7.73
2025-04-15T02:25:33Z,16.26,6.18,78.43,24.62,12.61,114.94,14.45
2025-04-15T04:34:38Z,20.02,5.69,73.89,23.25,19.73,141.67,14.36
2025-04-15T06:02:48Z,12.62,6.85,60.99,68.46,27.51,184.43,11.27
2025-04-15T08:06:18Z,25.96,6.25,66.38,26.56,6.18,69.72,8.26
2025-04-15T09:38:01Z,16.76,6.69,69.39,78.97,38.85,100.69,13.89
2025-04-15T11:13:15Z,22.1,6.22,75.63,25.25,10.11,116.34,12.39
2025-04-15T13:45:28Z,24.43,6.12,68.36,40.26,34.26,166.09,15.96
2025-04-15T15:29:35Z,11.64,7.06,56.74,29.19,15.07,242.93,8.54
2025-04-15T16:32:19Z,26.86,6.41,69.72,99.21,31.63,101.08,17.34
2025-04-15T18:07:01Z,26.0,6.57,62.71,61.92,28.91,164.71,13.33
2025-04-15T19:52:06Z,21.3,6.44,70.74,23.91,18.23,104.9,13.61
2025-04-15T22:21:08Z,12.14,6.02,70.76,36.0,11.82,125.58,14.41
2025-04-16T00:02:12Z,25.61,6.43,65.9,75.06,38.24,121.68,16.04
2025-04-16T02:01:50Z,10.47,7.18,54.61,27.23,17.51,181.9,10.35
2025-04-16T03:45:51Z,26.31,5.93,68.97,32.3,12.95,63.14,13.83
2025-04-16T04:50:52Z,27.57,6.57,72.23,60.02,15.52,187.06,7.06
2025-04-16T06:31:36Z,15.3,6.94,59.83,27.9,25.71,221.66,9.96
2025-04-16T08:34:59Z,29.01,6.79,75.95,78.51,28.72,196.23,9.33
2025-04-16T10:08:13Z,24.67,5.6,86.01,52.48,29.71,165.59,17.93
2025-04-16T11:39:30Z,25.84,6.98,62.2,48.5,20.98,192.74,10.95
2025-04-16T14:02:41Z,29.15,5.66,60.49,63.72,28.91,193.75,14.93
2025-04-16T15:13:01Z,21.26,6.19,67.77,92.46,22.41,104.37,17.13
2025-04-16T17:34:51Z,28.03,6.3,89.12,50.62,38.94,124.97,14.51
2025-04-16T19:05:40Z,11.55,6.03,71.69,56.48,11.6,121.99,10.06
2025-04-16T20:22:25Z,26.27,6.78,65.49,79.34,35.4,159.53,10.6
2025-04-16T22:43:20Z,27.78,6.72,69.27,72.1,22.35,129.75,12.08
2025-04-16T23:58:43Z,27.25,6.28,67.67,96.28,31.27,108.04,7.29
2025-04-17T02:14:04Z,28.0,6.19,72.47,37.27,38.63,147.92,7.76
2025-04-17T03:56:54Z,28.91,5.81,67.31,81.19,22.73,115.51,14.36
2025-04-17T05:52:18Z,24.59,6.09,70.87,73.41,25.86,167.99,19.66
2025-04-17T07:06:32Z,17.26,7.39,56.96,38.47,21.48,228.5,12.64
2025-04-17T09:31:44Z,22.14,6.47,77.63,85.72,25.17,185.12,15.6
2025-04-17T10:32:35Z,17.3,6.75,69.74,40.13,36.12,122.89,8.98
2025-04-17T12:39:50Z,25.52,6.13,66.89,78.61,28.09,137.66,3.6
2025-04-17T14:26:26Z,27.26,6.35,68.95,67.0,21.19,146.08,15.67
2025-04-17T15:40:27Z,23.32,6.05,79.65,93.47,19.52,160.4,18.29
2025-04-17T17:26:14Z,26.19,6.34,67.55,57.75,23.13,130.68,11.1
2025-04-17T19:37:15Z,28.26,6.22,69.6,56.36,32.23,100.97,10.53
2025-04-17T21:09:46Z,21.99,6.07,78.16,78.37,20.85,194.88,9.48
2025-04-17T23:29:26Z,26.31,6.19,63.24,69.03,34.57,102.69,19.18
2025-04-18T00:53:38Z,23.32,6.27,77.16,35.29,14.91,111.88,19.39
2025-04-18T02:44:25Z,19.36,6.76,71.84,32.75,17.86,102.45,14.89
2025-04-18T04:04:46Z,22.08,6.62,79.74,52.31,25.26,194.99,13.67
2025-04-18T06:12:57Z,25.02,7.39,61.87,61.69,31.11,195.12,13.95
2025-04-18T07:30:45Z,27.95,6.0,62.6,53.23,23.82,145.07,15.76
2025-04-18T09:38:14Z,24.55,6.02,66.84,58.67,27.38,138.5,14.39
2025-04-18T11:33:22Z,28.7,5.8,61.18,28.06,8.36,51.18,9.54
2025-04-18T13:28:57Z,25.94,6.3,70.6,92.15,28.18,150.71,11.17
2025-04-18T15:09:11Z,17.72,6.23,71.16,40.13,12.55,106.39,15.44
2025-04-18T16:15:32Z,25.82,6.28,74.47,59.47,21.35,165.74,11.45
2025-04-18T18:15:18Z,16.62,5.71,76.52,27.27,18.11,111.41,13.55
2025-04-18T20:06:15Z,14.56,7.13,59.56,25.65,20.8,198.06,16.02
2025-04-18T22:22:31Z,25.93,6.45,67.79,42.17,21.23,193.37,15.72
2025-04-18T23:13:11Z,27.76,6.32,73.07,54.56,24.32,194.46,21.05
2025-04-19T01:25:21Z,28.61,5.71,80.98,57.16,35.0,159.69,12.09
2025-04-19T03:07:59Z,26.05,6.24,66.78,87.02,36.56,194.94,12.55
2025-04-19T04:33:09Z,22.86,6.15,66.51,61.03,24.18,155.92,14.38
2025-04-19T06:20:27Z,17.38,6.67,73.17,39.21,17.54,114.34,18.55
2025-04-19T08:19:47Z,11.15,6.64,73.95,32.48,10.64,142.27,10.15
2025-04-19T09:51:38Z,18.72,6.22,64.22,40.91,39.8,189.35,16.36
2025-04-19T12:06:33Z,15.76,5.95,73.54,20.32,10.84,140.96,11.24
2025-04-19T13:31:22Z,22.78,6.59,64.11,91.13,36.19,162.76,15.67
2025-04-19T15:02:10Z,24.68,6.19,67.52,67.15,35.4,117.21,18.27
2025-04-19T16:57:40Z,20.03,6.72,62.86,48.04,21.52,145.15,14.26
2025-04-19T18:32:53Z,26.79,6.28,65.63,79.37,26.89,190.52,16.63
2025-04-19T20:37:09Z,24.86,6.05,67.3,99.86,23.08,177.29,16.08
2025-04-19T22:05:19Z,24.44,5.76,76.16,35.7,32.53,182.0,13.41
2025-04-19T23:58:48Z,24.46,6.01,84.09,41.4,37.38,186.6,10.44
2025-04-20T02:04:54Z,29.27,6.34,62.59,72.54,27.77,192.2,17.23
2025-04-20T03:50:28Z,25.92,6.41,77.48,97.97,20.81,198.53,19.23
2025-04-20T05:05:23Z,11.76,7.09,50.19,24.47,28.49,181.17,8.84
2025-04-20T06:54:29Z,18.4,6.29,55.8,23.47,20.23,288.1,10.92
2025-04-20T08:29:45Z,28.91,7.46,63.04,76.38,25.19,108.16,9.19
2025-04-20T11:07:44Z,24.57,5.77,86.83,34.93,34.78,195.82,15.86
2025-04-20T12:08:41Z,28.12,7.29,66.19,66.12,22.74,129.35,6.93
2025-04-20T13:58:00Z,10.56,6.55,58.89,35.68,19.47,264.56,9.17
2025-04-20T15:24:59Z,15.17,6.41,54.01,26.1,21.68,262.43,12.49
2025-04-20T17:25:52Z,21.99,6.38,65.1,32.7,14.77,45.0,6.84
2025-04-20T19:10:59Z,28.13,6.03,85.73,53.77,30.07,177.22,10.86
2025-04-20T21:19:29Z,27.65,6.51,70.59,60.77,20.79,187.18,17.96
2025-04-20T22:34:18Z,26.48,6.5,65.59,95.88,31.01,174.59,20.62
2025-04-21T00:37:41Z,19.76,5.69,78.08,31.51,15.53,101.81,8.96
2025-04-21T01:57:13Z,28.93,6.64,73.29,97.46,15.6,158.6,17.77
2025-04-21T04:31:43Z,24.5,6.41,76.42,34.95,24.27,185.77,14.51
2025-04-21T05:58:42Z,23.41,6.53,66.12,48.32,32.71,194.84,18.22
2025-04-21T07:42:02Z,21.2,6.12,75.99,32.34,16.2,138.81,14.42
2025-04-21T09:49:37Z,11.7,6.92,59.92,32.26,21.33,173.96,15.6
2025-04-21T11:10:16Z,24.21,6.06,69.44,61.33,27.34,190.15,6.27
2025-04-21T12:58:13Z,25.53,6.15,62.98,34.42,5.25,43.4,13.69
2025-04-21T14:10:18Z,26.48,5.72,84.48,49.19,31.22,181.0,18.51
2025-04-21T16:41:49Z,28.72,6.13,88.7,42.31,32.91,123.51,12.26
2025-04-21T17:48:35Z,29.96,5.98,60.26,41.06,33.98,164.81,3.62
2025-04-21T19:49:02Z,24.63,6.48,69.93,64.27,29.14,167.23,11.74
2025-04-21T21:15:47Z,29.41,6.25,62.28,69.36,23.45,128.78,18.95
2025-04-21T22:55:43Z,29.3,6.59,71.01,72.17,15.11,177.23,9.99
2025-04-22T01:27:41Z,22.0,6.23,63.66,89.19,32.61,158.58,13.9
2025-04-22T02:56:04Z,24.24,6.22,65.12,67.02,29.7,129.02,17.66
2025-04-22T04:11:24Z,22.63,6.42,79.77,82.49,18.13,167.46,8.25
2025-04-22T06:25:50Z,22.21,6.46,67.03,59.78,20.96,111.92,11.31
2025-04-22T08:27:49Z,21.79,6.43,70.36,46.28,10.18,106.31,13.96
2025-04-22T09:52:31Z,28.34,6.26,80.38,49.8,30.07,100.67,16.71
2025-04-22T11:52:41Z,25.56,6.36,68.45,55.71,34.39,152.38,20.97
2025-04-22T13:26:37Z,25.51,5.6,63.26,34.1,12.9,59.7,13.4
2025-04-22T15:22:47Z,25.37,6.27,63.62,54.89,38.75,167.84,13.26
2025-04-22T16:29:49Z,27.09,5.76,73.72,33.24,36.82,136.54,8.82
2025-04-22T18:46:16Z,24.11,6.11,65.85,79.86,25.92,165.65,17.56
2025-04-22T19:57:17Z,22.55,6.76,70.54,86.53,20.21,197.03,11.51
2025-04-22T22:27:45Z,20.0,5.81,69.84,27.71,13.16,51.25,19.93
2025-04-23T00:06:57Z,25.34,6.08,77.21,55.11,16.24,166.91,6.57
2025-04-23T02:03:57Z,24.87,6.54,70.65,81.27,16.92,166.22,11.63
2025-04-23T03:41:57Z,27.24,6.55,65.95,67.94,32.72,101.0,20.85
2025-04-23T05:30:28Z,12.98,6.63,74.74,46.59,14.71,116.24,17.62
2025-04-23T06:29:01Z,10.01,6.24,75.29,50.38,11.25,125.24,4.66
2025-04-23T08:35:09Z,24.44,5.84,63.15,76.2,28.13,176.51,12.71
2025-04-23T09:58:53Z,21.42,6.04,60.92,64.49,33.68,133.74,16.51
2025-04-23T12:22:39Z,23.25,6.66,63.37,57.04,38.21,156.72,16.02
2025-04-23T13:28:13Z,27.66,6.58,63.31,41.35,32.08,108.16,11.86
2025-04-23T15:48:36Z,28.89,5.81,61.25,24.01,9.79,62.17,15.42
2025-04-23T17:43:37Z,21.08,6.44,72.95,59.26,18.17,121.86,19.36
2025-04-23T18:54:30Z,25.58,6.25,62.25,47.91,34.4,173.1,16.15
2025-04-23T20:35:01Z,29.86,5.77,61.9,35.34,11.05,44.7,16.51
2025-04-23T22:18:22Z,26.5,7.19,69.8,42.65,36.91,163.28,13.18
2025-04-24T00:39:57Z,26.35,6.41,69.77,30.62,6.54,75.77,4.04
2025-04-24T02:20:17Z,23.38,6.9,65.33,43.29,31.55,126.05,14.91
2025-04-24T04:25:11Z,28.53,6.42,60.48,70.88,24.16,103.41,16.32
2025-04-24T06:01:36Z,21.81,6.18,64.43,92.19,21.24,129.6,12.9
2025-04-24T07:47:44Z,25.6,6.3,62.33,49.46,29.25,160.15,14.19
2025-04-24T08:59:05Z,19.45,6.22,76.6,38.24,15.94,146.87,17.37
2025-04-24T11:00:14Z,29.15,6.17,63.5,42.72,38.47,174.37,12.21
2025-04-24T12:15:13Z,29.3,6.23,65.15,93.57,22.11,137.31,10.63
2025-04-24T14:21:23Z,28.73,6.12,62.21,88.02,36.98,180.03,10.96
2025-04-24T16:16:55Z,23.97,6.99,67.71,52.34,21.59,197.19,17.5
2025-04-24T18:22:37Z,19.07,6.1,68.97,40.21,36.07,138.42,18.22
2025-04-24T19:57:21Z,27.27,6.41,62.18,35.5,12.43,44.5,18.09
2025-04-24T21:52:25Z,24.73,6.21,62.46,88.13,29.64,125.21,10.29
2025-04-24T23:23:30Z,23.8,6.18,71.72,71.4,17.98,188.47,12.91
2025-04-25T00:51:16Z,15.89,6.19,75.42,38.03,19.35,107.17,16.73
2025-04-25T03:06:23Z,24.22,6.45,66.9,81.91,25.73,183.18,4.27
2025-04-25T04:00:41Z,15.42,6.55,74.9,43.98,15.79,115.36,16.9
2025-04-25T05:47:13Z,27.17,5.55,68.58,50.57,25.95,132.53,21.57
2025-04-25T07:31:46Z,22.59,6.95,67.88,76.47,27.01,148.25,11.69
2025-04-25T09:16:35Z,28.18,6.21,67.02,65.55,36.29,171.38,15.31
2025-04-25T11:03:49Z,24.05,5.64,66.04,95.14,31.87,172.02,14.7
2025-04-25T12:51:30Z,23.53,6.34,74.97,35.51,13.59,104.49,15.4
2025-04-25T15:00:18Z,20.17,6.05,63.41,34.62,5.12,48.04,15.3
2025-04-25T16:54:18Z,29.86,5.8,67.53,48.47,35.41,199.36,15.93
2025-04-25T17:58:03Z,16.73,6.32,78.69,48.42,14.14,145.92,10.77
2025-04-25T20:18:30Z,21.99,6.34,64.6,53.46,23.83,105.23,24.13
2025-04-25T21:35:35Z,11.32,7.36,52.5,26.16,23.97,168.73,9.45
2025-04-26T00:01:58Z,25.46,5.93,70.46,51.93,22.21,171.13,14.45
2025-04-26T01:40:39Z,23.0,6.17,72.24,35.45,13.21,118.0,16.4
2025-04-26T02:43:12Z,22.36,6.78,68.0,83.19,20.13,167.33,14.11
2025-04-26T05:26:14Z,17.98,6.3,54.91,26.33,26.79,267.78,16.26
2025-04-26T06:47:14Z,21.44,6.15,71.25,59.66,15.43,128.49,6.33
2025-04-26T08:40:48Z,22.55,5.88,79.48,39.79,10.35,125.35,10.96
2025-04-26T10:26:35Z,26.71,5.8,88.54,41.62,21.97,121.03,18.4
2025-04-26T12:10:58Z,23.26,5.58,67.94,88.02,27.92,172.53,14.84
2025-04-26T13:57:21Z,22.74,6.42,75.14,22.04,18.73,113.82,9.12
2025-04-26T15:44:31Z,23.64,6.11,62.1,53.61,29.3,185.6,8.64
2025-04-26T17:13:14Z,21.72,6.73,65.39,51.65,28.21,161.29,12.77
2025-04-26T18:47:46Z,25.54,5.94,72.88,59.24,39.26,154.47,5.71
2025-04-26T20:32:58Z,19.17,5.7,76.38,35.18,13.93,113.07,10.13
2025-04-26T22:08:48Z,28.22,6.13,63.16,36.79,6.62,67.88,14.47
2025-04-27T00:07:30Z,28.83,6.24,71.28,61.72,25.84,164.77,10.94
2025-04-27T01:46:50Z,10.59,6.42,79.21,35.79,13.86,102.05,13.98
2025-04-27T03:36:18Z,10.89,6.52,51.3,38.63,28.68,255.92,12.54
2025-04-27T05:16:38Z,24.85,6.51,71.24,53.83,15.2,199.84,11.41
2025-04-27T06:53:14Z,18.56,6.07,70.7,26.98,10.58,149.34,14.5
2025-04-27T09:15:53Z,26.43,6.98,63.94,50.96,31.93,180.19,11.25
2025-04-27T10:24:18Z,16.65,5.6,75.5,31.71,15.72,132.12,13.24
2025-04-27T12:54:40Z,24.53,6.49,77.28,80.11,24.78,169.1,11.48
2025-04-27T14:36:39Z,18.74,6.76,77.39,44.14,13.22,140.27,5.14
2025-04-27T15:37:55Z,22.5,6.74,70.02,50.12,18.59,106.57,14.91
2025-04-27T17:34:05Z,21.56,5.63,70.93,22.85,18.11,123.13,15.57
2025-04-27T19:36:44Z,27.68,5.55,79.57,54.14,35.42,119.79,16.07
2025-04-27T20:55:08Z,28.46,6.04,84.78,55.34,32.66,121.41,16.12
2025-04-27T22:41:36Z,26.91,6.09,77.79,96.5,23.44,169.06,12.8
2025-04-28T00:34:16Z,22.14,6.24,62.6,70.35,31.24,179.85,13.46
2025-04-28T02:21:08Z,21.64,5.58,73.06,30.3,16.3,111.73,16.6
2025-04-28T03:53:47Z,20.78,6.87,58.87,21.15,19.18,257.0,17.53
2025-04-28T06:04:09Z,28.68,6.41,86.67,55.61,20.41,110.78,10.9
2025-04-28T07:40:23Z,20.28,6.15,71.86,51.18,19.25,107.96,22.77
2025-04-28T09:31:53Z,29.0,6.23,61.88,99.62,38.36,115.4,15.06
2025-04-28T11:04:42Z,22.68,6.31,69.02,89.05,21.53,100.82,3.83
2025-04-28T12:38:32Z,26.41,6.99,66.33,60.06,23.63,162.75,20.7
2025-04-28T14:47:33Z,23.63,6.55,66.81,51.74,37.79,174.24,14.07
2025-04-28T16:20:33Z,18.56,6.58,75.73,33.7,11.33,126.15,11.79
2025-04-28T18:02:46Z,24.9,6.44,61.32,80.84,24.17,198.52,11.1
2025-04-28T20:19:30Z,11.1,6.86,69.08,51.34,39.08,106.27,19.28
2025-04-28T21:23:06Z,28.68,6.02,79.97,92.98,20.34,151.14,13.23
2025-04-28T23:52:41Z,22.59,6.03,74.42,87.69,16.38,153.88,5.56
2025-04-29T01:13:18Z,25.03,7.15,61.26,60.54,36.95,110.06,10.32
2025-04-29T02:51:17Z,29.2,6.62,62.67,58.83,27.03,145.07,11.42
2025-04-29T04:15:56Z,13.27,6.99,52.05,27.03,26.29,193.98,7.65
2025-04-29T06:07:45Z,25.3,5.86,60.08,99.39,25.85,165.0,13.04
2025-04-29T07:44:58Z,23.63,5.79,69.53,53.89,22.77,118.73,12.07
2025-04-29T09:55:44Z,21.7,7.43,64.02,60.1,35.95,169.66,11.77
2025-04-29T11:37:44Z,19.49,5.81,72.47,26.91,19.4,140.42,11.96
2025-04-29T13:04:41Z,20.54,6.78,69.36,59.04,36.91,161.99,11.3
2025-04-29T14:56:44Z,24.18,5.66,74.38,43.79,21.73,108.31,19.03
2025-04-29T17:08:16Z,20.28,5.6,77.76,33.68,16.41,146.11,6.75
2025-04-29T19:05:52Z,23.5,6.73,69.64,72.26,38.01,166.21,12.74
2025-04-29T20:17:30Z,24.65,5.67,71.04,38.96,24.13,127.53,14.53
2025-04-29T22:41:33Z,25.6,6.31,64.04,77.2,36.73,180.25,15.6
2025-04-29T23:59:00Z,20.6,6.85,58.15,29.72,18.48,198.0,9.29
2025-04-30T01:48:34Z,26.71,6.46,62.41,75.88,21.24,122.72,4.53
2025-04-30T03:25:35Z,27.42,6.26,74.22,89.38,19.0,176.99,15.27
2025-04-30T05:25:00Z,22.23,6.05,73.65,99.85,26.42,173.8,17.47
2025-04-30T07:03:40Z,21.21,7.04,64.24,70.89,24.1,179.47,22.63
2025-04-30T08:38:25Z,16.52,6.85,59.04,38.75,26.43,184.78,10.81
2025-04-30T10:25:57Z,29.4,5.55,63.15,20.96,9.9,73.28,18.94
2025-04-30T12:09:05Z,24.05,5.91,88.49,46.79,34.7,161.43,20.62
2025-04-30T13:55:14Z,28.13,6.42,70.26,55.3,28.73,170.0,11.61
2025-04-30T15:37:54Z,20.06,5.72,68.04,27.19,11.15,74.23,16.48
2025-04-30T17:19:59Z,24.98,6.2,82.49,33.23,35.6,140.89,22.49
2025-04-30T18:49:58Z,22.77,5.84,62.58,90.38,38.21,156.06,12.81
2025-04-30T20:43:45Z,25.39,6.1,80.22,58.93,33.59,197.48,13.38
2025-04-30T22:42:26Z,29.09,5.61,80.9,48.93,32.69,133.54,9.5
2025-05-01T00:53:57Z,27.96,5.78,71.0,51.63,26.43,109.46,11.71
2025-05-01T02:33:49Z,18.26,6.2,57.73,21.19,18.03,252.46,14.96
2025-05-01T03:58:07Z,21.24,6.65,66.36,85.75,29.69,159.14,13.49
2025-05-01T06:11:15Z,27.54,6.44,69.55,73.78,21.31,124.9,9.75
2025-05-01T07:39:20Z,29.06,6.16,78.48,50.79,38.64,107.31,12.15
2025-05-01T09:04:59Z,26.98,6.25,62.82,83.29,25.99,187.51,12.72
2025-05-01T11:01:43Z,21.18,6.23,76.13,70.69,25.43,192.03,19.21
2025-05-01T12:37:14Z,14.68,6.81,66.37,67.7,23.34,146.19,13.7
2025-05-01T14:03:54Z,25.86,5.62,62.68,69.1,35.11,191.19,19.22
2025-05-01T16:10:05Z,26.67,6.23,64.12,28.92,8.94,49.3,11.77
2025-05-01T17:35:30Z,12.28,6.26,50.09,31.38,27.24,277.14,20.09
2025-05-01T19:33:09Z,16.86,6.27,73.24,38.87,13.03,141.13,14.32
2025-05-01T21:27:49Z,23.26,6.47,73.5,54.6,15.83,101.06,16.21
2025-05-01T23:23:20Z,29.06,6.25,60.91,59.83,34.31,190.74,18.26
2025-05-02T01:21:09Z,24.86,6.57,67.23,86.01,36.73,177.04,16.56
2025-05-02T03:11:28Z,23.01,6.05,68.78,74.73,34.61,130.97,12.69
2025-05-02T04:25:44Z,25.6,5.56,75.85,48.67,38.3,136.34,12.92
2025-05-02T06:40:53Z,23.02,6.37,60.57,56.59,26.19,166.14,18.9
2025-05-02T08:26:09Z,14.9,7.13,59.0,30.44,18.94,187.69,12.33
2025-05-02T09:48:30Z,11.25,6.17,56.28,35.64,16.61,165.72,19.46
2025-05-02T11:37:59Z,21.19,6.17,69.76,78.48,21.09,124.89,13.94
2025-05-02T13:38:52Z,22.65,6.24,64.23,65.1,39.51,104.43,11.11
2025-05-02T14:30:04Z,23.57,7.45,63.94,59.79,28.81,159.43,16.16
2025-05-02T16:58:39Z,17.62,6.18,75.92,41.71,11.72,102.98,17.08
2025-05-02T18:56:55Z,21.58,6.26,68.84,69.38,31.41,166.45,12.7
2025-05-02T20:30:27Z,24.83,6.36,62.82,76.1,27.33,155.47,12.48
2025-05-02T21:49:40Z,28.01,6.38,69.62,75.94,34.79,183.48,9.85
2025-05-03T00:02:02Z,27.28,6.28,64.16,69.22,28.48,171.72,16.65
2025-05-03T01:44:08Z,27.75,6.2,76.94,59.81,19.66,173.1,14.26
2025-05-03T03:04:04Z,23.64,6.69,64.53,65.84,24.84,177.01,16.33
2025-05-03T05:03:50Z,24.0,6.34,87.76,46.44,21.66,129.71,15.77
2025-05-03T07:06:06Z,24.9,6.48,64.07,64.63,24.47,177.15,14.13
2025-05-03T08:24:56Z,21.27,6.03,79.98,90.89,20.35,170.88,9.39
2025-05-03T10:44:34Z,13.31,7.45,59.93,23.34,24.38,238.9,11.51
2025-05-03T11:47:56Z,25.24,5.78,72.73,37.19,36.19,192.63,10.83
2025-05-03T14:02:45Z,12.02,7.18,53.93,21.14,19.89,281.68,10.7
2025-05-03T15:56:15Z,17.91,6.62,76.03,49.28,19.8,130.54,17.92
2025-05-03T17:24:42Z,23.13,6.17,61.7,65.37,32.09,163.8,17.67
2025-05-03T18:31:39Z,21.75,5.7,65.33,69.93,22.42,195.59,15.62
2025-05-03T20:19:29Z,21.98,6.26,67.05,51.22,38.62,104.1,12.09
2025-05-03T22:10:31Z,26.48,6.04,69.08,67.33,35.61,186.53,10.48
2025-05-03T23:54:49Z,22.54,7.0,66.56,58.95,29.1,146.71,22.1
2025-05-04T01:55:00Z,22.83,6.31,70.12,35.3,14.27,118.53,16.01
2025-05-04T03:44:17Z,20.11,5.81,69.2,34.99,9.62,63.48,17.16
2025-05-04T05:44:07Z,27.07,6.28,69.58,30.18,10.95,68.25,17.66
2025-05-04T07:05:30Z,25.19,6.24,71.87,92.41,22.91,174.89,12.14
2025-05-04T08:50:40Z,23.41,5.97,70.68,30.71,19.82,127.94,4.39
2025-05-04T10:50:52Z,27.93,6.11,64.69,35.26,12.87,60.26,12.39
2025-05-04T12:14:03Z,28.11,6.79,66.97,63.25,22.01,105.31,14.52
2025-05-04T13:52:19Z,24.21,6.07,64.28,96.32,21.45,183.4,11.54
2025-05-04T16:11:46Z,21.19,7.04,67.63,60.73,24.18,160.62,14.33
2025-05-04T18:15:29Z,27.38,5.93,61.45,76.22,36.02,188.78,8.89
2025-05-04T19:22:34Z,24.84,6.13,67.2,99.5,31.27,143.02,17.26
2025-05-04T21:06:34Z,20.21,6.06,51.23,34.15,23.28,259.49,8.49
2025-05-04T22:49:34Z,19.85,6.69,68.38,63.35,33.49,182.79,11.67
2025-05-05T00:22:37Z,24.9,7.47,64.77,60.97,32.21,176.99,8.28
2025-05-05T02:37:35Z,24.46,6.23,62.85,29.06,5.55,66.26,7.3
2025-05-05T03:47:01Z,24.62,5.65,83.69,52.29,39.91,115.85,10.45
2025-05-05T05:40:32Z,25.74,7.46,66.33,77.23,22.08,195.58,10.18
2025-05-05T07:49:20Z,21.48,6.56,72.47,85.93,23.34,174.32,13.83
2025-05-05T09:29:23Z,22.26,6.0,74.27,58.55,25.49,188.61,9.23
2025-05-05T10:53:17Z,27.8,6.51,72.25,79.25,19.3,169.34,22.25
2025-05-05T12:46:12Z,25.8,6.05,75.6,50.68,17.03,152.11,16.01
2025-05-05T14:29:13Z,28.13,7.0,62.95,73.54,26.93,101.44,16.8
2025-05-05T16:55:40Z,15.52,6.69,70.35,47.77,18.05,146.54,19.02
2025-05-05T18:43:12Z,22.01,6.15,66.7,42.55,38.07,197.91,10.73
2025-05-05T20:07:22Z,24.15,6.55,76.15,73.31,16.34,160.31,18.14
2025-05-05T22:04:27Z,16.22,6.01,54.06,25.69,28.28,239.36,8.72
2025-05-05T23:53:10Z,11.75,6.57,68.73,42.67,28.34,127.3,15.74
2025-05-06T00:51:47Z,24.63,6.43,60.48,25.41,6.65,47.87,10.12
2025-05-06T02:39:34Z,10.59,6.34,60.2,58.13,32.02,121.69,18.44
2025-05-06T04:49:24Z,12.77,6.58,55.81,38.26,20.43,160.52,5.49
2025-05-06T06:25:28Z,12.23,6.13,52.05,36.99,18.23,239.56,12.81
2025-05-06T08:42:30Z,26.19,5.5,63.53,53.62,24.28,115.89,18.13
2025-05-06T10:01:56Z,23.09,6.24,65.82,79.99,22.81,140.77,18.82
2025-05-06T12:08:55Z,25.88,6.46,66.89,78.75,35.89,138.47,10.64
2025-05-06T13:25:11Z,23.84,6.1,79.93,47.92,17.6,149.17,16.07
2025-05-06T15:37:42Z,29.8,5.51,61.23,27.52,10.97,72.46,17.59
2025-05-06T17:27:31Z,28.66,6.13,67.03,89.22,26.01,137.74,16.01
2025-05-06T19:04:20Z,23.6,6.89,61.28,51.99,33.74,121.03,15.88
2025-05-06T20:11:42Z,26.6,6.24,78.04,78.26,27.12,195.01,12.95
2025-05-06T22:01:20Z,26.48,5.86,86.38,35.13,30.62,113.52,10.94
2025-05-06T23:40:56Z,16.19,6.62,78.25,49.9,15.97,102.22,18.84
2025-05-07T02:09:11Z,22.16,6.15,61.17,92.42,39.06,196.66,13.86
2025-05-07T03:55:39Z,11.97,6.16,59.3,39.58,19.81,252.3,15.04
2025-05-07T05:20:13Z,21.48,6.28,71.89,65.56,19.34,152.27,14.94
2025-05-07T07:23:54Z,14.47,6.55,78.69,54.67,11.57,124.19,11.81
2025-05-07T08:19:28Z,27.39,6.6,65.56,96.94,37.82,171.86,15.59
2025-05-07T10:56:24Z,11.36,6.26,57.86,38.33,21.97,243.96,11.29
2025-05-07T12:19:19Z,19.14,5.95,73.79,26.81,16.07,133.33,9.51
2025-05-07T13:40:28Z,27.28,5.67,68.62,23.45,8.21,47.13,15.48
2025-05-07T15:37:58Z,24.68,5.57,69.15,60.96,31.8,165.04,13.7
2025-05-07T17:47:59Z,25.98,5.94,88.65,53.17,29.6,103.96,16.34
2025-05-07T18:55:54Z,24.52,5.62,73.38,38.6,24.48,122.77,14.52
2025-05-07T21:13:33Z,27.6,6.17,68.69,66.28,23.65,119.62,16.97
2025-05-07T22:30:07Z,24.85,5.75,64.03,37.67,6.74,78.55,23.33
2025-05-08T00:48:20Z,24.33,5.51,68.62,81.1,31.05,111.41,13.32
2025-05-08T02:45:20Z,29.35,6.21,64.18,61.77,35.98,125.97,15.97
2025-05-08T04:23:34Z,13.42,6.61,50.07,36.1,20.63,158.26,24.32
2025-05-08T05:41:24Z,28.99,5.79,67.92,75.47,23.58,123.99,10.67
2025-05-08T07:26:44Z,21.79,6.44,69.12,47.88,24.08,138.85,17.17
2025-05-08T09:37:28Z,22.9,6.21,68.79,71.75,29.69,150.33,18.77
2025-05-08T11:14:37Z,21.93,6.51,62.95,71.8,20.03,185.12,14.74
2025-05-08T12:24:34Z,10.62,6.34,74.32,30.05,18.45,125.74,20.07
2025-05-08T14:58:48Z,21.86,5.58,69.49,34.83,7.45,62.45,13.81
2025-05-08T16:02:41Z,26.38,5.85,60.06,26.18,10.72,46.96,14.1
2025-05-08T18:21:46Z,19.52,6.91,55.96,35.4,28.43,156.06,15.71
2025-05-08T20:09:25Z,28.38,6.08,74.0,51.29,23.82,169.54,17.74
2025-05-08T21:39:40Z,14.04,6.6,73.95,30.08,11.11,129.94,21.41
2025-05-08T23:02:38Z,26.02,6.74,72.39,71.01,26.88,157.07,14.64
2025-05-09T01:07:29Z,28.66,6.2,66.85,81.88,23.23,142.26,17.43
2025-05-09T03:05:45Z,28.73,6.13,64.61,40.22,30.39,174.94,10.53
2025-05-09T04:43:22Z,24.88,5.63,72.39,30.87,32.45,113.93,17.07
2025-05-09T05:55:29Z,24.43,6.78,76.43,79.58,16.18,155.01,20.47
2025-05-09T07:45:32Z,26.57,6.36,82.33,39.71,39.82,183.69,20.72
2025-05-09T09:47:12Z,15.6,5.92,77.74,28.91,18.75,110.65,3.93
2025-05-09T11:17:54Z,23.29,6.74,66.19,74.96,35.29,184.65,10.06
2025-05-09T13:40:17Z,25.12,5.67,87.67,34.46,38.29,159.74,14.09
2025-05-09T14:54:48Z,12.35,6.21,67.54,65.8,23.8,199.68,15.99
2025-05-09T16:27:39Z,28.14,6.33,69.45,25.61,11.47,69.43,15.97
2025-05-09T18:37:15Z,11.68,6.55,56.44,28.88,21.05,157.98,15.02
2025-05-09T20:26:30Z,17.85,5.82,77.1,30.4,11.11,140.47,7.72
2025-05-09T22:22:47Z,27.1,6.71,60.49,74.92,21.17,112.12,18.24
2025-05-09T23:26:25Z,23.26,6.01,60.5,87.83,34.37,184.48,15.47
2025-05-10T01:29:50Z,29.01,6.3,73.31,41.63,29.82,199.33,13.3
2025-05-10T03:09:53Z,23.06,6.33,65.23,96.26,22.24,144.01,20.31
2025-05-10T05:20:32Z,14.2,6.93,65.41,46.07,33.13,114.93,19.21
2025-05-10T06:56:29Z,26.99,6.27,75.91,76.25,29.25,173.11,13.83
2025-05-10T08:31:31Z,23.45,6.68,78.44,81.44,28.22,199.68,12.37
2025-05-10T10:01:38Z,23.16,6.03,61.99,47.51,26.19,137.73,22.84
2025-05-10T12:32:16Z,20.87,5.67,77.16,38.84,16.06,141.61,22.11
2025-05-10T13:51:17Z,23.47,6.2,70.55,38.69,12.97,140.58,18.08
2025-05-10T15:50:12Z,29.39,6.28,75.04,75.63,15.28,193.59,14.07
2025-05-10T17:34:55Z,23.33,5.95,69.13,52.15,25.22,110.81,15.05
2025-05-10T19:07:29Z,23.13,6.78,75.76,36.59,18.57,106.11,12.48
2025-05-10T20:54:38Z,28.26,5.81,68.27,21.21,13.11,64.68,10.67
2025-05-10T22:48:57Z,26.79,5.74,85.12,53.74,28.07,157.58,13.56
2025-05-11T00:15:59Z,23.64,6.57,67.68,71.35,22.18,184.02,12.61
2025-05-11T02:01:24Z,10.08,6.8,79.73,52.99,13.42,128.88,10.5
2025-05-11T04:09:42Z,20.53,6.19,73.1,52.74,12.31,121.8,3.24
2025-05-11T05:15:40Z,23.49,6.31,60.58,35.42,10.9,45.6,25.5
2025-05-11T07:12:18Z,22.04,6.75,60.39,56.57,20.5,186.04,19.28
2025-05-11T08:47:53Z,20.86,6.21,66.94,29.82,9.42,49.15,3.52
2025-05-11T10:27:37Z,29.11,6.66,67.86,54.91,31.13,169.42,7.07
2025-05-11T12:20:10Z,25.05,5.91,63.95,79.55,39.31,107.32,18.27
2025-05-11T14:08:19Z,29.95,5.84,63.88,63.01,29.5,118.93,8.6
2025-05-11T16:26:34Z,27.57,5.52,68.41,93.48,27.28,177.04,13.27
2025-05-11T17:38:02Z,24.08,6.76,62.16,54.71,24.82,197.79,8.95
2025-05-11T19:56:03Z,10.61,6.59,77.78,38.18,19.57,141.47,16.12
2025-05-11T21:16:47Z,17.0,5.91,78.33,38.69,15.93,121.62,8.49
2025-05-11T22:58:48Z,24.64,6.42,72.93,52.2,27.96,140.73,8.7
2025-05-12T00:47:08Z,23.62,5.54,64.36,39.18,9.01,65.31,15.52
2025-05-12T02:37:39Z,26.64,6.66,60.08,86.34,31.0,130.96,12.15
2025-05-12T04:20:39Z,23.82,5.6,63.35,95.01,22.9,180.97,14.44
2025-05-12T05:42:01Z,20.7,5.71,70.96,24.73,11.87,100.06,18.28
2025-05-12T07:35:26Z,19.38,6.51,59.5,28.2,26.37,175.5,18.15
2025-05-12T09:47:36Z,16.99,6.18,70.37,36.29,16.39,103.66,15.63
2025-05-12T11:40:07Z,21.13,6.67,63.27,60.16,38.86,130.97,14.24
2025-05-12T12:38:24Z,25.96,6.55,77.28,89.69,22.32,164.24,17.11
2025-05-12T14:21:39Z,22.42,6.08,69.32,67.48,23.53,153.59,10.11
2025-05-12T16:17:05Z,16.21,6.73,75.65,50.57,12.11,136.36,9.72
2025-05-12T18:00:19Z,25.85,6.31,79.15,55.2,28.26,187.67,19.07
2025-05-12T19:55:36Z,18.68,7.47,52.38,25.68,23.11,165.93,13.2
2025-05-12T21:25:11Z,19.19,6.63,77.68,50.61,18.01,131.08,13.25
2025-05-12T23:50:07Z,25.04,5.61,81.13,48.19,37.4,162.76,14.69
2025-05-13T01:44:10Z,10.27,6.43,77.4,55.07,14.21,137.21,7.15
2025-05-13T03:06:53Z,18.68,6.26,78.55,30.73,11.7,100.23,16.58
2025-05-13T04:53:35Z,22.75,6.47,67.89,96.56,33.53,122.17,20.84
2025-05-13T06:39:36Z,25.29,6.13,68.72,75.04,29.31,110.25,14.36
2025-05-13T08:48:52Z,27.64,6.95,65.63,40.01,37.54,141.17,18.68
2025-05-13T10:12:07Z,26.27,5.76,89.66,44.92,24.52,185.62,4.26
2025-05-13T11:22:25Z,24.42,6.77,62.08,78.77,22.07,142.37,11.52
2025-05-13T13:34:40Z,28.35,6.46,75.69,50.22,22.68,130.8,16.27
2025-05-13T15:21:03Z,13.33,7.16,54.99,23.07,17.05,181.44,13.14
2025-05-13T16:56:50Z,29.29,6.04,74.92,50.6,21.43,165.07,17.52
2025-05-13T18:22:51Z,26.3,6.34,73.76,40.9,26.24,168.12,10.86
2025-05-13T20:07:40Z,28.9,6.34,69.27,55.29,21.96,164.2,17.52
2025-05-13T22:43:41Z,26.72,6.65,64.8,87.94,30.35,131.4,20.44
2025-05-13T23:56:12Z,24.93,6.42,84.32,56.25,29.47,119.37,16.63
2025-05-14T01:49:57Z,13.27,6.22,72.0,33.78,15.49,128.14,12.94
2025-05-14T03:14:45Z,28.32,5.53,65.22,85.75,29.26,111.8,13.02
2025-05-14T05:42:46Z,26.76,6.46,69.36,36.06,10.68,77.44,18.74
2025-05-14T06:43:07Z,24.75,6.77,75.59,80.88,23.39,150.22,10.05
2025-05-14T08:58:30Z,18.18,5.62,76.73,22.86,19.57,115.96,12.55
2025-05-14T10:52:31Z,18.59,7.37,57.84,39.23,17.14,251.2,9.88
2025-05-14T12:29:08Z,25.74,5.77,62.23,91.2,30.17,126.62,13.48
2025-05-14T14:34:07Z,29.14,6.26,63.74,71.15,32.68,191.76,15.52
2025-05-14T15:38:48Z,24.75,6.25,86.27,44.15,23.86,114.78,15.94
2025-05-14T17:39:38Z,25.92,6.73,60.63,77.08,36.44,124.85,11.08
2025-05-14T19:37:04Z,19.22,6.8,68.66,52.11,39.27,114.23,12.37
2025-05-14T21:00:01Z,27.7,5.93,79.06,55.18,37.7,104.52,15.07
2025-05-14T22:25:10Z,27.29,6.05,61.82,47.97,32.42,161.61,11.11
2025-05-15T00:07:56Z,24.49,5.99,71.41,48.31,35.71,101.98,12.78
2025-05-15T02:16:03Z,22.92,5.73,70.14,33.43,18.7,122.05,13.48
2025-05-15T03:59:53Z,27.64,6.48,67.76,72.79,30.63,140.37,16.87
2025-05-15T06:13:21Z,24.08,5.77,77.48,43.84,35.42,141.42,9.28
2025-05-15T07:48:50Z,24.07,5.71,69.15,51.8,25.84,178.48,13.64
2025-05-15T09:14:45Z,20.8,7.2,58.1,24.29,21.97,172.3,16.41
2025-05-15T11:00:37Z,24.59,5.51,68.14,69.42,34.89,149.7,13.45
2025-05-15T12:37:56Z,22.41,5.91,62.13,29.67,8.21,61.0,15.52
2025-05-15T14:23:12Z,22.56,5.63,69.88,99.63,30.28,109.66,15.1
2025-05-15T15:57:07Z,25.13,6.32,64.73,37.28,12.65,74.31,18.53
2025-05-15T18:23:21Z,24.89,6.12,65.01,91.24,22.65,147.33,18.18
2025-05-15T19:44:27Z,18.28,5.51,73.96,37.5,10.11,138.12,16.24
2025-05-15T21:18:02Z,21.67,6.17,75.37,88.83,21.84,167.06,18.62
2025-05-15T23:22:56Z,27.19,6.15,61.84,96.49,30.62,118.43,15.21
2025-05-16T01:21:25Z,21.04,5.83,71.06,30.45,12.2,136.27,18.51
2025-05-16T02:50:18Z,20.63,5.71,79.05,29.06,14.14,149.81,10.42
2025-05-16T04:24:48Z,24.76,5.79,65.75,32.3,5.15,40.08,19.71
2025-05-16T05:53:09Z,22.41,5.64,66.22,62.62,31.7,186.86,15.4
2025-05-16T07:58:16Z,23.91,6.41,61.51,88.78,30.01,165.97,11.59
2025-05-16T10:00:47Z,20.86,6.33,50.27,39.93,19.31,220.52,17.82
2025-05-16T11:13:24Z,26.48,6.46,79.11,66.29,27.45,189.64,15.49
2025-05-16T13:37:51Z,24.61,6.01,63.45,99.87,25.87,163.51,12.86
2025-05-16T14:50:51Z,12.56,6.85,60.43,60.76,29.49,127.19,12.07
2025-05-16T17:14:04Z,26.96,6.13,64.41,66.05,27.09,151.21,19.25
2025-05-16T18:52:26Z,26.39,6.79,62.8,73.87,23.9,167.81,11.5
2025-05-16T20:16:43Z,20.81,6.99,63.44,76.22,39.83,130.26,19.93
2025-05-16T22:06:42Z,26.31,6.15,64.5,36.1,7.98,64.96,16.64
2025-05-17T00:15:43Z,24.1,5.61,63.59,23.14,13.8,42.77,20.81
2025-05-17T01:12:09Z,23.47,6.89,67.05,49.12,21.95,164.83,17.75
2025-05-17T03:11:41Z,20.75,6.0,60.12,30.9,14.13,71.79,10.16
2025-05-17T04:55:12Z,20.63,7.31,58.49,37.16,15.89,224.05,28.96
2025-05-17T06:49:34Z,20.81,7.13,57.86,22.36,18.54,287.7,19.15
2025-05-17T09:02:05Z,26.33,6.2,72.24,67.05,26.96,179.71,15.89
2025-05-17T09:58:28Z,13.28,6.09,76.3,42.87,19.27,115.48,22.02
2025-05-17T12:26:13Z,23.71,6.4,69.06,20.7,8.17,56.05,15.89
2025-05-17T13:45:16Z,26.53,6.42,73.23,73.48,22.01,164.9,13.15
2025-05-17T15:25:58Z,22.11,5.61,77.73,39.35,10.11,148.38,22.06
2025-05-17T17:24:47Z,16.87,5.58,71.26,32.23,10.29,115.0,18.06
2025-05-17T19:06:32Z,20.16,6.29,55.77,21.86,26.54,290.25,16.77
2025-05-17T21:06:53Z,27.54,6.85,63.25,46.67,22.06,144.2,22.45
2025-05-17T23:03:41Z,20.99,6.25,51.4,25.12,21.31,188.25,12.23
2025-05-18T00:22:03Z,21.48,6.11,64.05,56.35,38.02,117.4,22.42
2025-05-18T02:22:49Z,28.77,6.32,81.63,50.35,34.25,191.17,11.94
2025-05-18T03:50:01Z,21.47,6.32,78.87,60.7,27.27,191.93,14.08
2025-05-18T05:24:45Z,21.33,7.2,67.44,68.92,39.13,163.05,11.36
2025-05-18T07:44:45Z,22.06,6.26,78.48,86.17,25.1,197.49,11.37
2025-05-18T09:15:02Z,22.47,6.5,77.45,65.03,23.65,185.25,15.18
2025-05-18T11:10:42Z,28.87,6.3,75.85,63.55,21.14,154.35,15.6
2025-05-18T12:42:59Z,23.34,6.46,62.16,74.29,33.72,197.04,18.61
2025-05-18T14:07:19Z,29.4,6.23,74.31,62.57,27.77,168.72,10.39
2025-05-18T16:22:55Z,27.34,5.97,68.36,87.23,22.53,137.42,21.93
2025-05-18T17:54:45Z,25.21,6.16,61.72,67.37,25.53,157.16,13.09
2025-05-18T19:26:10Z,24.09,5.84,78.12,42.2,28.43,166.12,19.88
2025-05-18T21:34:51Z,17.26,6.29,70.97,59.37,14.85,115.88,12.71
2025-05-18T23:36:10Z,21.53,6.07,77.24,33.19,15.36,128.57,15.39
2025-05-19T01:01:38Z,28.64,5.53,83.01,56.89,35.42,100.95,10.13
2025-05-19T02:57:38Z,28.02,6.17,78.76,51.69,20.47,155.99,11.06
2025-05-19T04:17:56Z,17.09,5.9,61.18,43.65,21.3,183.37,10.98
2025-05-19T06:09:40Z,24.33,6.25,65.79,44.8,30.88,100.31,16.37
2025-05-19T08:09:55Z,21.55,6.23,61.74,40.16,21.39,188.1,16.88
2025-05-19T10:00:26Z,22.8,6.62,77.06,36.56,19.37,101.35,13.37
2025-05-19T11:14:58Z,26.64,5.53,65.86,67.23,27.48,164.09,19.37
2025-05-19T13:36:58Z,18.73,5.76,79.79,24.32,17.43,149.78,15.63
2025-05-19T14:37:10Z,23.51,6.31,76.79,38.87,18.68,118.68,13.42
2025-05-19T17:06:04Z,24.14,6.38,63.67,68.95,24.96,119.59,7.77
2025-05-19T18:37:27Z,22.16,6.38,71.34,36.6,19.34,130.1,19.18
2025-05-19T19:49:21Z,28.21,6.24,87.48,59.56,28.76,174.53,14.6
2025-05-19T21:51:08Z,15.66,6.01,77.21,34.3,10.75,110.46,20.88
2025-05-19T23:24:44Z,10.21,6.25,71.19,34.21,13.89,145.53,17.04
2025-05-20T01:10:15Z,22.91,6.29,62.9,83.23,39.11,108.0,16.78
2025-05-20T03:32:56Z,29.43,6.65,62.87,75.62,38.03,152.54,17.19
2025-05-20T05:01:47Z,22.21,6.66,66.58,77.68,23.98,121.99,10.46
2025-05-20T06:38:22Z,25.7,6.36,76.13,69.7,18.82,191.07,6.32
2025-05-20T08:07:26Z,27.2,6.28,60.76,53.31,37.2,123.35,19.43
2025-05-20T09:49:33Z,26.35,6.18,77.3,60.37,20.13,160.22,14.71
2025-05-20T12:17:37Z,28.76,6.45,65.39,41.91,22.6,150.03,15.94
2025-05-20T14:03:36Z,21.14,5.72,75.67,39.2,10.11,123.22,13.89
2025-05-20T15:37:46Z,26.06,5.63,71.73,40.15,22.17,137.94,20.43
2025-05-20T17:37:00Z,22.22,5.58,70.38,20.29,16.79,130.33,21.76
2025-05-20T19:17:16Z,21.33,6.04,60.27,53.89,35.91,125.92,16.74
2025-05-20T20:10:15Z,26.81,6.8,69.34,73.56,38.38,176.08,23.8
2025-05-20T22:15:21Z,18.91,7.14,50.01,32.8,29.9,223.2,18.11
2025-05-21T00:20:02Z,10.27,6.29,79.03,59.8,16.99,141.78,14.41
2025-05-21T01:51:47Z,24.57,5.83,77.35,37.11,31.12,167.7,16.44
2025-05-21T03:33:50Z,28.46,7.34,67.68,66.19,33.82,196.81,10.49
2025-05-21T05:21:10Z,28.33,6.53,76.87,59.47,17.16,174.5,6.69
2025-05-21T07:36:26Z,28.24,6.33,69.16,27.43,9.67,59.83,14.49
2025-05-21T08:31:47Z,22.93,5.59,63.31,87.85,38.8,181.65,12.46
2025-05-21T10:48:09Z,25.89,7.24,66.27,52.22,31.08,170.65,13.88
2025-05-21T12:29:50Z,22.26,6.48,78.8,33.36,11.87,133.27,4.56
2025-05-21T14:24:35Z,17.65,5.58,76.77,27.15,16.78,137.01,20.09
2025-05-21T16:00:09Z,25.94,6.19,65.45,71.44,28.57,143.59,5.29
2025-05-21T17:26:31Z,13.0,6.48,72.19,46.5,11.68,139.82,12.95
2025-05-21T19:35:18Z,29.21,5.89,86.3,49.68,32.85,133.04,14.93
2025-05-21T20:47:44Z,28.45,6.18,60.15,77.31,29.0,121.88,15.45
2025-05-21T23:21:15Z,22.46,5.75,63.99,99.31,23.74,187.03,11.06
2025-05-22T00:49:21Z,20.24,7.38,53.66,30.31,22.39,269.91,14.26
2025-05-22T02:45:17Z,21.72,6.29,62.12,53.64,33.2,172.68,6.84
2025-05-22T03:55:39Z,23.05,5.64,71.2,36.31,11.42,110.77,17.79
2025-05-22T05:31:52Z,25.22,6.78,73.69,68.51,22.1,177.02,13.67
2025-05-22T07:21:34Z,26.51,5.53,66.86,34.33,13.68,64.05,15.71
2025-05-22T09:22:31Z,13.78,6.01,74.95,55.15,11.02,132.55,18.4
2025-05-22T10:57:02Z,16.05,6.66,68.24,46.39,38.43,175.9,15.9
2025-05-22T13:01:08Z,12.56,6.45,51.95,31.75,29.38,189.08,13.76
2025-05-22T14:35:20Z,28.71,5.71,88.34,58.77,35.72,161.98,14.23
2025-05-22T16:32:03Z,23.09,6.36,74.0,26.41,12.07,126.82,12.83
2025-05-22T18:08:45Z,17.92,6.4,70.29,39.84,18.93,101.44,11.59
2025-05-22T19:43:49Z,25.45,7.14,62.53,42.73,31.23,170.6,15.44
2025-05-22T22:03:26Z,27.98,6.43,63.73,39.67,13.73,78.69,18.83
2025-05-22T23:43:47Z,21.43,5.96,65.77,58.28,23.92,139.79,13.27
2025-05-23T01:05:05Z,21.5,6.34,62.5,84.45,34.0,116.8,15.33
2025-05-23T03:06:22Z,25.26,6.03,68.62,79.05,31.19,134.51,14.1
2025-05-23T04:12:25Z,26.23,6.17,81.67,40.4,27.56,175.2,18.52
2025-05-23T05:58:48Z,29.17,6.22,70.81,59.82,33.25,149.43,9.39
2025-05-23T08:27:16Z,26.34,5.71,61.66,91.74,32.02,150.17,20.73
2025-05-23T09:42:25Z,23.01,6.21,77.88,60.38,24.29,155.53,11.62
2025-05-23T11:47:55Z,21.6,6.11,68.13,67.08,35.58,153.19,10.14
2025-05-23T13:43:03Z,18.82,6.33,77.31,58.9,14.68,143.22,19.17
2025-05-23T15:05:02Z,21.7,6.39,72.4,52.58,24.29,166.73,20.52
2025-05-23T17:01:48Z,28.21,6.21,78.55,99.39,22.23,187.67,11.04
2025-05-23T19:09:31Z,27.29,6.14,67.35,69.74,34.52,140.58,15.34
2025-05-23T19:55:54Z,21.78,6.35,78.76,45.0,18.32,100.43,19.75
2025-05-23T22:07:13Z,27.42,6.25,62.98,87.75,32.83,126.51,23.92
2025-05-23T23:45:59Z,23.29,6.7,64.13,64.37,30.55,118.82,10.52
2025-05-24T01:16:38Z,22.92,6.8,63.02,48.38,24.49,121.79,21.89
2025-05-24T03:15:49Z,26.47,6.29,72.21,73.51,25.52,169.81,12.01
2025-05-24T04:54:54Z,26.13,5.75,88.6,56.03,23.79,173.17,16.63
2025-05-24T06:55:32Z,22.93,5.92,68.82,42.63,29.06,185.89,12.9
2025-05-24T08:53:43Z,23.88,5.84,61.84,51.95,34.66,142.2,11.59
2025-05-24T10:39:39Z,19.18,7.48,58.44,21.63,27.83,203.97,22.43
2025-05-24T12:08:26Z,26.95,6.73,71.54,82.63,19.31,157.6,15.82
2025-05-24T13:31:12Z,24.58,6.06,61.09,45.99,20.51,176.25,11.47
2025-05-24T16:06:57Z,24.22,6.79,67.02,68.0,20.58,182.19,15.91
2025-05-24T17:46:06Z,22.16,5.72,66.3,57.83,27.23,131.11,9.82
2025-05-24T19:09:01Z,29.23,6.38,65.94,92.24,37.56,138.67,18.56
2025-05-24T20:54:43Z,21.47,6.28,65.29,40.37,25.61,190.25,13.15
2025-05-24T23:10:46Z,29.43,6.37,72.81,58.64,29.06,151.71,16.74
2025-05-25T00:06:53Z,22.61,6.24,60.63,55.91,38.86,113.82,13.95
2025-05-25T02:28:39Z,25.78,5.99,62.3,82.23,33.48,124.74,14.84
2025-05-25T03:54:44Z,26.05,6.42,69.84,71.68,21.48,101.06,16.62
2025-05-25T05:52:09Z,14.76,6.72,59.15,22.89,23.22,257.35,14.22
2025-05-25T07:18:24Z,26.1,6.27,71.53,98.22,27.34,196.11,9.35
2025-05-25T09:12:04Z,29.14,5.61,77.67,45.24,22.07,170.91,12.39
2025-05-25T11:09:57Z,23.65,6.25,64.68,88.86,22.5,169.14,7.8
2025-05-25T12:54:59Z,19.46,7.11,53.22,28.79,28.72,287.33,16.92
2025-05-25T14:39:59Z,23.78,6.26,62.13,61.37,39.95,138.42,19.4
2025-05-25T15:50:33Z,29.36,5.56,69.44,60.73,25.01,154.75,17.96
2025-05-25T17:47:09Z,25.74,5.95,66.94,93.7,31.65,140.55,15.02
2025-05-25T19:32:46Z,22.42,6.2,74.44,76.06,21.74,180.63,13.03
2025-05-25T21:13:25Z,28.64,5.57,65.52,97.25,28.11,141.26,13.96
2025-05-25T23:16:40Z,29.08,6.11,69.49,68.37,22.0,138.65,13.22
2025-05-26T01:10:46Z,22.23,6.63,75.89,57.39,28.19,162.06,7.5
2025-05-26T03:03:34Z,19.75,6.6,52.37,35.2,29.67,171.45,19.1
2025-05-26T04:24:31Z,20.17,6.7,52.97,23.31,17.91,190.2,19.37
2025-05-26T06:35:40Z,23.9,6.34,72.72,60.9,26.58,169.11,19.54
2025-05-26T08:26:13Z,16.85,6.28,73.69,37.12,16.81,105.04,13.14
2025-05-26T10:01:49Z,27.99,6.56,62.5,54.96,30.38,179.77,16.82
2025-05-26T11:37:09Z,26.42,6.34,76.32,52.77,22.36,187.54,17.03
2025-05-26T13:38:08Z,28.75,6.17,71.02,73.52,18.14,189.6,13.26
2025-05-26T14:32:29Z,24.28,6.06,78.98,51.9,32.57,183.17,18.2
2025-05-26T16:40:04Z,19.92,6.11,70.27,25.79,11.03,119.64,11.95
2025-05-26T18:22:34Z,21.91,5.61,64.67,53.8,33.65,157.44,18.29
2025-05-26T20:38:49Z,18.54,6.5,73.68,52.22,17.7,100.26,17.37
2025-05-26T21:28:27Z,27.3,6.5,63.83,73.81,29.86,118.79,12.84
2025-05-26T23:50:02Z,26.51,5.77,68.68,93.35,25.09,180.92,11.17
2025-05-27T01:03:01Z,28.25,6.28,61.69,27.77,10.76,51.86,9.95
2025-05-27T03:13:34Z,20.07,6.3,67.66,22.67,10.6,67.85,17.21
2025-05-27T04:38:33Z,23.64,6.17,66.36,81.53,20.77,105.62,21.6
2025-05-27T06:15:27Z,22.9,6.46,70.9,38.07,10.6,114.89,11.11
2025-05-27T08:14:51Z,28.76,6.05,62.99,38.57,5.37,53.86,17.75
2025-05-27T09:52:19Z,21.66,5.85,65.24,24.87,11.97,57.02,18.63
2025-05-27T12:05:53Z,28.19,6.37,61.93,83.1,20.28,170.93,17.27
2025-05-27T13:20:12Z,26.55,5.92,66.51,27.15,9.19,75.14,20.45
2025-05-27T15:50:02Z,22.42,6.77,60.18,60.87,26.31,188.0,15.47
2025-05-27T17:13:15Z,27.04,6.7,63.67,70.96,35.13,166.94,17.43
2025-05-27T18:42:38Z,23.48,6.07,68.03,60.46,36.53,199.97,10.34
2025-05-27T21:01:03Z,18.0,5.58,70.14,29.18,18.9,145.12,18.13
2025-05-27T22:52:54Z,26.71,7.08,66.6,71.75,24.03,172.78,25.37
2025-05-28T00:35:48Z,14.56,6.27,51.9,28.93,16.19,261.17,14.23
2025-05-28T01:53:32Z,18.8,5.83,73.5,38.42,14.6,112.9,22.4
2025-05-28T03:21:23Z,20.0,6.53,75.2,31.24,18.51,141.09,12.21
2025-05-28T05:12:14Z,24.38,6.41,74.55,56.62,26.65,197.33,16.27
2025-05-28T07:38:49Z,23.39,5.98,60.08,52.46,34.39,165.38,13.6
2025-05-28T08:56:09Z,26.11,6.34,71.66,61.37,23.69,194.0,21.61
2025-05-28T10:24:56Z,26.62,6.39,67.51,64.81,38.16,132.08,12.87
2025-05-28T12:17:29Z,23.94,7.35,62.82,71.28,21.17,182.73,16.36
2025-05-28T14:00:35Z,28.05,5.96,62.4,90.91,26.16,130.52,15.44
2025-05-28T15:44:42Z,29.58,5.93,68.88,20.18,10.97,69.85,19.89
2025-05-28T17:38:01Z,24.58,6.27,61.25,21.63,14.25,71.65,9.36
2025-05-28T19:03:40Z,21.97,6.49,69.12,24.83,8.25,72.31,11.76
2025-05-28T20:43:33Z,14.3,6.46,53.25,39.36,23.12,253.08,6.05
2025-05-28T23:15:12Z,27.46,6.21,71.19,87.65,23.4,182.41,16.76
2025-05-29T00:40:04Z,23.39,6.08,65.35,28.55,9.82,57.57,12.25
2025-05-29T02:46:19Z,15.13,7.08,57.61,32.97,25.37,247.28,8.44
2025-05-29T04:11:53Z,27.41,6.47,89.84,42.43,22.59,193.96,14.69
2025-05-29T05:34:32Z,21.89,6.17,74.38,43.0,18.78,142.44,11.55
2025-05-29T07:51:05Z,29.24,5.98,78.31,47.1,34.57,135.21,18.77
2025-05-29T09:14:07Z,22.03,5.75,61.4,90.96,24.32,141.78,16.46
2025-05-29T11:15:17Z,26.85,6.79,71.53,63.79,29.81,159.81,27.76
2025-05-29T13:13:58Z,12.79,6.98,50.47,23.02,27.98,265.79,6.7
2025-05-29T15:07:59Z,21.25,6.22,65.09,44.85,36.36,156.62,8.9
2025-05-29T16:01:21Z,28.31,6.18,82.87,57.84,35.75,127.06,10.67
2025-05-29T17:43:38Z,23.92,6.03,76.18,60.37,23.36,161.99,14.85
2025-05-29T19:48:58Z,20.99,6.53,65.07,63.08,23.35,188.71,21.25
2025-05-29T21:40:18Z,17.78,6.1,55.55,26.81,18.21,188.49,13.86
2025-05-29T23:36:35Z,20.44,6.15,55.0,34.34,21.28,223.9,12.89
2025-05-30T00:46:14Z,26.8,6.39,89.75,47.72,22.61,181.6,11.94
2025-05-30T03:02:51Z,10.3,7.0,68.73,56.56,38.76,122.03,13.31
2025-05-30T04:47:08Z,15.76,6.09,72.18,30.0,17.06,145.3,23.36
2025-05-30T06:07:32Z,23.02,6.08,60.17,56.08,26.94,173.02,11.09
2025-05-30T07:49:42Z,21.94,6.13,64.24,72.88,37.69,151.75,12.73
2025-05-30T09:38:17Z,15.59,6.41,74.75,20.34,18.9,112.61,20.04
2025-05-30T11:31:25Z,22.5,5.75,60.02,23.45,10.79,74.25,16.0
2025-05-30T13:07:24Z,22.32,5.7,63.06,69.47,39.21,167.01,15.9
2025-05-30T15:17:47Z,28.2,6.28,75.85,79.37,23.68,192.61,20.91
2025-05-30T17:19:48Z,25.8,6.69,68.99,76.47,22.28,134.81,8.84
2025-05-30T18:38:24Z,24.43,6.28,86.41,37.19,26.83,187.28,18.28
2025-05-30T20:58:41Z,21.26,6.49,70.57,21.06,15.46,144.49,13.36
2025-05-30T22:01:50Z,11.57,6.44,63.41,77.02,23.75,138.79,9.22
2025-05-30T23:46:54Z,24.16,5.55,83.69,38.27,39.74,171.38,10.03
2025-05-31T01:49:13Z,20.0,6.05,73.28,31.5,10.99,127.65,11.33
2025-05-31T03:20:30Z,15.83,5.85,76.78,28.14,13.36,104.31,23.77
2025-05-31T05:34:18Z,28.84,6.5,87.32,55.33,33.06,162.01,22.64
2025-05-31T06:39:22Z,22.95,5.99,62.2,23.94,8.36,65.11,14.74
2025-05-31T08:52:01Z,21.84,6.36,60.74,30.44,7.82,58.99,18.97
2025-05-31T10:53:36Z,27.9,7.39,67.85,50.63,30.47,159.09,9.75
2025-05-31T12:14:11Z,22.61,6.65,68.79,69.61,37.2,108.79,17.41
2025-05-31T13:44:52Z,17.08,5.97,61.77,71.65,38.38,146.09,15.84
2025-05-31T15:26:43Z,19.58,6.35,72.84,47.63,12.89,146.38,18.41
2025-05-31T17:47:27Z,27.9,6.31,78.31,75.43,18.39,192.42,15.78
2025-05-31T19:16:11Z,16.94,5.6,79.42,26.49,10.76,125.28,1.45
2025-05-31T21:03:07Z,28.92,5.9,65.17,63.09,39.25,175.87,20.72
2025-05-31T22:17:09Z,23.21,7.41,62.03,48.84,26.56,191.93,2.41
2025-06-01T00:37:41Z,14.22,7.41,59.73,30.6,19.9,279.34,19.85
2025-06-01T02:17:33Z,19.97,5.63,74.81,27.77,18.77,124.91,12.88
2025-06-01T04:18:37Z,29.03,6.32,60.53,68.49,29.66,137.74,15.58
2025-06-01T06:13:41Z,26.87,6.83,69.86,67.94,24.21,152.76,17.49
2025-06-01T07:13:27Z,25.17,6.74,64.45,50.19,21.13,107.55,18.35
2025-06-01T09:43:51Z,25.96,5.65,64.56,25.16,5.49,59.09,13.18
2025-06-01T11:20:48Z,25.18,5.95,66.39,46.1,34.5,142.88,23.35
2025-06-01T12:49:22Z,23.91,6.49,74.84,47.51,39.36,192.49,17.55
2025-06-01T14:44:58Z,16.28,6.47,72.54,26.84,19.07,104.35,9.8
2025-06-01T16:24:42Z,28.56,6.01,80.31,40.35,37.92,164.33,18.71
2025-06-01T17:30:02Z,24.05,6.59,65.99,83.17,25.1,126.01,30.43
2025-06-01T19:50:42Z,22.3,6.42,65.75,22.82,12.57,66.37,15.3
2025-06-01T21:05:04Z,26.56,5.92,74.47,37.5,21.12,134.58,12.18
2025-06-01T23:01:40Z,22.5,5.64,61.45,95.55,28.41,157.14,15.77
2025-06-02T00:52:20Z,10.27,6.43,73.82,37.56,15.58,120.42,8.28
2025-06-02T02:16:43Z,24.95,6.39,70.11,53.21,35.55,102.55,12.28
2025-06-02T04:08:18Z,21.32,6.78,74.78,43.05,12.64,103.96,27.4
2025-06-02T06:11:55Z,25.09,5.97,83.58,40.26,28.36,104.38,7.74
2025-06-02T07:37:17Z,20.76,6.49,74.59,35.44,18.01,105.85,22.38
2025-06-02T10:12:13Z,24.08,5.95,61.64,66.68,20.59,117.93,14.51
2025-06-02T11:31:32Z,26.31,6.84,60.02,71.29,29.41,162.42,15.97
2025-06-02T13:41:52Z,28.77,5.69,87.87,57.26,35.98,165.48,13.65
2025-06-02T15:13:05Z,26.6,6.61,67.31,62.39,30.72,138.15,10.03
2025-06-02T16:33:37Z,24.45,6.1,62.53,50.51,32.95,173.27,14.59
2025-06-02T18:03:15Z,20.03,5.57,68.76,25.66,11.82,51.18,14.73
2025-06-02T20:30:05Z,18.65,6.25,79.45,38.0,11.09,140.77,11.44
2025-06-02T22:20:16Z,24.75,6.15,61.31,86.07,37.66,169.8,11.56
2025-06-03T00:05:30Z,27.38,6.33,66.0,89.21,30.21,138.61,21.69
2025-06-03T01:09:14Z,13.86,6.93,53.06,37.31,29.34,296.09,10.56
2025-06-03T02:59:52Z,29.27,6.2,77.17,76.29,21.35,177.63,20.28
2025-06-03T04:49:47Z,25.84,6.18,68.47,78.45,35.74,172.74,8.87
2025-06-03T06:37:34Z,27.22,6.68,61.5,56.42,39.88,151.69,17.2
2025-06-03T08:37:54Z,24.46,6.02,62.78,93.92,29.58,182.54,7.91
2025-06-03T10:26:42Z,20.83,6.04,75.86,55.41,16.77,135.6,11.66
2025-06-03T11:42:47Z,18.17,5.86,68.16,47.92,27.48,126.77,18.07
2025-06-03T13:32:03Z,16.34,5.54,74.64,30.71,13.84,102.79,23.79
2025-06-03T15:06:47Z,15.94,6.51,58.82,30.67,17.1,267.85,13.03
2025-06-03T16:47:08Z,22.38,6.22,64.14,99.94,28.98,177.92,16.6
2025-06-03T19:23:58Z,11.05,6.96,52.84,25.82,17.06,164.35,12.85
2025-06-03T20:43:16Z,16.83,7.1,58.45,24.87,20.2,200.36,13.36
2025-06-03T22:45:30Z,17.63,5.65,75.08,36.79,14.0,105.56,22.33
2025-06-03T23:56:24Z,25.75,5.69,78.54,58.48,25.45,191.09,18.79
2025-06-04T02:00:25Z,25.61,6.47,76.33,70.04,26.52,161.5,18.58
2025-06-04T04:06:11Z,20.47,6.29,72.18,58.55,16.34,145.6,16.33
2025-06-04T05:47:44Z,21.92,6.69,63.19,56.79,34.59,113.17,11.35
2025-06-04T07:27:12Z,12.28,6.57,75.4,39.32,10.95,142.66,19.5
2025-06-04T09:27:52Z,14.7,6.38,65.58,75.38,23.23,129.02,19.87
2025-06-04T10:41:11Z,21.29,5.86,60.14,31.77,7.59,70.87,9.79
2025-06-04T12:27:37Z,23.89,6.17,69.73,61.59,28.52,163.98,14.57
2025-06-04T14:18:41Z,25.92,7.01,64.23,69.18,21.9,174.42,14.28
2025-06-04T15:37:21Z,15.68,7.23,58.15,28.76,18.63,298.92,21.03
2025-06-04T18:07:52Z,25.75,7.4,66.85,59.55,24.12,131.7,11.18
2025-06-04T19:14:00Z,17.75,5.55,74.74,22.82,14.69,102.61,17.0
2025-06-04T21:15:57Z,26.77,6.47,84.19,49.52,37.64,170.0,13.63
2025-06-04T23:06:23Z,29.22,6.58,63.39,97.73,35.79,107.02,13.53
2025-06-05T00:39:42Z,13.12,6.21,64.25,58.18,30.19,137.82,21.63
2025-06-05T02:45:37Z,27.25,6.03,67.6,46.91,29.72,137.22,13.85
2025-06-05T04:33:17Z,28.04,6.36,63.73,80.02,35.0,190.76,12.63
2025-06-05T06:07:29Z,23.35,6.31,78.16,42.82,16.6,114.23,4.87
2025-06-05T07:59:30Z,26.45,5.94,67.98,48.39,37.04,105.63,13.84
2025-06-05T09:33:31Z,25.36,6.03,76.22,52.48,21.83,102.07,13.47
2025-06-05T11:16:27Z,23.24,6.04,73.02,83.48,16.75,176.05,22.08
2025-06-05T12:52:08Z,27.88,5.5,70.33,51.06,39.58,102.21,18.83
2025-06-05T14:26:48Z,13.03,6.16,73.23,53.54,14.32,115.42,21.77
2025-06-05T16:22:12Z,22.45,6.55,64.14,78.87,29.91,107.85,14.3
2025-06-05T18:44:11Z,21.32,5.98,77.68,38.07,16.98,137.85,15.02
2025-06-05T20:10:35Z,26.54,6.66,64.68,78.22,33.65,129.76,19.72
2025-06-05T21:20:04Z,29.36,6.73,61.96,43.68,24.06,170.84,5.46
2025-06-05T23:36:53Z,17.48,6.77,78.83,38.14,19.06,113.26,11.82
2025-06-06T00:54:13Z,25.22,6.44,72.32,91.81,24.95,165.95,10.34
2025-06-06T03:03:38Z,16.67,5.64,77.44,39.52,19.14,132.07,14.66
2025-06-06T05:02:04Z,23.6,7.18,68.75,67.8,25.53,106.67,13.44
2025-06-06T06:26:15Z,15.56,5.95,60.44,47.05,36.88,147.06,6.89
2025-06-06T08:04:25Z,17.5,6.66,58.25,34.63,17.35,210.22,8.37
2025-06-06T09:33:10Z,24.49,6.64,67.63,84.84,28.73,199.87,11.03
2025-06-06T11:24:52Z,24.99,6.98,67.9,67.74,26.38,161.63,14.67
2025-06-06T13:55:48Z,28.0,5.51,70.84,34.64,37.42,165.23,9.97
2025-06-06T14:59:37Z,11.36,6.22,72.06,54.8,19.1,147.37,15.72
2025-06-06T17:00:37Z,25.06,6.0,75.87,91.95,20.16,170.8,13.83
2025-06-06T19:17:06Z,27.22,5.51,67.18,50.14,24.02,132.37,13.86
2025-06-06T20:51:42Z,22.74,6.99,60.13,78.78,32.35,129.35,11.23
2025-06-06T22:18:22Z,25.26,7.12,69.94,51.23,29.34,172.73,15.19
2025-06-07T00:27:29Z,27.91,6.13,85.64,48.43,20.35,106.27,10.05
2025-06-07T01:35:29Z,20.82,6.39,63.97,20.39,13.49,61.51,9.5
2025-06-07T03:57:43Z,23.57,6.59,76.95,80.0,25.94,182.53,23.38
2025-06-07T05:00:14Z,27.66,6.79,78.68,78.24,16.85,156.11,15.39
2025-06-07T07:13:44Z,16.5,6.35,75.16,30.36,19.55,149.86,16.71
2025-06-07T08:35:14Z,28.38,5.67,61.21,87.48,20.42,190.41,16.42
2025-06-07T10:39:02Z,13.65,6.08,77.29,54.65,10.61,117.1,13.42
2025-06-07T11:48:49Z,23.1,6.18,75.24,36.02,18.6,111.84,17.19
2025-06-07T13:44:22Z,26.13,7.48,69.83,54.61,25.06,114.65,15.03
2025-06-07T16:02:27Z,22.47,6.27,70.97,22.03,17.09,106.54,8.14
2025-06-07T18:02:01Z,22.34,6.02,75.08,28.44,18.66,143.19,15.94
2025-06-07T19:32:39Z,22.55,6.85,61.55,66.67,26.19,103.57,20.9
2025-06-07T21:06:00Z,15.06,6.46,78.66,33.48,14.08,108.71,13.65
2025-06-07T22:38:29Z,27.38,5.9,81.08,35.98,21.5,119.04,6.04
2025-06-08T00:27:29Z,16.26,6.04,71.03,28.44,15.21,110.24,6.74
2025-06-08T02:35:02Z,19.77,6.68,78.6,56.61,10.24,140.4,11.78
2025-06-08T03:59:53Z,22.67,6.22,74.73,59.13,26.03,161.65,8.85
2025-06-08T06:12:53Z,25.37,5.99,71.09,45.32,39.35,176.31,14.19
2025-06-08T07:03:56Z,21.32,6.1,62.63,50.52,26.82,126.81,17.13
2025-06-08T09:01:03Z,23.19,5.83,69.69,53.19,26.93,173.88,15.55
2025-06-08T10:45:55Z,20.8,7.08,50.24,21.59,23.31,257.01,15.46
2025-06-08T13:16:45Z,23.85,6.78,72.54,54.35,18.31,100.7,20.0
2025-06-08T14:13:03Z,22.5,6.43,68.7,97.15,39.4,100.74,15.8
2025-06-08T16:32:32Z,23.33,6.14,73.3,52.77,11.49,146.31,15.38
2025-06-08T18:31:48Z,25.38,5.82,66.76,93.13,22.71,121.72,23.54
2025-06-08T20:12:10Z,22.14,6.99,65.31,75.51,24.24,115.21,13.09
2025-06-08T21:55:50Z,17.24,6.9,53.1,36.59,18.8,228.45,14.48
2025-06-08T23:19:58Z,28.24,6.06,71.98,82.86,17.85,161.73,17.74
2025-06-09T00:41:19Z,27.49,6.12,78.34,88.53,19.56,187.51,18.68
2025-06-09T02:29:44Z,27.46,6.21,65.08,60.14,24.07,114.45,20.92
2025-06-09T04:33:49Z,28.32,6.42,68.76,62.11,31.48,188.73,10.7
2025-06-09T06:21:34Z,10.67,7.06,53.51,34.34,28.28,217.02,6.19
2025-06-09T08:13:27Z,10.82,7.02,55.6,28.53,21.25,197.26,16.5
2025-06-09T09:35:06Z,22.6,5.75,69.15,98.64,27.68,182.65,16.67
2025-06-09T12:00:30Z,27.26,6.08,65.54,86.0,24.01,166.48,20.46
2025-06-09T13:15:21Z,14.18,6.25,71.16,49.9,11.55,115.61,15.46
2025-06-09T15:16:41Z,26.76,5.86,68.76,81.85,26.58,120.56,15.1
2025-06-09T17:16:32Z,25.11,6.97,66.57,59.38,26.0,177.08,12.05
2025-06-09T19:01:38Z,24.81,5.58,65.62,51.63,34.13,177.86,2.77
2025-06-09T20:22:36Z,23.18,6.49,76.81,83.27,27.15,196.68,14.43
2025-06-09T22:11:38Z,27.84,5.9,69.69,38.38,11.2,60.6,8.92
2025-06-09T23:38:41Z,25.92,6.13,71.63,92.62,17.21,157.05,19.32
2025-06-10T01:38:54Z,19.24,6.26,79.14,31.33,11.66,117.44,15.94
2025-06-10T03:29:14Z,14.2,6.22,55.5,38.38,20.12,200.79,13.24
2025-06-10T05:29:41Z,21.74,5.79,77.65,20.61,14.67,125.74,4.57
2025-06-10T07:18:12Z,27.11,6.73,77.86,75.73,22.57,198.31,7.85
2025-06-10T08:40:04Z,27.07,5.57,69.72,33.61,6.9,58.0,15.44
2025-06-10T09:50:20Z,29.42,6.01,69.95,73.04,36.56,144.22,11.46
2025-06-10T11:38:25Z,22.47,6.25,74.85,53.14,15.55,132.95,16.73
2025-06-10T13:37:24Z,16.93,7.08,50.02,20.54,15.14,158.77,18.53
2025-06-10T15:36:27Z,26.34,5.86,74.58,40.17,28.65,106.49,12.01
2025-06-10T16:57:10Z,12.9,6.23,71.26,53.1,16.84,100.31,4.34
2025-06-10T18:57:54Z,25.43,6.92,61.39,53.78,35.31,109.25,15.25
2025-06-10T20:49:52Z,24.14,5.97,68.49,25.04,6.07,67.02,14.6
2025-06-10T22:23:57Z,12.03,6.3,71.09,41.17,19.96,102.96,14.03
2025-06-11T00:38:54Z,28.99,5.8,66.94,26.65,6.89,53.51,16.34
2025-06-11T01:50:12Z,17.58,6.54,72.3,57.13,14.74,109.75,18.71
2025-06-11T03:54:03Z,25.57,6.26,62.85,71.75,31.3,168.98,16.73
2025-06-11T05:27:36Z,21.45,6.33,60.28,96.63,23.05,135.29,24.48
2025-06-11T07:30:35Z,19.57,5.75,72.96,33.99,14.02,131.93,19.16
2025-06-11T09:06:29Z,25.62,6.02,89.99,37.15,23.32,157.43,9.25
2025-06-11T10:28:30Z,28.93,6.12,69.6,50.49,26.55,104.44,20.19
2025-06-11T12:31:13Z,19.8,5.71,71.64,23.95,14.09,146.37,10.09
2025-06-11T14:18:04Z,23.24,6.25,64.44,75.53,22.11,175.65,18.21
2025-06-11T16:24:48Z,16.4,6.13,73.34,58.69,11.87,143.88,9.09
2025-06-11T17:44:17Z,13.26,6.58,51.63,39.59,23.03,176.38,17.16
2025-06-11T20:02:23Z,22.85,6.57,77.53,95.54,27.08,165.79,7.21
2025-06-11T21:00:49Z,20.9,5.57,69.18,28.54,14.05,59.91,12.26
2025-06-11T23:25:56Z,24.53,6.74,64.07,68.44,28.62,179.84,12.36
2025-06-12T00:25:43Z,25.2,6.37,67.23,80.86,30.64,144.65,13.69
2025-06-12T02:18:30Z,13.53,6.74,74.21,37.17,12.81,117.22,12.82
2025-06-12T04:00:35Z,26.2,6.35,76.12,64.28,26.82,195.79,13.24
2025-06-12T06:03:20Z,26.68,6.36,63.15,80.63,27.19,147.19,13.59
2025-06-12T07:53:41Z,23.91,6.7,62.22,47.73,39.02,189.49,13.85
2025-06-12T09:08:13Z,21.57,6.39,61.06,54.66,28.03,127.39,17.74
2025-06-12T10:51:17Z,27.71,5.64,64.12,91.59,37.9,195.01,12.67
2025-06-12T13:21:18Z,28.55,5.76,85.31,34.18,33.76,165.23,17.54
2025-06-12T14:30:57Z,26.36,6.29,84.31,53.5,32.36,116.09,18.88
2025-06-12T16:39:32Z,16.18,6.38,59.16,39.68,26.9,242.12,22.72
2025-06-12T17:52:22Z,25.09,5.74,78.46,54.36,34.57,197.36,16.27
2025-06-12T19:43:00Z,27.27,5.6,71.44,55.93,38.2,199.14,11.07
2025-06-12T22:02:25Z,22.74,6.37,66.62,69.08,22.54,150.67,15.69
2025-06-12T23:38:30Z,29.18,6.42,68.21,37.4,13.42,47.99,20.52
2025-06-13T01:07:57Z,22.8,5.53,72.05,37.72,19.96,123.57,22.63
2025-06-13T03:27:54Z,19.74,7.47,54.97,34.06,29.16,227.4,14.52
2025-06-13T04:23:36Z,19.37,6.11,78.96,34.71,13.69,136.89,15.55
2025-06-13T06:15:46Z,27.8,6.0,67.54,79.7,23.55,162.18,9.2
2025-06-13T08:48:44Z,22.2,6.27,74.75,20.56,11.5,147.78,12.86
2025-06-13T10:21:13Z,20.61,6.35,66.46,54.33,24.72,145.32,9.85
2025-06-13T11:27:40Z,28.78,6.41,63.32,53.83,30.12,124.62,12.08
2025-06-13T13:35:29Z,13.86,6.94,52.41,28.81,20.64,272.91,5.04
2025-06-13T15:45:10Z,28.82,6.28,75.88,52.39,32.09,194.03,6.6
2025-06-13T16:43:14Z,26.55,6.77,65.96,99.36,33.59,186.8,17.1
2025-06-13T18:27:55Z,23.9,6.24,85.47,36.97,22.49,187.14,16.04
2025-06-13T21:04:19Z,21.5,6.86,64.05,47.58,37.58,177.73,8.85
2025-06-13T21:57:44Z,20.23,6.48,62.58,37.33,10.13,66.21,15.41
2025-06-13T23:43:00Z,23.96,7.36,63.0,74.12,21.43,143.33,13.67
2025-06-14T01:32:15Z,15.28,5.98,60.1,67.1,36.28,166.8,8.65
2025-06-14T03:30:34Z,28.12,6.14,66.68,78.67,22.35,168.93,8.26
2025-06-14T05:01:38Z,23.61,6.33,60.56,50.7,23.37,142.44,13.86
2025-06-14T07:27:58Z,24.26,6.66,68.78,67.3,30.04,150.44,7.9
2025-06-14T08:55:32Z,29.11,6.39,64.73,94.88,36.45,162.03,5.83
2025-06-14T10:16:33Z,22.33,6.07,76.84,98.88,26.5,176.59,14.9
2025-06-14T12:35:14Z,27.17,6.68,66.86,54.0,31.49,169.89,9.42
2025-06-14T13:44:29Z,22.65,5.5,61.19,91.15,25.43,165.53,21.01
2025-06-14T16:19:03Z,28.43,5.69,88.2,59.17,33.09,116.63,18.3
2025-06-14T17:58:40Z,24.15,6.73,68.85,48.19,21.15,128.54,26.01
2025-06-14T19:43:41Z,20.05,6.33,51.18,39.56,16.14,286.93,23.23
2025-06-14T21:08:35Z,25.33,6.26,71.0,52.75,24.74,111.95,15.15
2025-06-14T22:44:35Z,29.88,6.17,65.31,21.96,14.24,68.61,14.18
2025-06-15T00:24:28Z,19.14,6.67,54.92,29.46,21.19,152.94,17.42
2025-06-15T02:16:46Z,26.44,5.58,81.75,45.19,22.77,119.93,13.78
2025-06-15T04:19:21Z,28.75,5.96,63.83,89.98,39.73,193.14,10.29
2025-06-15T06:06:48Z,28.86,5.58,88.54,45.65,36.07,181.09,14.99
2025-06-15T07:42:37Z,13.93,6.19,78.48,49.61,10.53,136.78,22.19
2025-06-15T09:20:17Z,10.34,6.7,57.66,34.44,28.69,154.66,15.34
2025-06-15T11:05:48Z,28.26,5.89,63.9,54.67,34.6,128.49,12.43
2025-06-15T12:49:47Z,23.75,6.67,77.25,84.05,29.58,153.25,23.02
2025-06-15T15:04:47Z,29.28,5.86,78.29,30.53,29.93,179.23,10.11
2025-06-15T16:26:52Z,11.92,6.34,66.12,61.29,32.22,174.18,15.94
2025-06-15T17:38:42Z,26.68,6.13,71.38,71.14,29.49,174.68,10.74
2025-06-15T19:51:55Z,10.51,6.14,77.45,57.11,18.87,105.34,15.16
2025-06-15T22:01:47Z,19.68,6.14,71.81,38.2,14.24,104.07,15.27
2025-06-15T23:27:06Z,29.12,6.35,79.1,69.86,27.56,154.52,16.53
2025-06-16T00:58:18Z,25.21,6.05,76.36,62.82,27.4,189.14,14.1
2025-06-16T02:49:16Z,23.9,5.54,88.03,52.14,33.08,121.9,17.38
2025-06-16T04:11:05Z,23.83,5.67,62.72,99.65,36.94,191.54,14.44
2025-06-16T06:18:46Z,16.91,6.46,75.16,30.6,10.85,124.8,15.12
2025-06-16T08:20:45Z,13.87,7.03,52.36,31.02,25.19,218.89,8.26
2025-06-16T09:32:18Z,22.34,6.28,78.46,95.5,15.85,152.85,15.99
2025-06-16T11:50:09Z,13.93,6.11,74.3,54.24,16.11,110.01,13.87
2025-06-16T13:40:45Z,29.29,6.66,68.85,90.73,27.28,133.87,17.49
2025-06-16T14:57:17Z,24.87,6.84,64.26,77.57,33.23,176.87,6.14
2025-06-16T16:50:46Z,28.26,6.13,70.85,88.98,20.17,173.33,9.29
2025-06-16T18:44:58Z,27.69,6.42,77.89,54.74,22.3,133.95,18.61
2025-06-16T20:51:51Z,19.51,6.42,76.05,48.36,14.4,105.8,12.3
2025-06-16T22:00:44Z,27.79,6.19,67.16,94.45,32.11,179.97,21.61
2025-06-16T23:22:49Z,20.32,6.77,74.64,58.22,11.41,120.32,19.16
2025-06-17T01:48:59Z,29.47,6.98,64.86,51.22,34.25,127.55,6.32
2025-06-17T03:02:23Z,29.43,6.73,78.97,73.39,29.04,192.84,13.24
2025-06-17T04:51:24Z,27.88,6.22,68.8,77.23,21.74,163.87,10.15
2025-06-17T06:59:35Z,27.86,6.22,64.21,95.95,34.92,109.0,10.36
2025-06-17T08:37:39Z,27.25,5.86,80.38,59.53,23.15,143.11,10.4
2025-06-17T10:40:06Z,23.21,6.08,64.32,59.18,28.1,159.09,10.17
2025-06-17T12:21:49Z,22.76,6.53,76.4,52.81,15.02,104.87,21.38
2025-06-17T13:50:11Z,23.29,7.44,60.67,67.28,39.67,147.78,16.16
2025-06-17T15:13:22Z,29.79,5.82,64.13,34.58,14.13,51.12,5.72
2025-06-17T16:55:10Z,23.05,6.18,71.34,90.45,28.69,159.54,10.44
2025-06-17T19:26:45Z,27.91,6.02,76.95,39.62,30.22,112.74,13.69
2025-06-17T21:13:14Z,24.83,6.43,61.26,78.98,23.56,184.67,18.61
2025-06-17T22:44:40Z,25.84,5.63,63.21,87.72,36.73,101.07,11.05
2025-06-18T00:12:10Z,26.05,5.87,73.71,49.89,34.32,161.15,15.87
2025-06-18T01:59:08Z,27.13,6.31,62.7,66.83,37.85,172.0,19.81
2025-06-18T03:58:27Z,22.37,6.26,64.84,55.2,23.03,148.66,11.3
2025-06-18T05:09:29Z,24.89,6.74,65.36,75.91,36.04,156.55,19.94
2025-06-18T06:54:50Z,16.88,6.28,78.4,34.75,14.52,147.06,18.91
2025-06-18T08:55:37Z,22.11,5.92,63.0,59.95,28.02,115.4,11.19
2025-06-18T10:39:28Z,29.05,5.69,87.85,51.01,28.56,151.95,16.53
2025-06-18T12:36:54Z,24.88,5.88,62.15,84.58,37.81,178.83,11.42
2025-06-18T14:27:34Z,28.96,6.46,71.64,66.55,17.33,176.02,15.87
2025-06-18T16:03:34Z,12.86,5.84,67.11,49.2,39.93,104.11,15.67
2025-06-18T17:40:52Z,15.88,6.81,69.97,54.42,23.39,184.67,11.8
2025-06-18T19:11:26Z,24.21,6.49,68.87,97.98,26.96,135.18,11.73
2025-06-18T21:44:51Z,20.05,6.48,75.54,45.39,10.51,144.44,13.35
2025-06-18T22:58:36Z,19.83,6.25,55.75,27.73,24.43,263.65,12.83
2025-06-19T01:02:22Z,24.67,5.95,63.76,37.21,12.66,55.55,14.24
2025-06-19T02:24:27Z,19.96,5.79,70.81,39.92,14.29,142.04,9.83
2025-06-19T04:48:20Z,19.4,5.71,70.39,21.18,12.54,144.32,14.48
2025-06-19T06:27:11Z,28.47,6.37,80.32,50.33,38.95,158.69,8.84
2025-06-19T08:06:17Z,25.41,7.08,68.06,72.91,34.02,121.54,10.35
2025-06-19T09:24:26Z,23.84,6.6,64.41,74.46,39.48,168.57,7.33
2025-06-19T11:17:25Z,15.84,6.43,65.46,70.35,39.26,120.56,12.66
2025-06-19T13:34:11Z,21.56,6.12,64.57,73.36,32.05,161.37,20.84
2025-06-19T15:12:23Z,17.02,6.59,58.73,33.15,23.75,160.76,12.47
2025-06-19T16:34:23Z,24.15,6.46,88.25,58.51,23.57,181.52,13.57
2025-06-19T18:29:07Z,22.59,6.25,64.68,34.84,10.12,50.57,14.48
2025-06-19T20:13:57Z,29.43,6.1,72.07,59.18,20.81,192.26,12.57
2025-06-19T22:03:29Z,26.81,6.48,61.24,63.76,32.93,123.66,17.33
2025-06-19T23:39:46Z,15.55,6.36,57.7,21.39,16.66,295.43,21.77
2025-06-20T01:00:29Z,16.28,6.12,74.56,21.13,13.6,144.14,17.39
2025-06-20T03:06:57Z,24.64,5.86,64.33,25.75,6.01,77.39,18.27
2025-06-20T04:29:27Z,23.47,6.47,61.33,51.25,26.6,197.33,18.45
2025-06-20T06:17:46Z,24.8,6.4,65.28,65.64,39.0,162.1,17.12
2025-06-20T08:26:27Z,18.01,6.69,73.55,57.16,13.41,141.15,14.99
2025-06-20T10:25:11Z,27.31,5.55,82.22,37.25,26.24,158.13,16.32
2025-06-20T11:59:56Z,27.86,6.27,69.68,25.68,14.96,78.97,10.01
2025-06-20T14:02:13Z,10.23,6.77,52.92,32.1,22.33,257.85,17.81
2025-06-20T15:21:02Z,27.71,6.25,76.81,41.4,29.53,142.17,18.63
2025-06-20T17:22:33Z,23.51,6.03,67.72,84.98,28.74,114.16,10.42
2025-06-20T18:53:04Z,24.28,6.46,73.66,87.04,23.06,196.89,21.29
2025-06-20T20:42:37Z,24.88,5.94,64.33,83.56,30.4,127.32,14.45
2025-06-20T22:44:11Z,24.55,6.08,77.36,97.0,21.07,168.06,22.65
2025-06-20T23:49:07Z,25.76,6.04,65.81,96.29,32.14,183.4,13.24
2025-06-21T01:58:49Z,17.07,6.81,53.76,27.95,23.38,168.32,19.36
2025-06-21T03:18:09Z,14.5,6.29,70.93,34.49,19.25,139.96,19.49
2025-06-21T05:42:28Z,22.54,6.9,62.05,66.46,23.16,105.75,9.22
2025-06-21T07:26:49Z,24.85,7.38,60.23,64.59,30.32,140.27,14.11
2025-06-21T08:38:57Z,28.56,6.01,69.31,52.77,32.94,145.67,13.48
2025-06-21T10:20:11Z,12.69,6.86,68.54,54.7,38.05,143.54,14.87
2025-06-21T12:32:40Z,24.95,5.65,61.0,24.4,12.93,61.24,7.23
2025-06-21T14:20:37Z,11.59,6.44,54.93,36.5,17.52,191.11,22.43
2025-06-21T16:22:47Z,11.87,6.26,57.59,32.34,27.47,158.14,12.7
2025-06-21T17:48:39Z,13.76,7.18,53.52,30.17,24.02,168.88,15.76
2025-06-21T19:14:26Z,21.57,6.12,71.16,88.61,29.59,154.93,17.0
2025-06-21T21:05:03Z,21.88,6.1,67.67,21.51,13.11,44.35,15.19
2025-06-21T22:45:32Z,22.68,5.87,68.19,64.34,34.12,106.25,18.27
2025-06-22T00:42:56Z,16.16,5.8,73.1,20.29,18.58,125.88,14.31
2025-06-22T01:56:42Z,23.65,5.81,61.6,25.83,9.09,52.52,15.13
2025-06-22T04:20:06Z,25.59,6.78,61.79,54.34,38.31,159.9,12.18
2025-06-22T05:53:40Z,29.9,5.86,65.84,29.68,8.66,47.7,23.32
2025-06-22T07:29:16Z,23.43,6.44,69.16,72.52,34.15,121.88,17.29
2025-06-22T09:09:40Z,17.0,6.19,77.95,26.18,17.28,120.21,17.43
2025-06-22T10:40:07Z,13.34,6.03,75.8,51.1,15.94,138.46,21.04
2025-06-22T12:33:22Z,25.35,5.97,61.52,90.6,20.2,161.84,12.96
2025-06-22T14:13:07Z,21.85,7.34,67.09,72.58,22.05,108.02,14.04
2025-06-22T16:23:36Z,24.03,7.2,65.38,60.28,22.44,145.97,10.79
2025-06-22T18:11:00Z,25.5,6.0,60.64,88.51,36.05,152.23,14.96
2025-06-22T19:48:13Z,18.3,6.32,74.19,30.17,14.93,110.65,15.48
2025-06-22T21:59:21Z,21.7,6.73,66.77,45.6,35.97,162.71,9.67
2025-06-22T23:52:08Z,24.04,6.37,62.08,91.36,35.73,172.72,8.71
2025-06-23T01:14:44Z,21.45,6.79,79.71,96.73,16.05,172.89,9.94
2025-06-23T03:08:45Z,24.0,6.17,62.26,68.76,32.49,108.5,9.87
2025-06-23T04:41:00Z,18.84,6.66,78.63,51.43,14.36,135.39,15.62
2025-06-23T06:05:33Z,27.65,6.38,62.0,67.62,28.13,104.77,17.04
2025-06-23T08:35:01Z,26.89,5.57,75.84,44.33,25.08,107.27,11.6
2025-06-23T10:08:06Z,11.6,7.47,52.39,26.7,25.22,271.24,12.19
2025-06-23T11:26:23Z,20.41,6.16,55.92,38.56,25.23,201.18,10.64
2025-06-23T13:22:31Z,23.21,5.54,78.51,24.02,18.76,144.22,13.76
2025-06-23T15:26:20Z,18.18,6.23,79.45,31.24,19.1,103.31,15.6
2025-06-23T16:55:50Z,23.95,5.52,87.63,52.83,27.82,102.17,13.92
2025-06-23T19:09:44Z,27.82,6.08,74.81,38.04,36.87,173.22,8.24
2025-06-23T20:06:58Z,29.26,6.66,64.77,76.96,28.34,121.98,12.97
2025-06-23T22:35:03Z,17.09,6.05,78.14,30.04,11.74,101.11,9.02
2025-06-24T00:18:25Z,27.48,6.41,67.62,89.41,22.5,101.6,12.95
2025-06-24T01:19:14Z,25.43,6.23,61.09,87.86,20.79,126.03,9.07
2025-06-24T03:39:46Z,23.73,6.28,78.8,82.93,23.13,183.07,11.79
2025-06-24T05:23:05Z,10.79,6.05,71.56,54.55,18.23,119.06,13.39
2025-06-24T07:02:52Z,27.54,6.1,84.58,36.55,28.06,155.34,13.16
2025-06-24T08:49:50Z,23.26,6.31,75.69,24.81,11.9,126.55,13.76
2025-06-24T10:31:35Z,26.08,6.74,78.13,54.88,21.88,172.81,16.25
2025-06-24T11:42:16Z,19.73,6.36,72.84,36.35,14.49,129.08,18.99
2025-06-24T13:34:14Z,23.71,5.87,67.03,75.33,38.76,144.9,11.52
2025-06-24T15:12:21Z,25.29,6.74,64.75,56.78,33.29,170.0,9.95
2025-06-24T17:14:52Z,26.24,6.21,60.62,70.19,31.61,168.23,15.17
2025-06-24T19:29:18Z,24.73,6.43,78.04,54.33,24.18,156.52,11.26
2025-06-24T21:23:27Z,24.36,6.81,62.46,61.99,21.11,148.22,17.99
2025-06-24T23:06:18Z,22.39,6.48,60.36,25.47,9.3,65.26,11.38
2025-06-25T00:32:40Z,26.79,6.56,63.04,89.12,24.96,111.52,10.95
2025-06-25T01:44:21Z,26.62,6.43,79.01,54.85,29.89,135.41,11.65
2025-06-25T03:59:52Z,18.57,6.3,74.97,39.57,17.11,147.33,14.98
2025-06-25T05:41:11Z,23.05,6.53,73.51,54.96,10.78,117.28,13.66
2025-06-25T07:08:43Z,25.45,6.05,68.58,63.93,29.35,147.45,7.02
2025-06-25T09:03:05Z,17.82,6.22,72.37,38.9,10.57,118.73,18.73
2025-06-25T10:52:32Z,22.13,5.95,60.3,29.09,12.49,72.09,14.28
2025-06-25T12:18:16Z,19.56,6.11,61.94,63.58,33.21,110.67,16.5
2025-06-25T14:33:31Z,20.15,6.29,66.37,28.14,6.4,78.06,15.56
2025-06-25T15:59:00Z,27.64,5.89,61.47,27.92,6.49,58.67,16.47
2025-06-25T18:19:02Z,28.63,6.06,62.16,68.16,28.55,167.71,17.5
2025-06-25T19:39:27Z,20.9,6.71,51.68,34.69,15.41,206.49,16.35
2025-06-25T21:43:00Z,23.52,5.66,67.53,24.1,5.24,78.68,17.27
2025-06-25T23:03:55Z,25.21,5.84,69.33,94.51,25.67,177.81,19.58
2025-06-26T00:39:08Z,18.84,5.5,71.38,20.45,10.43,141.97,15.79
2025-06-26T02:38:24Z,23.02,6.44,66.36,56.48,26.72,157.91,14.58
2025-06-26T04:03:33Z,27.93,6.65,65.31,84.8,34.06,143.12,12.43
2025-06-26T06:03:59Z,22.94,6.94,63.74,72.44,35.42,159.9,18.34
2025-06-26T07:44:30Z,25.59,5.72,68.69,20.07,13.27,46.8,8.61
2025-06-26T09:20:11Z,22.2,6.18,72.44,87.94,23.25,179.84,20.0
2025-06-26T11:00:30Z,24.03,6.56,62.73,50.34,39.24,114.45,16.43
2025-06-26T13:22:00Z,27.92,6.7,64.06,83.56,35.83,135.38,21.18
2025-06-26T14:43:10Z,27.98,6.26,71.65,65.7,25.88,169.87,7.15
2025-06-26T16:38:22Z,24.8,6.43,75.58,88.73,28.04,158.28,14.64
2025-06-26T18:04:58Z,22.0,6.08,73.94,20.21,19.37,131.24,13.87
2025-06-26T20:19:54Z,22.85,6.57,65.99,84.46,34.21,137.39,18.06
2025-06-26T21:54:58Z,18.4,5.72,79.67,37.56,18.57,138.09,15.28
2025-06-26T23:55:27Z,24.41,6.16,71.06,57.71,20.17,191.88,14.74
2025-06-27T01:13:12Z,28.82,5.81,60.05,24.06,8.47,41.13,14.98
2025-06-27T03:20:07Z,21.49,6.83,61.24,65.0,35.67,192.14,13.84
2025-06-27T05:07:20Z,25.09,6.25,60.99,63.4,28.31,135.22,12.81
2025-06-27T06:50:14Z,21.94,5.68,67.63,21.84,13.71,70.03,11.4
2025-06-27T08:41:52Z,28.59,6.15,68.47,35.65,12.18,50.27,15.07
2025-06-27T10:10:12Z,27.52,6.34,70.38,72.43,18.42,154.69,10.71
2025-06-27T11:57:54Z,26.75,6.23,73.68,71.91,18.62,168.79,19.53
2025-06-27T13:26:23Z,16.89,6.43,51.76,30.52,29.77,209.23,17.33
2025-06-27T15:50:59Z,23.16,6.62,65.88,41.48,22.39,175.65,18.33
2025-06-27T16:54:03Z,25.25,5.97,64.78,79.87,34.36,143.69,13.44
2025-06-27T19:21:00Z,24.39,6.62,69.15,57.02,27.27,177.92,14.59
2025-06-27T20:50:32Z,18.12,6.7,78.54,47.63,15.49,146.98,24.84
2025-06-27T22:28:31Z,19.17,6.18,73.08,39.86,18.49,101.25,21.84
2025-06-28T00:39:20Z,24.9,6.68,65.83,54.74,27.36,158.89,16.24
2025-06-28T02:10:08Z,13.45,6.22,71.93,51.79,15.57,109.48,11.43
2025-06-28T03:12:50Z,27.41,6.09,72.28,62.48,18.17,185.51,25.28
2025-06-28T05:01:56Z,25.23,6.3,65.32,71.59,36.74,192.81,18.69
2025-06-28T07:23:40Z,10.92,6.64,64.32,55.5,38.59,184.89,12.23
2025-06-28T08:45:01Z,23.66,6.39,73.86,74.88,28.64,194.79,16.44
2025-06-28T10:36:55Z,29.91,6.3,65.05,32.04,10.29,62.82,10.69
2025-06-28T12:55:29Z,24.5,6.4,62.74,54.45,29.02,177.44,10.4
2025-06-28T14:17:51Z,27.18,6.07,72.46,51.37,24.44,177.51,10.04
2025-06-28T15:47:15Z,29.03,6.11,70.4,60.13,21.44,192.68,20.93
2025-06-28T17:51:31Z,26.65,6.11,76.6,89.67,22.96,175.5,16.19
2025-06-28T19:02:53Z,12.93,6.79,79.69,50.75,14.48,134.0,12.88
2025-06-28T20:51:32Z,22.16,6.18,73.07,24.2,18.34,127.77,18.28
2025-06-28T23:24:53Z,21.87,6.52,70.33,98.76,26.18,161.03,17.69
2025-06-29T00:32:18Z,24.78,7.42,61.25,49.84,34.47,186.39,18.33
2025-06-29T02:58:13Z,19.41,6.0,61.68,79.37,25.85,187.75,8.85
2025-06-29T04:38:03Z,21.25,6.66,74.78,51.76,25.61,183.21,16.58
2025-06-29T05:50:03Z,29.11,6.89,61.59,43.45,21.25,108.84,21.8
2025-06-29T07:56:43Z,17.93,5.74,75.41,27.25,19.96,108.91,7.33
2025-06-29T09:16:14Z,21.78,6.76,61.73,66.19,26.64,189.43,20.77
2025-06-29T11:02:05Z,28.91,6.09,76.68,50.26,28.15,150.81,13.31
2025-06-29T12:45:16Z,27.7,6.0,79.3,41.12,23.79,100.18,12.2
2025-06-29T14:27:53Z,18.04,6.55,67.46,46.75,39.93,193.31,10.97
2025-06-29T16:29:56Z,27.69,5.93,70.18,53.06,28.53,160.46,17.83
2025-06-29T18:30:48Z,19.66,6.15,76.62,48.96,11.28,139.14,13.19
2025-06-29T19:37:44Z,10.0,6.22,54.8,30.06,16.14,261.97,14.0
2025-06-29T21:46:11Z,22.37,6.49,73.3,53.48,12.24,149.57,13.94
2025-06-29T22:58:59Z,24.83,5.71,65.92,36.76,14.51,66.26,19.33
2025-06-30T01:11:56Z,24.65,6.15,73.93,46.16,34.94,152.31,10.43
2025-06-30T03:06:42Z,24.56,5.88,74.06,46.69,25.45,160.94,19.32
2025-06-30T05:05:51Z,20.78,6.13,74.69,34.0,16.66,123.36,10.07
2025-06-30T06:25:38Z,20.01,5.97,70.67,27.97,11.49,143.87,6.87
2025-06-30T08:28:11Z,28.88,5.86,64.5,31.45,11.58,63.07,12.34
2025-06-30T10:13:22Z,23.82,6.41,64.33,90.39,36.51,122.52,15.04
2025-06-30T12:10:45Z,21.25,6.44,60.25,89.22,25.76,146.17,14.6
2025-06-30T13:54:41Z,24.88,5.85,62.51,62.85,32.65,104.28,11.11
2025-06-30T15:08:06Z,17.69,6.57,56.7,20.23,23.29,265.17,8.53
2025-06-30T17:24:32Z,24.56,6.05,66.99,68.55,20.18,166.77,10.01
2025-06-30T18:40:30Z,10.91,6.99,54.15,28.41,28.14,259.24,18.12
2025-06-30T20:11:13Z,24.4,5.5,66.23,60.79,23.37,146.22,18.21
2025-06-30T21:44:44Z,27.4,5.56,77.81,55.03,38.73,141.1,7.55
2025-06-30T23:37:43Z,22.13,6.8,60.46,75.95,28.05,192.97,4.45
2025-07-01T01:44:34Z,11.91,6.57,58.57,22.77,18.4,203.79,16.34
2025-07-01T02:59:54Z,23.61,5.62,69.89,97.14,27.71,155.41,14.19
2025-07-01T05:03:29Z,20.1,5.98,76.77,27.12,15.42,146.38,14.87
2025-07-01T07:15:48Z,29.31,6.9,64.79,68.56,23.58,108.42,17.53
2025-07-01T08:20:31Z,27.97,6.79,62.45,53.55,26.09,101.06,12.16
2025-07-01T10:55:08Z,25.67,6.12,69.65,98.7,37.62,150.16,11.33
2025-07-01T12:33:27Z,18.63,6.84,60.99,70.06,24.53,113.82,11.7
2025-07-01T13:44:34Z,21.93,5.75,77.54,27.54,14.17,110.13,14.53
2025-07-01T15:39:17Z,26.12,6.71,69.24,58.98,39.21,183.55,18.93
2025-07-01T17:02:04Z,14.49,6.15,62.39,56.83,26.6,125.17,12.29
2025-07-01T19:32:51Z,29.24,5.88,84.68,52.74,36.04,196.81,23.0
2025-07-01T21:11:00Z,16.46,6.2,61.31,41.87,28.14,168.97,14.75
2025-07-01T23:10:43Z,22.57,6.15,69.81,71.21,24.7,130.95,16.73
2025-07-02T00:43:17Z,26.42,6.77,63.6,62.27,29.33,101.37,7.25
2025-07-02T02:23:35Z,17.22,6.27,78.89,39.43,15.0,111.86,19.13
2025-07-02T04:03:56Z,24.99,5.98,67.15,78.39,27.39,123.27,8.67
2025-07-02T05:59:51Z,29.21,6.01,75.31,40.66,32.24,125.44,14.18
2025-07-02T07:50:17Z,29.17,6.53,73.74,76.62,21.29,199.95,8.16
2025-07-02T09:23:27Z,24.82,6.11,89.21,35.55,22.39,186.0,11.43
2025-07-02T10:41:53Z,16.54,5.88,69.38,76.54,35.98,153.78,15.99
2025-07-02T12:19:23Z,23.26,5.78,66.14,36.81,6.53,42.68,14.86
2025-07-02T14:08:41Z,22.86,5.52,62.12,58.19,37.43,164.31,13.65
2025-07-02T16:00:35Z,24.56,6.51,64.06,47.62,35.59,169.43,19.42
2025-07-02T18:05:46Z,10.54,6.22,58.85,31.92,24.83,199.78,13.54
2025-07-02T20:12:58Z,21.6,6.47,60.66,53.03,21.05,164.11,10.65
2025-07-02T21:46:25Z,29.47,5.56,67.31,27.02,14.53,60.69,24.96
2025-07-02T23:31:26Z,23.38,6.37,62.82,24.44,5.41,41.96,15.59
2025-07-03T01:06:34Z,22.95,5.69,79.94,27.54,18.44,135.92,9.17
2025-07-03T02:46:14Z,23.02,6.49,73.79,32.4,13.15,113.04,9.76
2025-07-03T04:00:25Z,20.44,5.74,73.75,21.64,12.74,141.0,19.44
2025-07-03T06:29:41Z,21.49,6.3,78.81,29.35,18.57,125.0,11.64
2025-07-03T07:33:53Z,29.41,6.41,60.03,89.57,30.38,133.08,16.16
2025-07-03T10:13:01Z,19.15,5.97,72.32,28.4,12.17,110.11,10.99
2025-07-03T11:28:11Z,15.95,6.45,77.32,49.52,14.45,147.64,12.97
2025-07-03T13:17:19Z,27.47,6.71,65.02,90.29,22.27,163.46,20.15
2025-07-03T15:04:19Z,28.85,5.62,74.52,54.88,35.27,157.07,9.38
2025-07-03T17:04:46Z,18.51,6.49,79.49,39.76,12.62,115.57,19.3
2025-07-03T18:15:53Z,24.39,6.44,80.37,44.85,22.86,104.08,22.86
2025-07-03T20:21:56Z,16.09,6.29,64.69,46.03,27.99,107.2,16.63
2025-07-03T22:01:16Z,21.67,6.17,64.77,26.24,14.08,78.29,12.23
2025-07-03T23:38:31Z,27.95,6.33,69.09,50.15,36.53,180.16,17.73
2025-07-04T01:06:18Z,27.44,5.61,65.17,95.44,36.35,128.31,19.36
2025-07-04T03:36:05Z,15.17,6.13,72.54,46.32,10.08,120.51,8.69
2025-07-04T04:46:11Z,21.14,6.63,76.25,57.01,16.08,117.12,18.17
2025-07-04T06:20:53Z,14.48,5.92,67.85,67.41,37.27,134.62,13.25
2025-07-04T08:17:54Z,17.23,6.32,72.9,21.63,16.19,139.78,15.07
2025-07-04T09:50:11Z,25.98,6.07,66.92,69.92,33.16,175.37,17.36
2025-07-04T12:13:40Z,24.74,6.72,79.12,57.89,26.74,173.71,13.15
2025-07-04T13:45:27Z,23.66,6.3,71.17,59.26,27.16,171.72,13.15
2025-07-04T15:56:09Z,18.72,6.21,75.11,27.82,10.84,103.31,21.19
2025-07-04T17:08:51Z,14.45,6.74,68.74,66.74,28.37,161.86,14.97
2025-07-04T19:28:26Z,21.61,6.06,61.33,79.06,39.63,155.29,13.85
2025-07-04T20:32:22Z,23.32,6.41,72.12,40.67,19.35,141.79,15.84
2025-07-04T22:24:24Z,25.95,6.63,64.98,56.04,28.26,148.65,17.68
2025-07-05T00:21:39Z,27.74,6.04,74.15,46.05,26.63,108.42,7.11
2025-07-05T02:25:25Z,22.31,6.42,60.36,88.35,25.93,167.49,13.92
2025-07-05T03:57:12Z,13.81,7.42,51.1,28.42,15.81,278.45,15.39
2025-07-05T05:43:34Z,28.31,6.11,68.67,99.96,30.95,178.21,12.07
2025-07-05T07:16:47Z,26.09,5.7,78.86,43.76,23.51,175.16,14.48
2025-07-05T09:10:53Z,21.99,5.8,64.03,74.67,27.36,125.39,21.72
2025-07-05T10:18:40Z,23.68,6.1,70.12,44.98,13.18,144.67,21.7
2025-07-05T12:27:11Z,28.84,5.75,72.91,49.08,24.02,122.74,10.68
2025-07-05T13:50:54Z,13.22,6.0,72.54,55.26,15.98,132.64,21.18
2025-07-05T16:24:55Z,24.33,7.12,63.9,69.01,30.93,181.09,20.24
2025-07-05T17:46:42Z,28.57,6.64,68.69,45.07,26.46,194.28,20.45
2025-07-05T19:05:19Z,20.88,6.12,64.71,28.22,12.83,57.55,11.94
2025-07-05T20:51:06Z,25.27,5.98,64.73,99.82,33.1,179.31,19.29
2025-07-05T22:38:36Z,25.68,5.91,62.95,41.86,34.81,175.85,11.46
2025-07-06T00:36:48Z,19.78,6.39,76.96,30.95,15.01,148.78,8.98
2025-07-06T02:59:44Z,24.86,6.46,80.87,47.46,27.01,158.76,12.36
2025-07-06T04:38:05Z,18.81,6.41,70.32,35.71,17.14,126.1,14.97
2025-07-06T05:59:51Z,24.91,5.58,87.94,49.55,21.81,161.96,14.31
2025-07-06T08:01:52Z,23.34,6.6,65.12,56.0,22.97,168.98,19.25
2025-07-06T09:44:27Z,13.77,6.99,63.32,56.1,31.74,120.02,17.76
2025-07-06T11:41:10Z,25.36,6.12,73.33,90.53,27.62,189.61,13.99
2025-07-06T13:01:09Z,22.87,6.53,76.8,91.81,19.91,162.63,17.88
2025-07-06T14:40:09Z,26.83,6.16,76.87,93.87,21.94,180.52,9.8
2025-07-06T16:46:26Z,27.68,6.54,66.02,99.91,35.52,107.68,20.36
2025-07-06T18:18:02Z,23.35,6.72,63.13,61.45,22.78,161.74,10.97
2025-07-06T20:07:23Z,27.28,6.79,69.37,99.85,39.7,142.14,12.45
2025-07-06T21:24:07Z,27.01,6.15,85.39,57.2,30.44,174.47,16.09
2025-07-06T23:02:59Z,25.78,5.67,60.61,61.12,27.96,145.15,12.44
2025-07-07T01:41:04Z,25.07,6.1,66.45,54.94,30.68,181.05,12.78
2025-07-07T03:29:36Z,26.85,6.33,67.04,64.45,32.43,178.59,15.5
2025-07-07T05:00:46Z,27.13,5.64,60.54,59.37,20.45,192.43,18.66
2025-07-07T06:37:02Z,11.03,6.95,50.03,28.38,16.86,202.1,13.48
2025-07-07T08:36:48Z,25.89,6.17,69.54,55.93,35.67,139.69,17.92
2025-07-07T10:14:45Z,28.18,6.31,65.1,26.18,9.84,66.26,10.77
2025-07-07T12:11:48Z,28.94,6.67,60.16,58.94,38.94,145.18,14.69
2025-07-07T13:05:26Z,21.54,6.14,76.6,38.11,15.79,108.03,16.93
2025-07-07T15:17:14Z,25.92,5.59,70.01,40.69,31.16,165.38,14.96
2025-07-07T17:07:32Z,23.42,6.49,70.77,20.12,14.93,143.5,20.29
2025-07-07T18:38:47Z,22.04,6.66,77.39,52.15,14.7,127.59,11.93
2025-07-07T20:42:25Z,20.81,6.59,76.9,37.71,14.68,121.73,18.96
2025-07-07T21:57:40Z,22.39,6.13,64.55,61.75,26.44,113.76,8.97
2025-07-08T00:04:42Z,11.88,7.44,51.98,36.05,23.35,181.19,12.23
2025-07-08T01:42:52Z,26.63,6.01,68.1,74.88,36.47,110.78,17.05
2025-07-08T03:03:17Z,18.58,6.3,70.28,25.58,16.01,132.97,7.65
2025-07-08T04:57:38Z,17.32,5.6,73.62,24.95,17.48,119.76,12.91
2025-07-08T06:36:42Z,29.02,6.33,73.48,54.35,21.41,197.04,14.17
2025-07-08T08:56:01Z,27.88,6.01,68.77,56.57,33.17,197.44,21.08
2025-07-08T11:01:29Z,22.25,7.08,64.51,46.23,30.03,173.55,17.09
2025-07-08T12:01:34Z,23.55,6.01,75.38,22.36,16.95,130.22,14.83
2025-07-08T14:16:40Z,25.23,6.54,68.79,61.62,25.95,110.16,19.57
2025-07-08T15:41:17Z,22.17,5.88,66.57,56.8,33.53,181.02,9.69
2025-07-08T17:15:56Z,21.28,6.34,76.35,56.63,28.61,150.66,10.48
2025-07-08T19:19:57Z,21.75,6.32,64.59,72.26,38.8,121.64,8.12
2025-07-08T21:14:01Z,26.3,5.92,85.16,31.52,35.86,163.99,10.76
2025-07-08T22:56:45Z,22.49,6.33,70.79,65.2,26.85,190.55,6.13
2025-07-09T00:26:04Z,16.78,7.4,54.08,25.67,24.65,249.86,10.35
2025-07-09T01:59:16Z,19.77,6.27,61.16,68.18,29.19,130.41,10.69
2025-07-09T03:40:23Z,21.36,7.01,61.87,71.55,28.23,130.5,6.65
2025-07-09T05:21:08Z,26.17,6.16,63.64,57.35,20.77,126.49,15.52
2025-07-09T07:37:09Z,22.86,6.39,72.58,22.39,10.07,114.66,13.57
2025-07-09T09:03:33Z,17.7,6.49,79.05,32.65,14.33,121.92,13.84
2025-07-09T11:20:42Z,19.89,6.35,75.09,38.41,12.53,128.19,14.2
2025-07-09T12:34:44Z,16.35,5.92,76.58,34.06,11.15,147.05,19.12
2025-07-09T14:36:16Z,13.28,6.99,53.1,31.42,19.86,229.12,12.53
2025-07-09T16:11:06Z,27.15,6.09,60.9,56.47,39.86,172.3,3.55
2025-07-09T18:28:37Z,15.96,6.44,67.58,50.66,26.95,146.15,13.33
2025-07-09T19:31:07Z,19.35,6.44,78.8,39.89,18.47,100.52,10.76
2025-07-09T21:59:59Z,22.42,6.01,78.5,58.05,17.13,105.53,17.34
2025-07-09T22:53:40Z,23.6,6.29,60.88,74.99,31.95,197.52,13.26
2025-07-10T00:58:05Z,27.84,6.23,60.27,92.3,36.0,169.4,15.38
2025-07-10T02:38:32Z,24.61,6.39,75.42,71.99,16.65,168.39,13.8
2025-07-10T04:33:47Z,27.35,6.33,60.71,55.78,21.53,186.31,15.25
2025-07-10T06:41:01Z,26.78,6.03,81.73,56.59,39.7,173.56,18.45
2025-07-10T07:58:22Z,27.39,7.32,62.33,58.37,33.97,134.01,14.38
2025-07-10T09:32:21Z,27.54,6.27,60.4,67.18,35.27,142.61,13.69
2025-07-10T11:23:16Z,11.69,6.38,51.83,32.89,27.28,197.73,17.27
2025-07-10T13:37:59Z,15.62,6.42,55.98,33.84,16.23,162.92,20.87
2025-07-10T14:45:50Z,22.23,6.79,79.43,98.01,15.68,179.8,10.69
2025-07-10T16:31:10Z,22.36,6.23,79.01,59.3,16.24,111.08,17.75
2025-07-10T18:17:23Z,25.47,6.55,61.47,54.96,35.23,148.04,21.1
2025-07-10T19:55:58Z,18.55,6.01,78.71,31.3,10.25,141.93,14.47
2025-07-10T21:35:31Z,16.85,6.8,68.0,70.82,27.95,127.37,14.5
2025-07-11T00:03:50Z,24.0,6.76,77.05,68.96,16.93,185.59,11.45
2025-07-11T01:57:55Z,27.8,6.9,65.28,69.11,37.48,156.3,16.08
2025-07-11T03:03:33Z,25.75,6.76,66.27,56.98,35.21,151.93,10.94
2025-07-11T04:55:03Z,27.81,6.03,66.85,20.78,6.35,77.19,9.65
2025-07-11T06:44:42Z,18.4,7.09,55.75,32.23,25.32,182.53,14.39
2025-07-11T08:49:26Z,23.45,6.65,74.48,39.81,10.11,140.24,15.67
2025-07-11T10:43:53Z,28.53,6.43,61.5,68.54,38.77,141.72,17.66
2025-07-11T12:16:55Z,22.1,5.51,75.37,33.3,18.2,138.47,19.4
2025-07-11T13:23:52Z,29.7,5.89,62.74,24.67,14.1,72.71,7.78
2025-07-11T15:12:32Z,15.58,5.84,78.99,21.59,19.09,117.37,18.95
2025-07-11T17:43:45Z,21.85,6.31,74.45,50.16,18.23,162.69,20.51
2025-07-11T18:47:28Z,22.35,6.59,70.38,59.23,28.29,163.88,14.75
2025-07-11T20:45:06Z,28.49,5.53,65.43,96.07,21.12,106.0,16.99
2025-07-11T22:26:18Z,27.83,6.6,66.17,67.43,34.71,180.24,4.43
2025-07-12T00:06:19Z,27.07,6.25,72.68,66.79,22.6,165.72,6.87
2025-07-12T01:37:49Z,17.92,6.97,64.04,52.74,25.18,184.84,13.7
2025-07-12T04:18:01Z,22.0,6.09,72.76,34.69,19.95,146.41,7.99
2025-07-12T05:41:18Z,24.96,6.89,64.21,79.63,39.82,178.45,12.65
2025-07-12T07:06:39Z,10.22,6.65,54.71,38.36,24.47,204.25,15.44
2025-07-12T08:38:27Z,25.28,6.7,67.0,67.33,29.43,144.78,11.05
2025-07-12T10:28:28Z,28.71,5.73,60.07,28.32,12.88,53.8,10.92
2025-07-12T13:03:00Z,21.71,6.04,73.93,39.6,16.32,116.09,8.0
2025-07-12T14:23:17Z,27.75,5.8,71.91,33.55,31.79,129.8,12.99
2025-07-12T15:49:15Z,21.81,6.46,68.93,50.84,33.73,191.91,12.28
2025-07-12T18:13:59Z,25.57,6.1,76.71,50.89,20.67,192.64,6.36
2025-07-12T19:50:19Z,24.02,6.1,61.28,52.37,26.28,120.46,11.46
2025-07-12T21:16:33Z,25.59,5.54,81.19,44.41,21.99,189.42,11.68
2025-07-12T23:26:23Z,11.63,6.71,53.99,21.98,25.4,170.18,18.18
2025-07-13T00:45:40Z,27.03,5.71,63.78,25.57,8.2,56.66,8.75
2025-07-13T02:39:13Z,27.15,5.93,73.04,52.42,26.47,192.28,10.72
2025-07-13T04:38:51Z,21.06,5.75,73.21,21.51,18.23,144.02,12.89
2025-07-13T06:00:46Z,24.22,6.43,76.85,60.53,23.98,165.82,8.7
2025-07-13T07:54:03Z,20.11,5.98,75.56,20.73,16.01,101.12,12.46
2025-07-13T09:37:39Z,20.68,6.43,55.76,26.37,24.71,265.51,12.73
2025-07-13T11:44:19Z,17.96,6.62,51.25,30.44,21.11,183.11,17.17
2025-07-13T13:15:15Z,13.19,6.01,77.72,33.8,15.1,124.88,11.6
2025-07-13T14:34:17Z,19.1,7.1,54.32,36.58,18.02,285.67,11.01
2025-07-13T16:36:19Z,24.95,6.8,60.73,67.84,27.88,138.33,15.78
2025-07-13T18:11:23Z,16.15,6.5,70.15,35.16,14.05,144.34,10.18
2025-07-13T20:04:32Z,25.63,6.29,67.93,22.58,8.64,45.05,17.13
2025-07-13T22:18:04Z,22.93,6.12,68.97,53.0,35.38,105.76,9.87
2025-07-13T23:31:08Z,21.22,5.99,63.93,87.54,26.46,154.22,13.14
2025-07-14T01:41:57Z,28.93,6.64,71.15,82.17,21.58,191.34,14.76
2025-07-14T02:41:25Z,18.77,6.43,73.1,28.11,13.7,144.37,11.78
2025-07-14T04:36:25Z,18.19,5.55,73.04,32.4,15.19,137.78,17.67
2025-07-14T06:45:36Z,26.31,5.58,64.08,59.59,38.88,100.02,17.66
2025-07-14T08:13:44Z,21.15,6.29,69.95,64.39,34.36,108.11,14.31
2025-07-14T10:04:54Z,29.85,6.39,64.72,31.99,9.8,60.29,9.12
2025-07-14T11:45:57Z,16.72,6.1,77.08,25.21,14.35,130.17,14.37
2025-07-14T14:00:49Z,21.31,5.87,70.78,23.61,19.37,121.37,9.97
2025-07-14T14:52:37Z,25.5,6.22,62.04,58.28,23.01,149.44,13.16
2025-07-14T16:48:13Z,21.84,7.33,61.8,75.68,31.2,144.02,10.22
2025-07-14T18:26:10Z,23.15,5.76,67.42,76.37,21.8,159.03,14.21
2025-07-14T20:30:32Z,23.25,6.54,71.39,84.34,15.91,181.64,15.78
2025-07-14T22:25:20Z,22.71,6.48,78.4,61.46,23.86,161.21,11.2
2025-07-15T00:11:07Z,29.21,6.06,71.57,78.59,28.57,151.77,11.51
2025-07-15T01:40:01Z,17.81,6.06,51.17,20.41,15.68,244.43,12.57
2025-07-15T03:21:43Z,17.2,5.84,63.62,62.56,22.75,199.35,14.25
2025-07-15T04:53:49Z,23.77,7.04,67.88,63.74,22.39,161.33,13.9
2025-07-15T07:13:31Z,16.18,6.06,75.31,27.64,10.56,117.4,13.82
2025-07-15T08:43:46Z,28.71,5.65,62.79,38.75,7.98,54.46,15.48
2025-07-15T10:23:24Z,23.82,6.93,64.74,73.11,35.81,141.14,10.69
2025-07-15T12:38:01Z,16.86,6.86,68.06,79.14,29.96,151.78,19.82
2025-07-15T14:34:06Z,26.28,6.7,67.23,58.15,34.38,161.96,12.09
2025-07-15T15:30:50Z,13.74,6.76,66.94,63.46,21.03,155.79,19.06
2025-07-15T18:04:50Z,28.61,6.42,68.99,27.86,14.16,50.7,13.12
2025-07-15T19:09:19Z,17.32,6.2,60.49,58.29,23.04,116.53,6.61
2025-07-15T20:37:07Z,16.77,6.97,62.21,57.12,22.92,151.0,13.42
2025-07-15T22:45:14Z,14.82,6.52,57.71,36.85,26.23,195.19,9.87
2025-07-16T01:00:04Z,21.51,5.64,65.81,37.53,12.17,70.35,22.31
2025-07-16T02:47:45Z,18.38,7.31,57.0,25.94,21.09,246.75,12.75
2025-07-16T04:16:16Z,12.72,7.07,55.13,28.47,20.82,181.31,12.97
2025-07-16T06:06:22Z,23.1,5.76,79.98,27.98,18.43,119.06,12.34
2025-07-16T07:41:45Z,25.05,6.18,67.15,84.03,38.7,167.37,22.47
2025-07-16T09:50:52Z,17.1,6.19,72.62,25.17,14.76,135.66,12.3
2025-07-16T11:03:58Z,24.69,6.0,65.32,79.78,32.72,190.14,13.81
2025-07-16T12:36:11Z,24.08,6.79,60.11,40.04,33.89,116.87,19.1
2025-07-16T14:39:17Z,19.19,6.95,58.94,24.12,19.97,291.52,13.47
2025-07-16T16:29:39Z,15.69,6.3,68.23,45.7,22.39,135.04,18.07
2025-07-16T18:28:42Z,26.52,6.35,67.24,50.79,26.41,147.02,5.95
2025-07-16T19:45:16Z,23.0,6.11,67.81,86.53,33.47,182.31,14.33
2025-07-16T22:01:06Z,26.22,7.37,64.94,48.16,36.82,191.51,19.38
2025-07-16T23:21:21Z,24.56,6.67,78.11,87.17,19.06,154.5,16.8
2025-07-17T01:29:41Z,21.18,7.07,60.06,65.61,27.58,149.75,16.6
2025-07-17T02:52:05Z,27.12,6.4,63.66,52.13,37.82,118.0,11.42
2025-07-17T04:37:55Z,25.29,6.38,75.96,44.24,33.52,155.59,13.43
2025-07-17T06:01:43Z,29.12,5.62,66.37,73.5,34.4,182.5,12.09
2025-07-17T08:16:41Z,21.25,6.58,67.95,69.42,28.61,132.98,15.16
2025-07-17T10:12:40Z,24.81,6.26,60.54,77.45,39.51,127.44,10.51
2025-07-17T11:07:59Z,13.06,6.08,72.26,33.87,17.82,122.4,7.2
2025-07-17T13:16:34Z,18.71,6.42,55.95,28.62,24.33,235.46,12.86
2025-07-17T15:00:35Z,24.04,6.5,68.7,55.37,27.41,131.21,13.48
2025-07-17T17:13:49Z,22.59,6.21,64.26,52.93,27.22,136.57,16.87
2025-07-17T18:35:01Z,28.28,6.04,71.74,43.26,38.29,175.9,13.33
2025-07-17T20:12:58Z,24.68,6.44,72.59,54.25,20.58,153.66,6.97
2025-07-17T21:59:48Z,12.34,6.12,66.37,78.93,32.7,154.53,8.59
2025-07-17T23:24:46Z,18.73,7.16,58.45,33.74,19.84,164.11,10.26
2025-07-18T01:17:06Z,18.4,5.63,71.97,31.06,12.98,122.91,18.15
2025-07-18T03:15:12Z,21.31,5.84,64.79,28.92,14.3,48.49,20.54
2025-07-18T05:16:29Z,20.36,5.75,67.39,29.46,7.83,53.67,9.2
2025-07-18T07:04:13Z,15.81,6.65,64.51,67.71,32.72,155.99,8.97
2025-07-18T08:46:56Z,21.17,7.09,63.75,75.74,32.32,109.22,19.95
2025-07-18T10:06:44Z,15.36,6.38,51.83,39.82,17.25,150.49,4.81
2025-07-18T12:04:30Z,14.89,5.98,65.97,40.62,34.29,108.01,16.25
2025-07-18T13:55:17Z,25.01,6.5,66.66,69.84,34.59,127.17,14.24
2025-07-18T15:15:19Z,27.06,6.73,61.9,65.81,26.94,181.13,8.11
2025-07-18T17:36:34Z,27.08,6.02,76.95,89.23,26.65,159.86,21.38
2025-07-18T18:58:46Z,13.28,6.28,59.1,27.84,24.11,171.92,14.26
2025-07-18T21:00:45Z,27.12,7.31,68.26,45.56,35.29,137.8,13.76
2025-07-18T22:20:10Z,11.15,5.9,64.29,57.94,22.23,148.52,18.5
2025-07-19T00:26:27Z,13.76,6.51,69.25,79.94,39.49,183.61,13.84
2025-07-19T01:39:57Z,13.22,6.38,79.41,40.47,10.63,143.65,13.24
2025-07-19T03:49:30Z,25.18,6.53,70.35,92.13,18.39,171.77,14.01
2025-07-19T05:27:34Z,23.25,5.71,78.66,23.46,18.22,124.45,13.54
2025-07-19T07:29:01Z,26.02,6.42,60.52,24.65,13.8,47.57,15.71
2025-07-19T08:43:02Z,21.51,6.46,70.62,67.35,18.72,168.64,9.18
2025-07-19T10:24:03Z,22.21,6.05,64.82,56.59,23.2,135.96,13.7
2025-07-19T12:20:04Z,14.41,6.44,78.32,41.49,10.76,127.48,8.81
2025-07-19T14:20:04Z,26.46,6.33,63.42,72.65,27.72,101.81,20.07
2025-07-19T15:49:08Z,28.04,5.73,89.25,48.44,29.48,128.11,14.67
2025-07-19T17:52:00Z,26.57,5.83,61.89,60.24,20.25,111.61,12.55
2025-07-19T19:41:07Z,10.84,7.29,54.57,21.87,18.77,181.65,12.51
2025-07-19T21:52:36Z,18.2,5.78,73.62,21.31,11.87,144.99,8.91
2025-07-19T22:52:39Z,23.67,6.33,68.97,73.36,38.54,129.45,14.44
2025-07-20T00:53:06Z,22.47,6.11,73.08,81.25,21.11,155.88,14.45
2025-07-20T03:04:28Z,27.22,6.61,68.7,94.17,29.25,197.47,11.51
2025-07-20T04:34:52Z,17.66,6.33,77.94,50.29,11.47,103.59,8.44
2025-07-20T06:17:57Z,29.26,7.2,66.96,57.42,35.21,113.09,17.25
2025-07-20T07:58:02Z,27.35,6.42,65.26,37.23,8.71,61.34,10.71
2025-07-20T09:57:42Z,28.38,6.42,89.58,52.28,24.53,103.31,11.38
2025-07-20T10:54:19Z,23.22,6.64,78.61,50.56,23.38,164.38,9.81
2025-07-20T12:48:35Z,16.68,5.6,71.29,22.23,10.62,120.49,5.95
2025-07-20T15:05:10Z,20.55,6.27,73.24,28.81,17.27,107.34,14.94
2025-07-20T17:04:02Z,27.43,6.52,70.21,72.54,23.35,173.14,12.65
2025-07-20T18:32:48Z,27.72,6.19,62.75,21.46,10.0,78.94,15.96
2025-07-20T20:12:30Z,15.3,6.61,57.83,22.61,26.57,255.59,7.79
2025-07-20T22:14:21Z,19.7,6.13,65.38,50.16,27.7,187.82,13.81
2025-07-20T23:15:17Z,25.96,6.08,67.13,89.71,20.46,165.2,10.75
2025-07-21T01:25:15Z,10.08,6.31,68.76,70.37,27.82,192.71,20.01
2025-07-21T03:02:48Z,22.06,6.19,71.03,35.68,13.92,117.92,10.68
2025-07-21T04:44:28Z,26.02,6.7,69.02,55.94,29.19,117.25,6.87
2025-07-21T06:35:53Z,23.89,6.27,72.9,90.98,28.19,184.14,7.31
2025-07-21T08:06:12Z,24.97,7.39,61.16,56.53,33.62,101.33,8.04
2025-07-21T10:07:37Z,12.71,6.2,62.08,57.77,36.13,196.33,12.54
2025-07-21T12:14:22Z,28.62,6.82,61.08,67.17,28.66,176.77,20.54
2025-07-21T13:38:50Z,20.13,6.07,54.59,27.01,22.41,213.1,4.54
2025-07-21T15:06:54Z,12.91,6.69,53.77,30.49,18.56,274.63,14.65
2025-07-21T17:27:06Z,17.91,6.13,74.81,59.97,14.4,132.31,9.09
2025-07-21T18:27:26Z,28.71,6.25,76.75,41.83,33.22,128.61,10.93
2025-07-21T20:25:51Z,25.26,5.99,63.43,37.1,11.47,57.3,14.15
2025-07-21T22:37:24Z,14.64,6.68,76.29,53.63,13.97,132.39,11.05
2025-07-22T00:16:16Z,25.66,5.8,80.29,51.06,22.95,110.46,10.25
2025-07-22T02:12:15Z,17.1,6.12,70.11,30.46,15.48,130.5,20.4
2025-07-22T03:59:13Z,26.62,6.16,63.41,29.21,7.84,73.18,11.95
2025-07-22T05:28:22Z,20.01,6.48,53.7,38.65,15.84,198.46,9.84
2025-07-22T07:07:47Z,27.78,6.64,68.04,71.12,20.09,195.35,17.12
2025-07-22T08:49:55Z,16.19,6.51,72.48,45.98,13.76,134.3,12.18
2025-07-22T10:15:00Z,18.29,6.32,77.51,30.83,18.21,128.26,12.55
2025-07-22T12:48:01Z,17.15,5.86,60.94,40.37,24.49,100.95,8.0
2025-07-22T14:02:06Z,22.96,6.64,61.07,63.88,22.9,161.33,10.52
2025-07-22T15:39:03Z,28.19,6.64,69.86,63.85,38.45,139.16,13.6
2025-07-22T17:44:28Z,28.08,6.78,67.84,78.84,31.17,119.88,13.23
2025-07-22T19:38:34Z,22.58,6.15,63.51,83.99,33.15,126.17,12.64
2025-07-22T21:27:24Z,20.14,6.17,60.96,44.77,23.46,198.91,10.54
2025-07-22T22:48:29Z,29.37,6.07,71.76,43.54,31.69,134.63,8.7
2025-07-23T01:00:59Z,24.47,6.48,76.25,79.38,22.51,158.77,10.35
2025-07-23T01:57:40Z,22.92,7.45,63.04,67.71,34.21,155.97,13.74
2025-07-23T03:40:52Z,19.36,5.83,74.15,27.24,15.68,146.27,12.28
2025-07-23T05:34:30Z,18.8,6.2,73.41,35.21,17.91,138.61,18.11
2025-07-23T07:32:32Z,29.1,6.69,61.21,70.15,31.16,194.74,10.33
2025-07-23T09:26:44Z,17.93,5.74,70.8,38.16,18.31,142.49,8.69
2025-07-23T10:44:56Z,18.55,5.68,75.89,25.88,17.18,144.43,17.0
2025-07-23T13:14:01Z,18.73,6.47,60.47,74.39,36.34,163.45,14.98
2025-07-23T14:40:14Z,20.67,5.8,62.02,37.34,10.67,51.52,16.66
2025-07-23T16:52:51Z,26.1,6.67,65.55,53.73,29.42,132.73,17.59
2025-07-23T17:51:26Z,28.36,5.67,64.33,54.76,25.34,189.0,12.64
2025-07-23T19:32:19Z,24.65,6.39,69.06,24.47,11.06,75.97,12.93
2025-07-23T21:22:35Z,12.46,6.65,54.24,36.86,28.5,165.79,11.06
2025-07-23T23:22:12Z,17.4,6.12,79.75,21.62,16.87,123.24,16.7
2025-07-24T00:52:04Z,24.58,6.66,77.4,56.03,17.6,181.08,17.71
2025-07-24T03:11:51Z,26.98,6.66,68.82,63.35,24.17,113.48,15.13
2025-07-24T04:29:18Z,12.1,7.28,51.31,28.05,26.48,299.56,14.18
2025-07-24T06:10:28Z,24.31,5.89,60.67,38.2,13.25,48.65,15.05
2025-07-24T08:29:29Z,23.44,6.07,76.35,47.49,19.41,113.47,17.58
2025-07-24T09:40:30Z,15.82,6.27,59.87,30.65,15.81,202.09,13.39
2025-07-24T11:40:58Z,26.69,5.63,68.73,67.5,37.05,119.21,9.92
2025-07-24T13:51:13Z,11.82,6.01,61.73,47.23,29.47,196.35,5.63
2025-07-24T15:16:33Z,22.09,7.22,62.94,64.75,36.36,112.88,8.53
2025-07-24T16:32:55Z,10.85,7.46,52.95,37.95,20.37,273.96,7.71
2025-07-24T18:37:35Z,25.0,6.07,65.12,25.4,12.91,72.47,10.76
2025-07-24T20:36:48Z,22.97,5.83,69.9,22.14,7.36,43.21,8.52
2025-07-24T21:41:19Z,25.69,6.19,78.29,92.73,21.58,152.09,15.61
2025-07-24T23:39:49Z,24.97,6.57,73.93,99.96,18.06,176.58,13.28
2025-07-25T01:28:07Z,26.93,6.44,72.69,58.01,37.47,134.45,10.22
2025-07-25T03:02:21Z,25.1,6.32,80.54,45.59,31.52,111.16,14.02
2025-07-25T04:42:14Z,19.33,5.68,71.94,27.76,15.1,142.53,2.47
2025-07-25T06:49:11Z,26.08,5.82,64.17,91.15,37.99,128.43,17.29
2025-07-25T09:07:13Z,22.3,6.16,62.94,51.57,27.31,192.04,14.04
2025-07-25T10:11:19Z,29.17,5.69,74.74,31.52,25.65,186.4,17.17
2025-07-25T11:47:53Z,24.45,6.2,72.76,91.75,24.81,171.63,14.1
2025-07-25T13:37:47Z,27.08,6.6,64.87,84.26,36.14,180.34,5.56
2025-07-25T16:00:47Z,20.25,6.4,63.22,21.6,9.14,64.67,13.99
2025-07-25T17:03:45Z,22.39,6.72,63.28,84.41,35.65,144.47,15.38
2025-07-25T19:37:06Z,27.7,5.96,69.8,63.62,21.18,124.17,9.94
2025-07-25T20:39:25Z,24.1,6.67,66.95,42.5,29.29,120.6,16.25
2025-07-25T22:54:09Z,22.59,6.53,77.43,51.89,16.33,110.45,13.32
2025-07-26T00:25:45Z,28.49,5.82,63.4,52.67,30.34,105.56,16.36
2025-07-26T01:49:49Z,24.06,6.27,72.19,52.43,31.11,158.72,12.2
2025-07-26T03:48:41Z,16.6,6.75,63.89,43.5,26.36,101.74,13.71
2025-07-26T05:23:30Z,28.88,6.24,80.86,36.19,27.86,111.6,17.25
2025-07-26T06:57:31Z,16.58,7.18,52.4,23.03,15.99,261.42,12.51
2025-07-26T09:08:18Z,14.74,6.04,66.5,50.74,26.61,189.29,12.61
2025-07-26T11:11:41Z,26.73,6.22,62.45,83.18,39.34,109.91,14.49
2025-07-26T13:07:26Z,11.07,6.51,64.07,72.03,23.87,161.25,11.12
2025-07-26T13:59:49Z,28.82,6.97,67.84,56.68,36.39,169.08,16.98
2025-07-26T15:46:27Z,20.84,7.23,52.58,23.33,25.0,173.94,14.81
2025-07-26T18:19:17Z,28.85,6.99,65.26,53.01,30.03,102.69,9.57
2025-07-26T19:52:49Z,18.56,6.3,74.99,33.96,15.7,124.73,1.02
2025-07-26T21:45:37Z,19.04,5.97,69.42,40.93,23.73,118.08,12.05
2025-07-26T23:18:37Z,28.25,6.5,78.37,56.44,29.76,153.75,14.1
2025-07-27T01:05:54Z,26.79,6.01,66.49,93.2,32.79,168.6,4.11
2025-07-27T02:23:47Z,14.89,7.14,52.71,20.95,22.16,239.59,11.9
2025-07-27T04:19:15Z,27.78,6.47,68.36,52.89,32.64,166.82,13.51
2025-07-27T06:25:14Z,22.75,6.63,71.34,58.5,16.61,109.17,10.14
2025-07-27T08:19:51Z,26.77,6.41,77.77,63.36,28.46,189.39,6.84
2025-07-27T09:59:35Z,23.16,6.55,64.47,95.08,21.43,167.69,13.41
2025-07-27T11:49:15Z,20.56,5.62,74.4,25.84,15.48,126.56,13.56
2025-07-27T13:29:14Z,23.05,6.4,63.59,93.74,29.03,116.95,9.02
2025-07-27T15:00:14Z,28.24,6.14,67.46,34.04,12.48,60.04,18.27
2025-07-27T16:16:59Z,28.34,6.07,87.27,59.69,34.28,134.85,9.42
2025-07-27T18:37:21Z,25.45,6.02,75.19,93.19,28.52,155.65,16.13
2025-07-27T20:13:05Z,23.49,5.77,79.39,32.49,17.44,148.97,8.14
2025-07-27T21:43:21Z,17.44,6.56,51.82,24.45,18.76,299.91,15.36
2025-07-27T23:46:53Z,22.78,5.74,69.65,68.32,36.7,164.82,2.82
2025-07-28T01:13:25Z,17.99,6.91,50.78,22.4,19.91,268.14,6.29
2025-07-28T02:44:02Z,23.07,6.12,60.67,83.08,30.38,157.52,6.19
2025-07-28T04:48:43Z,26.0,6.47,77.92,85.7,23.15,185.1,6.77
2025-07-28T06:28:48Z,25.03,6.41,63.14,55.63,36.7,198.33,11.36
2025-07-28T08:40:00Z,24.62,5.63,64.65,68.3,38.47,118.49,5.87
2025-07-28T09:48:09Z,23.59,6.14,70.1,53.81,17.25,198.93,15.01
2025-07-28T11:48:00Z,26.09,5.94,65.91,35.83,14.3,69.81,13.08
2025-07-28T13:26:35Z,21.94,6.14,60.32,20.28,10.94,79.2,13.21
2025-07-28T15:00:26Z,25.94,6.23,65.34,83.28,25.88,190.0,13.77
2025-07-28T16:59:08Z,21.35,5.5,75.6,23.91,13.28,108.03,16.06
2025-07-28T18:58:12Z,29.66,6.5,60.19,21.37,6.41,78.81,9.6
2025-07-28T21:03:24Z,24.12,6.15,84.12,51.3,27.58,160.13,13.18
2025-07-28T22:19:39Z,11.29,7.24,51.64,23.19,28.11,159.28,10.49
2025-07-29T00:26:57Z,22.58,6.83,63.11,45.27,34.12,165.42,11.95
2025-07-29T02:22:07Z,27.76,6.16,66.08,64.75,39.91,192.36,10.74
2025-07-29T03:41:25Z,25.22,5.53,70.47,39.45,39.11,112.56,9.98
2025-07-29T04:59:45Z,14.35,6.37,56.3,22.53,23.48,169.84,9.39
2025-07-29T06:58:48Z,26.9,7.0,65.56,46.5,39.66,168.4,13.52
2025-07-29T08:44:44Z,18.64,6.49,75.0,21.12,18.03,136.06,9.13
2025-07-29T10:27:17Z,16.88,6.98,59.33,36.63,27.32,158.3,4.29
2025-07-29T12:43:40Z,28.74,6.71,66.91,49.73,37.09,155.68,9.84
2025-07-29T14:00:16Z,27.17,6.74,70.12,73.66,20.68,181.56,13.44
2025-07-29T15:43:32Z,21.4,6.02,61.81,36.12,6.28,61.82,6.57
2025-07-29T17:54:53Z,19.92,7.13,55.96,31.34,16.4,229.95,14.69
2025-07-29T19:10:56Z,25.24,6.62,63.68,73.75,24.67,172.43,8.65
2025-07-29T21:13:38Z,27.97,6.39,75.21,84.82,19.82,150.19,10.83
2025-07-29T23:02:03Z,14.6,6.95,53.45,29.47,24.56,261.18,10.78
2025-07-30T00:18:18Z,21.91,7.12,67.41,68.84,39.55,194.57,12.7
2025-07-30T02:08:13Z,24.2,6.54,65.65,64.39,22.62,143.02,11.29
2025-07-30T03:57:32Z,16.34,5.58,72.39,20.36,10.09,135.74,13.13
2025-07-30T06:06:06Z,27.02,5.95,78.86,40.08,36.39,136.91,13.14
2025-07-30T08:10:24Z,22.94,5.89,70.47,30.54,13.89,107.17,12.27
2025-07-30T09:33:20Z,15.82,6.03,59.13,38.73,21.32,250.67,9.35
2025-07-30T10:49:05Z,22.45,6.63,63.99,54.31,34.29,169.54,8.12
2025-07-30T12:39:59Z,23.32,6.44,62.34,69.28,34.42,160.58,13.36
2025-07-30T15:03:04Z,24.71,6.46,60.16,86.43,20.56,159.36,12.8
2025-07-30T16:40:12Z,10.92,6.17,73.98,38.12,17.18,106.3,15.07
2025-07-30T18:00:52Z,28.25,6.21,64.38,66.12,31.08,186.01,10.12
2025-07-30T20:12:18Z,23.29,6.12,79.06,39.0,18.37,143.48,15.93
2025-07-30T21:27:42Z,28.33,6.46,62.53,20.63,5.58,43.35,10.78
2025-07-30T23:04:27Z,28.89,7.04,66.9,71.09,39.07,193.19,17.63
2025-07-31T01:08:34Z,27.57,6.89,60.54,44.89,24.39,148.63,9.83
2025-07-31T02:59:11Z,23.51,6.79,68.85,73.45,28.67,149.38,12.76
2025-07-31T04:42:57Z,28.12,6.38,64.52,26.61,8.18,57.67,5.89
2025-07-31T06:51:02Z,17.25,6.29,72.9,30.89,14.84,106.66,11.32
2025-07-31T07:54:49Z,26.29,6.23,68.28,61.79,27.28,157.72,14.11
2025-07-31T09:30:34Z,23.02,6.05,72.2,80.52,29.75,162.56,5.95
2025-07-31T12:06:15Z,29.58,6.08,61.08,22.75,14.71,76.49,6.53
2025-07-31T13:51:05Z,20.26,6.74,55.07,36.42,27.82,255.08,16.1
2025-07-31T15:04:48Z,24.05,6.95,60.34,40.22,28.83,153.57,9.87
2025-07-31T17:18:57Z,16.41,6.13,72.58,26.15,14.67,105.14,10.39
2025-07-31T18:26:23Z,22.12,6.22,69.22,56.74,23.7,117.64,11.33
2025-07-31T20:30:23Z,21.15,6.03,70.72,23.84,14.56,118.73,15.36
2025-07-31T22:03:48Z,25.6,5.83,85.83,55.03,24.27,161.7,8.17
2025-07-31T23:34:24Z,11.89,6.48,73.21,45.34,16.68,124.51,14.84
2025-08-01T01:37:16Z,24.03,6.33,78.39,46.19,38.78,157.89,13.92
2025-08-01T03:10:07Z,24.38,6.52,65.32,63.93,30.87,166.52,14.32
2025-08-01T04:57:32Z,16.46,6.26,75.47,29.01,11.68,146.86,18.21
2025-08-01T07:19:30Z,24.22,6.03,78.71,32.42,25.9,124.24,11.58
2025-08-01T09:04:12Z,25.21,5.99,82.15,47.27,39.25,121.06,8.95
2025-08-01T10:28:06Z,21.27,7.27,64.65,67.86,35.46,194.14,13.88
2025-08-01T12:11:41Z,23.53,6.49,78.96,39.01,19.36,129.86,14.65
2025-08-01T14:03:12Z,25.85,7.33,62.71,45.46,22.35,123.33,10.79
2025-08-01T15:35:49Z,16.21,6.42,75.03,22.89,10.8,107.45,8.52
2025-08-01T17:27:46Z,21.92,6.02,75.83,54.4,22.11,155.56,7.87
2025-08-01T18:47:33Z,28.35,6.49,65.18,72.09,24.78,169.35,13.17
2025-08-01T21:08:32Z,16.63,6.29,50.13,24.39,21.43,249.46,11.32
2025-08-01T22:26:03Z,22.52,6.51,77.82,48.77,11.03,111.25,12.66
2025-08-02T00:17:25Z,28.14,5.55,82.01,36.81,34.63,178.16,14.71
2025-08-02T02:37:41Z,15.21,6.73,65.26,49.01,23.33,181.27,15.93
2025-08-02T04:04:52Z,18.88,6.39,76.56,33.21,16.27,119.69,8.48
2025-08-02T06:03:31Z,28.27,5.99,65.22,35.86,9.91,72.44,6.13
2025-08-02T07:47:41Z,24.62,7.0,65.69,63.19,21.56,156.45,11.67
2025-08-02T08:49:07Z,12.47,6.48,77.04,43.71,14.96,146.56,6.78
2025-08-02T11:20:26Z,19.23,6.3,76.93,44.27,10.09,100.87,5.01
2025-08-02T12:32:05Z,25.18,5.96,80.48,40.05,28.41,194.63,11.34
2025-08-02T14:55:48Z,28.65,5.61,60.37,71.72,25.43,115.41,12.2
2025-08-02T16:10:00Z,17.56,7.16,59.17,23.98,21.36,258.6,7.83
2025-08-02T18:17:58Z,17.18,6.72,71.53,57.94,15.04,143.83,7.57
2025-08-02T20:00:50Z,24.21,6.25,67.13,77.51,39.25,129.13,9.69
2025-08-02T21:31:31Z,16.32,6.51,76.67,32.42,14.55,101.56,9.21
2025-08-02T23:31:57Z,17.55,6.45,72.21,42.01,17.42,112.74,12.83
2025-08-03T01:09:58Z,21.87,6.4,75.17,30.79,15.96,107.05,13.21
2025-08-03T03:00:47Z,15.79,6.47,74.22,53.68,17.28,129.3,11.48
2025-08-03T04:53:12Z,23.18,6.86,68.86,48.7,38.23,166.21,10.75
2025-08-03T05:51:55Z,27.57,6.49,81.83,51.62,31.54,127.36,6.58
2025-08-03T07:57:47Z,23.78,6.02,62.64,39.51,12.63,57.75,5.29
2025-08-03T10:03:53Z,24.61,6.16,66.73,83.89,24.35,139.46,5.0
2025-08-03T11:36:06Z,25.44,6.76,74.16,65.46,16.52,191.69,7.47
2025-08-03T12:58:39Z,12.47,6.48,54.47,37.67,18.33,220.18,12.63
2025-08-03T14:59:56Z,25.04,6.47,73.12,57.12,23.54,168.67,9.77
2025-08-03T16:33:05Z,28.8,5.59,70.45,47.31,23.45,144.96,9.78
2025-08-03T18:37:15Z,27.06,5.79,68.39,61.17,22.32,148.6,7.5
2025-08-03T20:30:51Z,28.72,6.28,74.21,32.57,32.36,117.83,14.57
2025-08-03T22:21:02Z,27.07,5.79,84.22,31.3,35.01,162.46,8.28
2025-08-03T23:44:04Z,29.3,5.7,65.39,52.24,23.27,118.3,11.31
2025-08-04T02:00:22Z,25.46,5.93,60.87,67.03,36.51,105.8,3.53
2025-08-04T02:52:07Z,26.78,6.42,62.74,79.42,39.71,104.38,14.44
2025-08-04T05:25:31Z,25.32,6.6,78.85,74.47,28.17,191.15,13.83
2025-08-04T06:39:37Z,21.62,6.3,74.14,75.71,25.05,175.08,12.12
2025-08-04T08:15:27Z,23.3,6.22,62.98,63.89,33.95,187.66,8.66
2025-08-04T10:37:16Z,22.28,6.26,69.25,58.69,39.32,128.66,8.8
2025-08-04T11:42:43Z,28.5,6.62,72.8,74.64,15.46,164.58,12.79
2025-08-04T14:11:59Z,25.91,6.04,69.65,91.59,34.02,156.41,9.58
2025-08-04T15:54:07Z,26.56,6.12,64.34,91.9,39.01,107.29,11.16
2025-08-04T17:33:52Z,29.91,6.14,64.42,29.92,14.98,50.53,8.08
2025-08-04T18:51:03Z,21.52,6.59,66.58,70.57,24.52,126.94,12.79
2025-08-04T21:06:26Z,29.39,5.7,70.11,40.72,36.34,161.31,9.2
2025-08-04T22:14:10Z,23.69,6.37,71.88,29.72,18.27,111.82,11.95
2025-08-05T00:34:32Z,27.3,6.76,61.69,64.11,26.45,176.08,13.5
2025-08-05T02:05:49Z,15.18,6.09,51.27,25.52,15.72,206.16,13.82
2025-08-05T03:24:04Z,27.4,6.21,62.22,31.1,12.62,50.57,5.22
2025-08-05T05:14:15Z,18.61,6.75,74.4,37.25,19.67,108.41,12.82
2025-08-05T07:00:20Z,10.49,6.72,52.03,39.39,29.79,223.66,12.92
2025-08-05T09:23:29Z,11.21,6.42,71.42,38.78,15.66,116.37,11.73
2025-08-05T10:29:47Z,11.21,6.74,60.24,63.25,33.27,135.11,10.56
2025-08-05T12:29:38Z,20.71,5.9,77.78,26.43,19.38,145.93,18.06
2025-08-05T14:16:51Z,28.54,6.64,78.88,88.37,15.66,194.35,7.75
2025-08-05T16:31:04Z,11.69,6.55,59.12,26.96,23.07,235.41,7.68
2025-08-05T18:00:16Z,25.71,7.41,67.4,45.11,39.9,144.01,12.35
2025-08-05T19:27:40Z,28.22,6.03,84.24,48.69,38.7,137.53,13.35
2025-08-05T20:55:25Z,16.81,5.65,72.72,20.37,15.35,124.45,10.47
2025-08-05T23:11:55Z,24.58,6.0,64.89,97.43,38.02,156.63,13.95
2025-08-06T00:33:00Z,11.4,6.79,67.29,56.94,20.01,192.83,6.04
2025-08-06T02:08:53Z,28.95,6.05,67.83,62.0,30.86,193.9,11.54
2025-08-06T03:47:41Z,19.29,6.24,79.51,35.6,14.79,140.41,15.91
2025-08-06T05:32:35Z,26.09,6.19,60.15,67.1,34.77,167.75,12.9
2025-08-06T08:02:33Z,26.42,6.31,66.49,20.29,5.76,41.04,2.47
2025-08-06T09:08:46Z,20.96,6.39,60.39,65.17,27.53,102.62,6.08
2025-08-06T11:01:36Z,29.28,6.07,67.93,31.64,7.79,69.31,10.48
2025-08-06T13:13:23Z,17.87,6.89,59.24,27.93,26.85,237.33,10.81
2025-08-06T14:52:46Z,25.25,6.16,65.36,66.18,35.76,187.2,16.36
2025-08-06T16:35:28Z,12.42,6.64,73.54,30.94,15.83,130.94,10.41
2025-08-06T18:19:39Z,22.21,6.48,72.31,96.81,28.99,169.71,11.06
2025-08-06T19:55:21Z,24.6,5.58,78.47,33.38,28.64,182.86,6.43
2025-08-06T21:42:43Z,28.37,6.54,73.88,79.16,15.01,158.02,9.62
2025-08-06T23:23:58Z,17.64,6.42,70.41,59.74,10.39,138.78,8.15
2025-08-07T01:43:14Z,24.29,6.98,67.43,54.81,25.94,148.14,10.95
2025-08-07T02:59:43Z,24.55,5.65,62.43,29.72,11.24,74.86,13.8
2025-08-07T04:43:24Z,22.46,6.24,79.91,59.73,18.73,143.55,4.02
2025-08-07T07:02:12Z,25.26,6.39,67.96,96.38,30.31,174.27,5.13
2025-08-07T08:10:10Z,26.02,6.46,67.75,41.53,31.47,133.63,10.84
2025-08-07T10:32:05Z,11.64,6.3,73.56,49.0,17.56,102.0,10.52
2025-08-07T12:05:22Z,28.79,6.08,84.3,57.15,23.86,161.36,5.76
2025-08-07T13:12:12Z,28.23,6.96,61.16,42.13,20.97,118.36,14.3
2025-08-07T14:49:32Z,23.72,6.28,76.02,55.33,25.93,197.09,5.54
2025-08-07T16:51:53Z,13.95,6.64,58.0,35.03,24.87,293.75,6.87
2025-08-07T19:05:35Z,15.94,6.17,79.65,36.61,18.48,110.7,10.78
2025-08-07T20:33:44Z,14.92,6.16,62.78,60.27,22.25,141.39,8.32
2025-08-07T22:30:07Z,15.59,6.11,53.05,26.05,18.4,297.38,8.21
2025-08-08T00:08:06Z,15.35,6.05,77.16,48.76,17.33,136.9,4.71
2025-08-08T01:46:12Z,26.67,5.64,71.69,42.59,27.85,162.16,10.51
2025-08-08T03:46:35Z,24.79,5.9,84.81,42.28,29.01,123.76,10.43
2025-08-08T05:43:32Z,10.33,6.33,65.53,52.68,26.26,158.69,8.66
2025-08-08T07:32:43Z,22.32,7.47,67.21,78.18,24.48,107.65,14.71
2025-08-08T08:21:15Z,18.74,6.68,58.57,22.21,29.81,195.09,15.76
2025-08-08T10:49:26Z,12.69,6.05,79.13,52.42,15.71,123.11,9.65
2025-08-08T12:18:31Z,24.72,6.32,66.2,94.79,31.89,121.81,11.02
2025-08-08T14:23:42Z,23.8,5.61,75.56,31.03,12.25,102.66,14.3
2025-08-08T16:00:06Z,11.07,6.33,65.71,42.43,25.49,188.73,11.45
2025-08-08T17:35:49Z,15.81,6.02,61.64,62.9,25.7,168.78,7.8
2025-08-08T19:33:17Z,11.55,6.86,53.45,26.35,29.5,298.2,14.96
2025-08-08T21:23:30Z,25.49,6.32,60.92,67.37,24.19,121.18,5.22
2025-08-08T22:44:41Z,24.51,6.31,67.93,72.82,35.27,180.2,10.07
2025-08-09T00:13:14Z,26.73,6.17,62.81,63.64,38.15,160.12,12.53
2025-08-09T02:47:52Z,26.58,6.92,67.2,79.08,32.97,110.48,6.45
2025-08-09T04:32:01Z,26.44,6.22,77.11,60.71,21.05,150.79,10.01
2025-08-09T06:07:29Z,28.21,6.5,69.59,99.15,23.51,162.14,8.88
2025-08-09T07:57:59Z,27.03,6.14,60.37,56.32,39.77,105.86,10.48
2025-08-09T08:54:34Z,18.19,6.99,69.47,76.77,38.28,168.11,9.03
2025-08-09T11:11:08Z,24.86,6.24,67.71,70.65,30.82,177.2,15.01
2025-08-09T13:18:26Z,22.86,6.74,72.24,91.44,18.28,181.42,3.95
2025-08-09T14:11:38Z,18.59,6.17,74.52,23.76,11.07,147.16,11.93
2025-08-09T16:21:41Z,28.42,6.1,67.93,36.68,11.62,47.57,9.31
2025-08-09T17:48:15Z,26.73,6.41,73.07,44.39,39.38,104.07,8.53
2025-08-09T19:30:29Z,10.65,6.08,64.82,64.91,39.95,160.17,10.63
2025-08-09T21:10:00Z,28.87,6.51,65.78,67.32,36.5,156.31,5.89
2025-08-09T22:56:08Z,28.54,7.21,67.99,52.55,31.23,101.02,5.93
2025-08-10T00:44:54Z,27.14,6.95,64.57,63.1,33.82,134.68,12.39
2025-08-10T02:41:17Z,17.0,6.99,52.98,29.82,26.47,235.12,14.78
2025-08-10T04:19:04Z,23.68,6.21,68.78,21.61,6.49,52.03,7.36
2025-08-10T06:38:09Z,26.42,6.52,79.05,76.19,16.3,157.23,10.25
2025-08-10T08:19:52Z,28.95,6.22,73.14,80.13,25.82,198.29,13.97
2025-08-10T09:27:33Z,25.46,5.55,85.33,56.98,29.42,141.27,6.84
2025-08-10T11:47:26Z,21.97,6.9,64.62,68.21,32.75,148.41,4.32
2025-08-10T13:38:44Z,16.51,5.81,77.23,22.68,19.49,142.88,4.86
2025-08-10T14:56:58Z,22.7,6.04,76.73,58.79,11.29,116.08,10.7
2025-08-10T17:18:48Z,22.21,5.83,67.37,60.53,24.39,162.77,11.09
2025-08-10T18:45:19Z,22.07,6.24,73.28,87.43,15.38,198.59,14.46
2025-08-10T19:53:46Z,28.21,6.15,78.31,67.37,26.7,182.4,8.54
2025-08-10T22:23:22Z,25.94,6.23,64.13,53.67,27.87,157.8,8.03
2025-08-11T00:10:09Z,16.17,6.4,78.94,23.71,12.59,149.8,10.04
2025-08-11T01:48:18Z,26.35,5.67,61.19,83.56,23.06,132.73,7.29
2025-08-11T03:43:05Z,11.97,6.48,51.66,24.99,29.22,237.5,4.67
2025-08-11T05:29:43Z,26.54,5.8,85.2,48.51,23.09,109.37,8.0
2025-08-11T06:35:30Z,28.98,5.82,82.99,53.23,33.23,115.65,10.56
2025-08-11T08:10:36Z,22.87,6.79,67.32,76.11,25.21,152.28,11.82
2025-08-11T09:57:15Z,25.61,6.33,66.7,46.36,30.31,144.5,14.61
2025-08-11T11:47:31Z,25.32,6.03,61.51,60.49,36.28,169.81,13.0
2025-08-11T14:10:32Z,21.23,6.2,69.94,28.29,8.91,65.46,14.07
2025-08-11T15:13:26Z,17.54,6.98,59.67,39.62,24.36,180.32,8.87
2025-08-11T17:48:03Z,28.7,6.67,61.08,62.34,31.21,166.27,9.13
2025-08-11T19:25:08Z,17.2,5.67,71.01,37.36,12.82,137.34,13.09
2025-08-11T20:19:58Z,18.55,6.14,68.21,71.99,24.94,146.4,8.77
2025-08-11T22:17:51Z,22.17,5.57,69.99,30.51,10.29,78.39,14.14
2025-08-12T00:47:45Z,23.84,6.74,63.9,57.8,20.08,195.8,7.74
2025-08-12T02:27:37Z,12.35,6.38,50.14,33.06,27.9,255.26,12.27
2025-08-12T03:44:55Z,22.54,6.11,67.99,51.4,30.84,183.92,12.29
2025-08-12T05:13:40Z,21.86,6.45,72.14,31.45,11.34,148.2,3.38
2025-08-12T07:25:33Z,21.76,6.52,75.78,49.99,10.49,123.08,8.08
2025-08-12T08:42:23Z,22.0,6.19,65.8,41.73,37.13,199.87,6.69
2025-08-12T10:47:08Z,25.05,6.43,83.21,36.79,40.0,125.02,16.16
2025-08-12T12:26:45Z,27.93,6.44,87.05,48.27,34.73,124.08,10.54
2025-08-12T14:00:05Z,29.14,6.2,62.33,72.5,37.27,144.18,11.23
2025-08-12T15:50:12Z,22.19,5.65,78.04,28.7,10.7,120.69,7.84
2025-08-12T17:54:25Z,27.73,6.1,67.09,54.94,39.04,141.33,9.46
2025-08-12T19:24:40Z,24.24,6.37,87.47,59.41,23.66,129.71,8.63
2025-08-12T21:00:19Z,13.93,6.55,62.86,64.41,31.95,184.25,10.08
2025-08-12T23:31:54Z,17.82,5.92,62.3,79.91,33.32,124.94,4.25
2025-08-13T01:08:25Z,27.21,5.74,68.49,27.39,5.29,50.28,12.67
2025-08-13T02:39:46Z,29.12,5.61,64.45,90.39,36.4,140.06,10.65
2025-08-13T04:37:31Z,25.04,6.32,77.5,74.95,24.27,161.67,17.4
2025-08-13T06:23:46Z,29.44,6.17,67.91,71.69,33.93,184.23,17.26
2025-08-13T07:59:45Z,27.82,5.83,72.26,35.98,28.35,133.76,4.45
2025-08-13T09:39:24Z,26.89,6.42,69.77,69.33,22.48,145.96,10.85
2025-08-13T11:10:32Z,24.85,6.52,61.33,74.78,27.72,118.65,9.24
2025-08-13T13:31:00Z,24.94,6.69,64.83,65.31,38.55,161.52,7.26
2025-08-13T14:43:28Z,24.34,6.04,60.33,22.04,7.37,67.85,12.83
2025-08-13T17:03:39Z,17.41,6.03,79.2,53.64,18.81,135.79,14.01
2025-08-13T18:40:48Z,10.76,6.86,63.1,67.48,32.53,135.14,12.06
2025-08-13T20:26:03Z,25.22,6.03,62.75,73.77,37.34,112.42,9.21
2025-08-13T21:24:27Z,28.01,6.51,76.27,95.28,17.1,188.19,14.71
2025-08-14T00:04:23Z,29.43,6.45,65.68,73.0,36.57,187.55,7.56
2025-08-14T01:24:13Z,29.15,6.17,63.98,49.08,38.82,192.79,9.6
2025-08-14T03:31:37Z,14.65,6.1,76.0,42.59,12.18,129.86,7.47
2025-08-14T05:06:01Z,17.93,6.35,71.85,52.35,17.68,142.6,11.46
2025-08-14T06:07:31Z,29.15,5.61,61.28,32.86,6.79,40.01,9.04
2025-08-14T08:28:29Z,20.66,7.24,50.1,34.29,17.38,223.15,7.52
2025-08-14T10:08:26Z,26.79,6.49,64.87,59.43,21.91,133.31,11.92
2025-08-14T11:44:56Z,10.21,6.41,52.32,29.55,23.64,195.61,10.11
2025-08-14T13:42:14Z,28.07,6.38,72.31,84.83,27.2,152.2,6.99
2025-08-14T15:40:50Z,26.09,6.11,68.88,45.12,24.87,156.63,9.01
2025-08-14T16:49:35Z,28.25,5.83,67.05,26.94,14.13,57.71,14.48
2025-08-14T19:09:09Z,22.73,5.69,72.11,22.33,17.67,108.61,11.81
2025-08-14T20:15:16Z,26.43,5.94,62.54,32.41,10.12,43.83,7.61
2025-08-14T22:13:27Z,22.41,6.35,68.61,55.81,34.57,117.85,10.02
2025-08-15T00:31:22Z,27.24,6.43,67.64,53.74,20.56,131.06,5.95
2025-08-15T01:25:08Z,10.7,6.48,73.99,34.06,15.04,125.38,12.57
2025-08-15T03:37:43Z,27.28,6.43,61.54,28.02,9.39,53.9,6.08
2025-08-15T05:36:12Z,24.15,6.17,62.96,33.65,7.54,58.19,10.67
2025-08-15T07:24:03Z,19.72,6.42,52.94,32.58,16.64,223.67,11.22
2025-08-15T08:54:32Z,24.16,6.24,65.19,58.74,39.67,195.77,9.42
2025-08-15T10:21:31Z,17.87,6.68,52.41,23.88,21.68,278.25,11.44
2025-08-15T12:46:34Z,11.75,6.04,50.4,22.49,26.26,201.09,9.8
2025-08-15T13:37:19Z,17.45,5.67,78.33,37.48,10.61,116.36,5.03
2025-08-15T15:46:27Z,15.82,5.92,67.44,75.78,23.01,158.73,9.26
2025-08-15T17:53:04Z,11.78,6.6,56.57,31.95,25.48,275.14,6.02
2025-08-15T19:45:25Z,26.5,6.58,66.39,55.1,28.67,139.51,11.51
2025-08-15T21:06:00Z,23.71,5.72,67.95,37.88,13.74,68.79,9.72
2025-08-15T23:08:16Z,29.43,5.6,87.25,33.28,33.12,152.78,13.52
2025-08-16T00:13:28Z,14.48,6.82,65.56,43.87,34.33,135.87,4.14
2025-08-16T02:16:13Z,27.43,7.17,68.15,53.29,32.15,191.73,11.54
2025-08-16T03:40:33Z,23.55,5.68,64.5,79.42,30.87,192.83,9.43
2025-08-16T05:30:01Z,13.28,5.92,69.72,54.49,31.08,129.65,13.93
2025-08-16T07:47:34Z,21.36,5.52,69.66,82.87,28.53,186.03,9.21
2025-08-16T09:21:42Z,19.28,6.05,78.78,23.26,14.16,145.53,13.75
2025-08-16T11:04:42Z,19.74,5.91,73.27,30.95,13.98,128.38,8.95
2025-08-16T12:38:53Z,23.87,6.32,71.14,55.19,17.78,157.63,11.85
2025-08-16T14:40:33Z,25.1,5.65,69.56,83.19,39.12,189.69,10.19
2025-08-16T16:12:53Z,19.59,6.61,61.11,64.97,24.9,164.39,6.97
2025-08-16T18:21:50Z,24.06,6.19,63.62,66.44,31.05,105.14,3.02
2025-08-16T20:13:11Z,16.91,6.12,77.41,32.72,16.06,117.16,6.56
2025-08-16T22:01:38Z,22.35,6.07,76.95,31.33,12.36,126.7,12.89
2025-08-16T23:38:10Z,17.38,6.48,70.7,28.93,11.17,133.56,6.98
2025-08-17T01:36:27Z,27.66,6.76,62.79,96.14,28.58,134.77,5.41
2025-08-17T03:18:18Z,11.33,6.2,52.18,26.02,22.57,227.11,8.26
2025-08-17T04:52:05Z,19.92,6.6,58.0,22.52,28.66,248.04,7.74
2025-08-17T06:22:55Z,26.07,5.96,68.21,97.63,22.87,199.14,8.63
2025-08-17T07:43:12Z,26.89,6.13,67.3,29.21,11.99,66.3,10.69
2025-08-17T09:30:55Z,27.52,6.04,63.09,61.69,27.08,126.99,5.34
2025-08-17T11:42:25Z,21.89,6.49,69.03,82.54,30.13,157.56,9.9
2025-08-17T13:08:01Z,25.38,6.24,88.97,53.05,31.63,147.67,13.33
2025-08-17T15:16:47Z,18.82,6.14,71.82,49.19,19.58,108.65,10.15
2025-08-17T16:55:29Z,22.1,6.94,68.29,42.04,20.12,154.0,8.9
2025-08-17T19:02:00Z,20.67,6.09,67.95,36.96,8.59,64.8,14.33
2025-08-17T20:33:17Z,20.35,6.19,55.83,35.97,26.3,176.33,11.0
2025-08-17T22:21:51Z,28.03,6.65,67.96,87.71,31.53,120.38,12.62
2025-08-18T00:10:51Z,14.57,6.53,79.59,47.46,15.05,113.46,6.1
2025-08-18T01:14:42Z,10.34,6.49,68.88,64.12,25.22,107.69,11.0
2025-08-18T03:15:10Z,23.97,7.29,68.18,55.96,35.98,103.27,15.24
2025-08-18T05:32:17Z,24.94,6.01,60.28,64.1,31.96,110.11,11.92
2025-08-18T06:59:43Z,23.97,6.18,65.04,79.56,21.22,168.32,11.57
2025-08-18T08:09:24Z,14.11,7.19,56.73,26.73,19.74,265.07,14.28
2025-08-18T10:19:58Z,27.0,5.76,87.8,53.15,37.0,191.98,6.18
2025-08-18T12:33:34Z,24.24,6.15,62.91,41.52,38.72,147.01,8.28
2025-08-18T13:59:22Z,27.02,6.64,66.03,58.74,34.23,167.53,6.06
2025-08-18T15:48:08Z,23.12,6.41,65.49,34.98,12.38,53.36,9.74
2025-08-18T17:30:02Z,22.84,5.78,60.97,52.75,38.58,193.57,8.36
2025-08-18T18:46:45Z,10.09,6.15,61.44,76.65,31.05,129.4,4.59
2025-08-18T21:14:45Z,24.99,6.06,61.46,88.96,33.95,155.69,9.63
2025-08-18T22:16:21Z,26.63,6.93,67.45,75.98,28.58,167.91,2.1
2025-08-19T00:05:44Z,12.8,6.0,67.03,49.28,23.12,114.19,12.18
2025-08-19T01:38:47Z,19.36,5.66,73.96,24.11,11.98,110.54,6.07
2025-08-19T04:01:20Z,27.6,7.02,61.35,55.86,30.52,192.67,7.07
2025-08-19T05:11:10Z,26.35,6.31,75.32,66.61,18.42,180.89,10.17
2025-08-19T07:02:19Z,21.81,6.61,78.59,68.86,19.19,194.99,5.73
2025-08-19T08:44:33Z,26.73,5.6,65.75,56.96,27.24,145.19,7.52
2025-08-19T11:01:59Z,24.14,6.64,64.86,79.2,32.59,141.19,9.18
2025-08-19T12:14:25Z,21.68,6.31,72.05,32.22,16.23,106.88,14.08
2025-08-19T14:02:11Z,18.5,7.26,55.77,27.26,22.92,288.78,6.7
2025-08-19T16:15:52Z,22.02,6.54,76.83,74.98,23.52,192.49,9.27
2025-08-19T17:35:27Z,18.47,7.07,59.23,23.74,15.29,194.18,3.37
2025-08-19T19:08:47Z,22.73,5.62,77.18,24.68,13.38,109.36,12.53
2025-08-19T21:10:46Z,16.1,6.08,75.03,36.3,14.41,133.73,7.25
2025-08-19T23:14:19Z,23.06,6.42,66.29,39.37,8.16,52.09,15.84
2025-08-20T01:17:20Z,16.1,7.46,58.95,35.04,15.01,156.53,8.33
2025-08-20T02:18:28Z,24.14,6.0,68.7,84.23,38.32,107.56,12.56
2025-08-20T04:33:21Z,20.57,5.52,60.68,39.63,6.25,49.45,6.86
2025-08-20T06:03:02Z,26.44,6.43,64.11,53.64,25.89,165.35,9.4
2025-08-20T08:05:24Z,20.25,7.29,52.07,20.72,18.61,169.29,7.41
2025-08-20T09:15:50Z,23.12,6.38,67.54,62.58,24.29,146.36,8.81
2025-08-20T11:39:21Z,20.38,6.47,75.57,35.53,12.1,112.67,10.13
2025-08-20T12:51:59Z,22.34,6.41,64.53,38.13,6.28,54.15,7.41
2025-08-20T14:33:51Z,22.86,6.69,64.65,54.44,24.95,164.64,7.64
2025-08-20T16:18:22Z,21.81,6.7,71.94,65.81,19.75,192.14,14.26
2025-08-20T18:35:21Z,17.83,6.63,70.69,39.77,18.59,123.56,5.74
2025-08-20T19:58:14Z,22.81,6.38,70.52,39.3,12.76,117.73,8.06
2025-08-20T21:33:06Z,18.16,6.34,77.12,59.15,19.22,104.78,8.88
2025-08-20T23:46:54Z,17.49,6.03,79.44,43.03,12.15,121.67,6.38
2025-08-21T01:11:48Z,18.96,6.33,71.2,44.58,16.19,147.1,8.87
2025-08-21T02:50:34Z,23.54,6.61,73.54,30.22,10.19,134.18,13.1
2025-08-21T04:51:46Z,27.12,6.39,78.12,38.45,24.3,180.53,2.79
2025-08-21T06:55:41Z,27.28,6.23,65.43,97.76,27.95,181.36,10.94
2025-08-21T08:23:35Z,24.19,6.77,72.57,67.79,26.66,156.55,10.56
2025-08-21T09:53:29Z,12.83,6.08,64.34,79.88,34.4,135.69,8.58
2025-08-21T11:29:26Z,17.62,6.28,70.04,56.19,10.23,129.81,7.65
2025-08-21T13:52:52Z,18.66,6.99,56.66,36.25,15.72,271.25,7.56
2025-08-21T15:42:15Z,22.32,6.3,66.56,51.89,35.58,156.71,6.49
2025-08-21T17:18:11Z,15.43,6.41,75.83,54.35,10.96,131.21,5.7
2025-08-21T19:09:38Z,22.15,5.85,60.82,38.3,11.64,66.15,7.17
2025-08-21T20:20:59Z,16.7,5.98,70.17,22.64,11.35,113.97,6.51
2025-08-21T22:23:29Z,25.03,5.82,71.21,51.21,39.01,146.04,10.18
2025-08-22T00:33:38Z,24.59,5.79,66.54,56.07,31.61,146.41,6.9
2025-08-22T01:54:30Z,14.82,6.4,73.33,57.86,11.14,128.08,3.97
2025-08-22T03:26:49Z,27.89,6.04,73.73,64.36,16.66,183.53,13.83
2025-08-22T05:00:16Z,28.58,6.1,72.74,58.92,26.12,186.14,8.6
2025-08-22T07:26:42Z,26.88,6.02,79.66,65.59,23.85,158.15,12.33
2025-08-22T09:02:29Z,28.18,6.64,76.72,92.07,24.02,196.96,7.0
2025-08-22T10:16:09Z,19.88,5.92,73.25,29.09,11.15,146.51,10.36
2025-08-22T12:19:53Z,22.81,6.65,79.96,62.49,17.2,173.85,12.97
2025-08-22T13:50:08Z,19.96,5.67,75.14,36.9,16.93,135.85,6.49
2025-08-22T16:24:30Z,12.47,6.33,79.88,48.67,17.01,119.44,9.66
2025-08-22T17:16:55Z,12.65,6.48,70.32,39.61,10.43,106.15,6.95
2025-08-22T19:21:00Z,22.59,6.45,75.39,20.75,15.05,129.51,10.92
2025-08-22T20:47:28Z,27.26,6.38,71.64,51.84,21.09,125.01,8.77
2025-08-22T23:18:46Z,17.18,6.27,71.0,49.29,13.46,129.02,10.52
2025-08-23T01:00:05Z,22.58,6.17,70.09,57.54,15.7,105.74,8.15
2025-08-23T02:55:10Z,19.41,6.39,76.9,27.88,15.91,113.49,7.18
2025-08-23T04:13:52Z,10.19,6.66,58.21,34.28,29.95,189.01,13.55
2025-08-23T05:32:00Z,27.45,6.53,69.56,42.74,35.62,146.52,4.82
2025-08-23T08:09:35Z,23.81,6.46,66.01,58.18,22.17,137.74,8.15
2025-08-23T09:14:48Z,13.28,6.06,67.9,45.91,37.38,102.37,5.44
2025-08-23T10:43:51Z,20.67,6.41,74.85,51.04,13.25,144.19,7.74
2025-08-23T12:37:16Z,16.24,5.67,77.62,38.77,12.19,130.79,7.05
2025-08-23T14:23:00Z,15.88,6.83,56.58,29.56,27.34,179.05,12.96
2025-08-23T16:19:15Z,25.4,6.34,74.51,53.58,21.07,190.56,10.29
2025-08-23T18:34:34Z,24.31,5.84,70.78,51.5,24.58,169.86,5.13
2025-08-23T20:02:03Z,20.77,5.91,69.71,35.53,14.28,51.68,3.67
2025-08-23T21:38:17Z,21.79,6.18,64.2,62.77,20.83,119.31,7.14
2025-08-23T23:28:23Z,22.56,6.07,62.37,59.32,31.02,185.48,7.17
2025-08-24T01:27:45Z,16.92,6.19,71.15,36.42,13.12,106.61,7.66
2025-08-24T03:00:58Z,25.93,6.75,65.69,75.93,30.87,101.54,7.9
2025-08-24T04:20:41Z,29.86,5.63,62.12,20.85,12.48,50.48,5.03
2025-08-24T06:21:50Z,29.32,6.41,76.66,94.22,22.45,185.56,6.89
2025-08-24T08:30:32Z,23.23,6.21,79.62,25.25,15.72,120.16,7.93
2025-08-24T10:09:41Z,23.94,7.0,66.03,51.84,31.58,163.23,12.86
2025-08-24T11:28:06Z,27.31,5.55,67.52,55.52,33.62,143.07,8.12
2025-08-24T13:42:25Z,27.49,6.8,65.7,50.62,22.3,171.14,5.58
2025-08-24T14:53:39Z,28.19,6.07,76.6,31.25,33.52,163.46,6.18
2025-08-24T16:56:09Z,24.64,6.3,67.07,76.41,34.37,113.8,13.48
2025-08-24T18:45:31Z,27.9,5.63,69.54,55.26,20.94,174.91,8.37
2025-08-24T20:15:50Z,25.82,5.81,89.65,54.4,30.97,123.14,8.33
2025-08-24T22:30:20Z,17.84,6.18,72.93,22.19,18.75,133.26,11.53
2025-08-25T00:21:55Z,21.29,7.27,68.57,41.93,35.48,199.44,9.15
2025-08-25T01:17:19Z,21.25,6.48,63.17,49.73,32.76,188.64,12.32
2025-08-25T03:17:16Z,15.81,6.65,52.01,37.39,19.93,260.31,6.79
2025-08-25T04:47:36Z,22.87,5.89,69.47,29.24,13.21,42.75,9.91
2025-08-25T07:09:48Z,12.93,6.59,68.61,74.17,22.13,160.51,12.35
2025-08-25T08:17:54Z,28.45,6.7,73.72,51.26,26.35,173.89,10.68
2025-08-25T10:07:50Z,28.05,6.31,60.57,98.08,35.33,132.97,7.69
2025-08-25T12:01:06Z,22.47,6.56,70.29,56.61,28.9,165.5,8.16
2025-08-25T14:04:27Z,26.1,6.14,77.4,94.15,18.27,177.3,12.93
2025-08-25T15:12:23Z,15.36,6.37,54.31,29.97,28.5,202.25,6.64
2025-08-25T17:25:38Z,21.99,6.43,78.93,35.72,18.49,134.62,5.99
2025-08-25T18:51:02Z,28.05,6.39,62.8,80.34,26.18,178.42,3.25
2025-08-25T20:59:31Z,28.67,6.31,89.99,56.59,20.01,144.92,4.71
2025-08-25T22:58:01Z,28.83,6.01,63.66,76.12,22.64,152.77,8.72
2025-08-26T00:33:11Z,22.35,7.07,62.27,60.58,32.38,171.22,7.7
2025-08-26T02:23:57Z,21.32,6.08,76.77,32.93,18.39,128.16,6.07
2025-08-26T03:39:53Z,23.01,6.51,73.78,68.51,24.97,158.75,12.14
2025-08-26T06:00:42Z,12.93,6.1,74.57,42.6,19.78,120.66,6.29
2025-08-26T07:26:00Z,16.61,6.74,55.33,39.23,26.0,218.56,7.29
2025-08-26T08:58:42Z,21.36,6.24,69.74,35.24,7.65,48.77,4.46
2025-08-26T11:17:30Z,22.73,6.71,67.91,68.07,23.98,102.1,5.49
2025-08-26T12:48:09Z,21.1,6.28,70.06,26.0,11.55,147.29,3.65
2025-08-26T14:43:49Z,24.93,6.11,78.47,31.91,39.7,192.88,5.83
2025-08-26T15:53:40Z,26.65,6.21,79.24,58.58,28.15,164.2,6.32
2025-08-26T18:13:14Z,29.31,5.96,66.48,61.63,37.68,168.07,12.48
2025-08-26T19:27:36Z,23.06,6.41,64.02,45.54,37.04,146.21,6.69
2025-08-26T21:09:13Z,24.9,6.32,64.01,74.83,36.46,162.48,12.91
2025-08-26T23:17:23Z,18.49,6.21,76.32,37.05,17.42,115.42,10.77
2025-08-27T00:51:28Z,22.06,6.52,72.64,52.99,18.15,145.03,10.95
2025-08-27T02:38:15Z,21.67,5.97,64.5,69.21,28.48,197.87,7.64
2025-08-27T04:09:03Z,22.22,5.87,63.2,22.17,5.4,50.6,7.56
2025-08-27T06:28:49Z,16.75,6.53,50.42,23.88,28.98,269.12,9.31
2025-08-27T07:44:33Z,27.54,6.31,66.41,41.68,38.29,148.97,10.84
2025-08-27T10:11:05Z,16.65,6.0,77.11,39.09,19.07,107.33,4.13
2025-08-27T11:05:36Z,13.87,6.89,64.91,60.22,20.48,120.59,7.7
2025-08-27T13:00:40Z,17.95,6.01,75.45,47.06,19.08,115.98,11.23
2025-08-27T14:42:10Z,19.95,6.6,70.98,48.18,13.76,145.54,11.99
2025-08-27T16:39:33Z,29.35,6.07,73.66,87.9,16.28,188.82,8.47
2025-08-27T18:12:33Z,17.03,6.24,60.14,70.15,21.43,153.19,13.57
2025-08-27T20:26:38Z,27.73,7.17,69.41,40.29,39.92,156.73,5.72
2025-08-27T22:02:58Z,28.13,6.78,77.4,97.08,23.06,154.36,8.73
2025-08-27T23:44:25Z,17.45,6.04,71.67,46.83,19.88,122.39,7.82
2025-08-28T01:40:01Z,24.73,6.03,65.57,30.83,7.8,62.01,8.8
2025-08-28T02:43:18Z,25.36,6.05,61.07,84.36,32.07,192.1,7.6
2025-08-28T05:09:57Z,14.29,6.79,79.49,33.98,14.9,126.02,6.27
2025-08-28T06:20:16Z,28.19,6.17,66.74,54.35,24.19,190.21,8.82
2025-08-28T07:58:21Z,22.15,6.26,65.69,74.01,22.37,142.1,5.96
2025-08-28T10:10:28Z,17.37,6.34,50.88,40.0,29.67,251.83,11.53
2025-08-28T11:52:16Z,19.61,6.25,57.71,37.14,27.08,272.03,10.94
2025-08-28T13:26:35Z,25.58,5.57,78.42,37.3,39.81,147.84,8.45
2025-08-28T15:03:56Z,23.23,6.54,61.31,75.76,31.24,130.04,3.06
2025-08-28T17:11:13Z,20.73,6.02,65.86,73.17,23.93,176.16,7.33
2025-08-28T18:36:40Z,29.48,6.0,69.05,25.31,8.37,69.11,8.55
2025-08-28T21:05:46Z,22.55,7.01,63.12,63.78,26.05,119.31,8.15
2025-08-28T22:43:06Z,15.23,6.17,60.19,40.2,38.05,114.08,8.3
2025-08-29T00:08:52Z,29.36,6.33,60.62,73.31,31.59,132.58,10.95
2025-08-29T01:48:47Z,25.2,6.28,77.8,47.02,33.84,136.36,4.77
2025-08-29T03:50:01Z,25.76,6.22,73.47,85.85,21.62,178.45,12.08
2025-08-29T05:53:50Z,27.26,7.45,68.7,76.35,30.16,158.62,7.28
2025-08-29T07:28:16Z,27.56,6.5,67.36,54.44,27.85,147.63,15.52
2025-08-29T09:25:48Z,25.59,6.4,75.85,41.56,30.47,178.82,6.93
2025-08-29T11:04:32Z,18.48,7.36,55.58,36.41,26.73,296.86,8.68
2025-08-29T12:28:12Z,14.23,7.47,56.28,27.29,26.67,187.15,13.27
2025-08-29T14:32:01Z,28.96,6.65,67.01,99.12,27.36,145.76,8.37
2025-08-29T15:42:11Z,10.15,6.42,54.01,21.68,27.65,271.51,9.72
2025-08-29T17:22:48Z,19.34,6.32,59.53,31.67,25.98,155.95,9.47
2025-08-29T19:25:39Z,27.56,6.58,69.05,65.54,32.1,178.34,6.24
2025-08-29T20:45:54Z,17.41,6.37,70.53,29.37,15.4,102.21,9.23
2025-08-29T22:39:44Z,11.13,6.38,52.72,28.36,29.11,234.64,5.18
2025-08-30T00:59:14Z,23.83,5.97,62.0,64.08,26.04,107.48,2.97
2025-08-30T02:17:00Z,10.57,6.75,75.3,31.02,14.32,102.02,10.12
2025-08-30T04:17:43Z,23.02,6.48,64.61,71.97,37.58,102.9,9.96
2025-08-30T06:23:32Z,26.81,5.6,85.66,45.35,27.49,177.17,7.54
2025-08-30T08:05:14Z,26.62,6.08,66.87,63.49,33.97,153.92,6.91
2025-08-30T09:51:10Z,13.46,6.37,79.19,51.87,12.19,132.3,8.52
2025-08-30T11:33:36Z,26.47,6.17,66.62,53.37,25.42,136.02,5.66
2025-08-30T13:19:43Z,24.89,6.66,67.14,76.37,27.24,197.85,9.38
2025-08-30T14:21:36Z,26.8,6.16,72.24,70.68,29.99,176.32,6.06
2025-08-30T16:06:30Z,29.28,6.19,63.28,40.19,22.67,105.89,8.39
2025-08-30T18:07:40Z,26.26,5.95,89.93,51.09,37.24,176.95,6.85
2025-08-30T20:03:21Z,21.2,5.66,66.2,64.81,30.63,126.25,11.72
2025-08-30T21:17:49Z,21.13,6.35,71.04,41.29,11.81,113.41,8.37
2025-08-30T23:45:36Z,22.51,6.62,76.43,91.05,18.1,173.73,9.29
2025-08-31T01:25:05Z,13.6,6.89,66.43,45.73,20.98,106.51,5.81
2025-08-31T03:19:42Z,25.94,5.53,77.54,47.41,29.44,106.14,10.82
2025-08-31T04:33:39Z,16.46,5.88,75.07,36.75,15.58,100.87,8.2
2025-08-31T06:32:36Z,21.55,6.2,63.78,31.08,12.99,63.52,10.28
2025-08-31T08:26:38Z,28.37,6.03,65.71,97.89,26.43,103.96,9.33
2025-08-31T09:39:55Z,22.54,6.69,65.5,69.36,33.91,165.34,7.86
2025-08-31T11:33:44Z,26.5,6.46,66.61,77.33,31.63,118.36,6.52
2025-08-31T13:51:55Z,25.61,5.51,76.89,41.13,28.97,166.86,9.48
2025-08-31T15:32:28Z,25.39,6.18,64.5,26.11,6.06,48.88,9.31
2025-08-31T16:46:32Z,28.3,6.55,78.61,65.47,21.7,153.03,6.78
2025-08-31T18:47:03Z,24.25,7.2,66.34,45.12,37.43,118.38,5.85
2025-08-31T20:47:57Z,22.97,6.48,74.71,94.23,26.05,194.98,8.29
2025-08-31T22:34:37Z,25.96,6.27,65.44,89.93,29.86,151.58,6.96
2025-09-01T00:04:05Z,28.49,6.09,67.67,96.67,26.97,102.99,6.96
2025-09-01T02:13:11Z,26.45,6.25,71.99,66.99,20.76,157.01,7.16
2025-09-01T03:40:13Z,20.55,6.6,67.91,54.64,32.6,134.69,7.22
2025-09-01T04:53:07Z,27.79,6.69,61.55,52.39,32.64,110.78,7.17
2025-09-01T06:38:58Z,15.2,6.78,57.15,25.84,17.41,260.5,6.58
2025-09-01T08:28:06Z,17.17,6.74,79.84,56.74,18.82,103.73,9.32
2025-09-01T10:09:59Z,27.3,6.52,68.34,78.61,22.79,185.08,5.14
2025-09-01T11:51:15Z,14.61,6.55,67.94,50.04,28.76,143.04,9.7
2025-09-01T14:29:05Z,20.68,6.26,60.79,35.01,5.22,55.69,10.56
2025-09-01T15:36:02Z,23.42,5.54,62.86,78.37,32.7,180.49,8.97
2025-09-01T17:47:57Z,12.46,7.03,52.38,38.38,16.53,245.77,6.99
2025-09-01T19:08:08Z,23.23,6.1,71.6,81.38,18.88,198.79,6.86
2025-09-01T20:59:19Z,24.15,5.96,64.46,27.48,9.77,65.48,5.27
2025-09-01T22:59:13Z,13.64,7.03,50.86,23.77,17.53,167.03,8.56
2025-09-02T00:03:49Z,28.76,5.66,78.0,49.82,32.02,198.5,7.64
2025-09-02T02:04:29Z,22.84,5.59,60.84,91.05,23.84,191.4,10.16
2025-09-02T03:54:20Z,28.63,6.25,66.95,99.26,32.06,113.02,7.85
2025-09-02T05:18:39Z,22.02,6.62,64.15,86.31,23.63,121.47,6.48
2025-09-02T07:12:51Z,22.31,6.16,64.63,66.99,36.7,179.86,9.09
2025-09-02T09:36:19Z,20.73,6.01,76.09,35.34,10.86,108.69,8.51
2025-09-02T10:52:28Z,24.68,5.87,67.38,74.17,33.32,196.66,8.97
2025-09-02T12:56:57Z,28.3,5.89,77.87,57.14,24.7,141.18,11.04
2025-09-02T14:07:28Z,27.6,6.21,66.79,55.38,28.83,180.74,6.58
2025-09-02T16:19:10Z,13.83,6.99,59.91,22.55,20.36,168.54,9.1
2025-09-02T17:55:29Z,25.01,6.18,63.24,65.33,36.33,143.53,7.69
2025-09-02T20:01:22Z,28.36,6.53,68.54,52.86,38.98,108.95,9.35
2025-09-02T21:01:39Z,29.13,6.24,61.84,69.23,27.46,190.75,6.55
2025-09-02T22:54:39Z,21.61,6.51,65.26,82.94,25.94,150.75,4.4
2025-09-03T00:53:24Z,28.59,6.25,63.29,37.85,14.47,54.49,5.47
2025-09-03T03:06:34Z,26.13,5.89,84.77,52.42,20.75,181.25,11.96
2025-09-03T04:54:02Z,28.35,5.58,73.36,59.64,27.12,169.64,5.5
2025-09-03T06:02:10Z,21.58,6.71,68.63,68.28,36.76,162.41,6.6
2025-09-03T08:15:20Z,22.13,7.4,61.66,61.47,23.81,157.95,7.88
2025-09-03T09:21:56Z,20.29,6.35,70.69,24.66,14.59,124.58,11.72
2025-09-03T11:08:16Z,26.34,5.6,72.99,41.07,22.72,196.38,11.26
2025-09-03T12:54:16Z,22.1,6.02,60.01,97.41,37.89,151.5,11.46
2025-09-03T14:33:54Z,19.71,6.02,77.43,42.56,11.74,126.89,3.65
2025-09-03T17:00:48Z,27.19,6.36,68.39,80.17,26.93,155.62,5.54
2025-09-03T18:56:58Z,25.21,6.48,67.94,87.6,37.81,184.32,9.86
2025-09-03T19:52:56Z,23.71,7.29,68.84,56.58,33.88,111.11,12.09
2025-09-03T21:36:20Z,22.32,6.1,65.46,55.5,21.14,159.66,11.7
2025-09-03T23:36:51Z,24.25,7.02,66.3,44.43,25.02,157.89,7.17
2025-09-04T01:50:50Z,26.71,6.73,63.05,45.92,25.62,192.19,4.26
2025-09-04T03:22:46Z,25.29,6.16,67.79,93.27,35.31,145.37,9.24
2025-09-04T05:20:35Z,28.57,6.31,74.35,33.85,26.11,103.21,9.3
2025-09-04T06:44:57Z,18.83,6.34,77.83,44.1,12.17,102.0,9.64
2025-09-04T08:39:01Z,10.76,6.51,62.91,56.47,33.45,129.94,7.25
2025-09-04T10:38:20Z,27.13,6.2,72.01,37.71,38.43,172.96,3.3
2025-09-04T12:29:47Z,26.38,6.42,80.79,46.85,31.87,145.93,10.41
2025-09-04T13:40:16Z,26.9,6.01,69.53,95.56,29.48,180.94,5.84
2025-09-04T15:26:35Z,13.39,6.57,53.41,23.39,22.69,218.43,4.68
2025-09-04T17:16:24Z,21.27,6.87,69.58,42.91,20.11,170.31,9.84
2025-09-04T18:36:17Z,28.99,6.56,66.65,51.72,37.35,187.51,5.44
2025-09-04T20:51:05Z,22.32,7.05,69.65,58.02,37.43,164.59,8.88
2025-09-04T22:55:44Z,20.35,5.51,78.19,35.57,12.25,115.66,11.97
2025-09-05T00:34:20Z,29.63,5.95,65.98,36.79,12.54,51.32,9.14
2025-09-05T01:40:37Z,25.36,6.02,79.04,88.04,27.59,167.73,7.06
2025-09-05T03:21:00Z,23.91,6.1,68.14,62.01,24.57,135.47,14.95
2025-09-05T05:56:06Z,21.61,5.62,62.16,39.59,6.17,66.19,10.32
2025-09-05T07:42:31Z,22.37,6.5,64.46,52.23,38.76,181.37,8.37
2025-09-05T08:59:06Z,21.43,5.82,68.38,61.81,34.72,110.29,5.46
2025-09-05T10:52:03Z,13.78,6.55,64.8,63.24,25.22,147.45,8.76
2025-09-05T12:07:09Z,25.22,5.91,66.63,48.24,31.58,145.27,10.85
2025-09-05T14:13:17Z,19.18,5.77,79.89,20.03,11.15,148.71,12.4
2025-09-05T16:10:29Z,23.95,6.78,60.99,57.84,35.0,161.89,9.14
2025-09-05T17:35:40Z,12.14,6.52,71.99,56.2,10.48,126.33,6.08
2025-09-05T19:16:18Z,28.26,5.97,63.96,25.71,14.18,41.76,9.28
2025-09-05T21:02:05Z,25.53,5.68,80.2,31.95,34.43,116.18,10.07
2025-09-05T23:12:40Z,22.91,5.98,67.55,75.66,39.39,140.42,6.91
2025-09-06T01:11:15Z,24.08,6.33,88.72,44.8,24.27,122.94,3.67
2025-09-06T02:37:19Z,16.08,6.66,63.47,56.65,25.42,101.15,4.81
2025-09-06T04:23:11Z,19.0,5.83,72.72,33.73,10.03,126.96,9.92
2025-09-06T05:50:04Z,24.63,6.65,64.99,75.08,22.68,138.71,8.17
2025-09-06T08:05:47Z,23.98,6.29,66.89,57.04,30.18,121.49,10.54
2025-09-06T09:20:47Z,15.04,6.41,69.5,65.56,39.14,128.38,7.25
2025-09-06T10:50:36Z,20.32,6.73,63.87,72.9,22.08,166.69,8.26
2025-09-06T13:08:57Z,11.96,6.43,53.81,29.83,25.29,164.05,8.84
2025-09-06T14:27:40Z,24.56,6.12,79.2,91.57,16.87,185.22,9.52
2025-09-06T16:21:33Z,19.61,6.45,71.69,32.33,13.74,144.49,10.66
2025-09-06T18:41:37Z,28.51,6.31,69.84,45.88,39.39,199.82,7.86
2025-09-06T19:36:12Z,24.62,6.31,71.22,52.77,18.32,163.9,7.53
2025-09-06T22:13:55Z,28.47,6.03,67.27,23.38,6.73,43.02,7.23
2025-09-06T23:17:05Z,16.05,5.76,71.16,29.96,13.06,117.22,8.65
2025-09-07T01:11:30Z,23.55,6.17,69.63,69.3,25.99,123.59,8.87
2025-09-07T03:16:00Z,28.17,6.34,61.55,80.4,28.52,173.38,6.88
2025-09-07T04:23:32Z,24.85,6.94,61.01,63.28,39.19,196.17,7.33
2025-09-07T06:51:03Z,18.45,6.74,72.36,34.65,19.34,147.7,10.46
2025-09-07T07:57:03Z,24.78,5.51,85.31,37.13,33.67,140.08,7.51
2025-09-07T10:00:50Z,25.16,5.76,62.07,82.33,20.66,181.49,10.69
2025-09-07T11:21:54Z,24.63,6.58,74.29,79.03,27.48,180.89,7.57
2025-09-07T13:45:45Z,23.63,5.99,68.64,52.26,20.04,169.21,10.9
2025-09-07T15:03:03Z,21.14,6.37,65.97,81.71,37.45,148.75,4.35
2025-09-07T17:22:59Z,27.71,6.22,75.87,45.12,33.85,128.28,10.53
2025-09-07T18:19:13Z,23.56,5.74,63.04,69.42,37.39,186.11,8.54
2025-09-07T20:39:52Z,28.67,6.08,71.65,48.82,32.66,162.02,5.95
2025-09-07T22:41:29Z,27.72,6.69,73.26,81.16,29.93,199.81,4.41
2025-09-08T00:13:04Z,22.19,7.03,66.87,63.93,31.38,199.48,12.53
2025-09-08T01:44:22Z,21.87,6.63,65.58,72.36,34.88,196.17,11.8
2025-09-08T03:47:58Z,16.23,6.83,64.75,42.88,28.26,156.38,8.85
2025-09-08T05:29:37Z,22.03,7.26,66.56,53.43,33.37,173.93,12.81
2025-09-08T07:11:00Z,20.65,6.42,53.89,33.99,24.36,276.46,9.82
2025-09-08T08:40:34Z,28.59,5.67,68.55,33.6,13.42,61.08,11.83
2025-09-08T10:21:48Z,21.11,6.17,74.77,21.82,19.1,106.57,10.11
2025-09-08T12:47:05Z,24.75,5.89,66.0,29.48,9.81,49.02,12.68
2025-09-08T14:24:56Z,27.76,5.58,84.9,46.83,24.3,171.59,6.69
2025-09-08T16:08:24Z,21.96,6.28,66.96,58.04,37.02,187.97,10.82
2025-09-08T17:53:11Z,13.43,6.84,63.9,43.27,31.59,141.38,7.62
2025-09-08T19:21:21Z,12.29,6.32,52.47,35.04,17.12,223.75,9.64
2025-09-08T20:40:04Z,13.71,6.28,51.63,24.9,28.09,162.37,6.02
2025-09-08T23:14:23Z,26.87,6.37,74.29,54.46,22.87,170.78,9.1
2025-09-09T01:02:38Z,15.88,6.03,74.01,34.74,16.23,129.34,10.73
2025-09-09T02:38:35Z,23.69,7.07,60.79,45.77,36.1,164.59,12.32
2025-09-09T03:46:08Z,16.61,6.56,61.95,50.52,33.09,105.03,8.8
2025-09-09T05:29:59Z,26.34,6.03,69.76,72.0,26.69,191.74,8.69
2025-09-09T07:16:01Z,23.0,6.33,62.56,58.51,29.89,143.38,10.86
2025-09-09T09:01:45Z,21.79,6.37,60.45,63.31,21.45,118.61,5.33
2025-09-09T10:38:43Z,29.37,5.75,73.36,33.29,37.78,127.3,10.93
2025-09-09T12:50:04Z,26.57,6.35,66.17,64.11,30.58,164.28,11.41
2025-09-09T14:48:05Z,23.78,6.01,61.56,57.38,29.17,113.4,10.38
2025-09-09T16:25:02Z,29.27,7.42,67.52,51.7,25.39,158.52,8.91
2025-09-09T17:43:29Z,28.2,5.65,69.33,28.45,13.57,71.01,8.42
2025-09-09T20:00:20Z,29.39,7.28,60.95,58.17,27.34,148.44,4.21
2025-09-09T21:11:00Z,25.2,6.82,65.01,49.94,21.0,132.85,8.74
2025-09-09T23:45:39Z,28.32,5.9,67.43,38.61,7.75,55.31,9.53
2025-09-10T00:35:11Z,14.6,6.48,70.4,31.97,19.0,121.2,9.6
2025-09-10T02:22:17Z,17.2,6.93,54.99,20.31,22.08,246.98,5.28
2025-09-10T04:13:21Z,20.23,6.27,74.29,26.2,14.37,138.92,9.27
2025-09-10T05:59:06Z,20.68,6.53,53.72,25.06,23.62,195.58,10.42
2025-09-10T08:17:13Z,21.15,6.22,60.56,34.45,14.19,40.57,5.27
2025-09-10T09:20:05Z,24.87,5.96,78.46,31.79,36.57,146.32,6.37
2025-09-10T11:58:31Z,22.39,6.32,62.66,66.61,37.98,130.37,12.82
2025-09-10T13:12:37Z,11.03,7.17,52.12,39.93,28.45,249.62,12.07
2025-09-10T15:32:45Z,19.35,6.59,73.84,53.85,19.03,149.07,8.77
2025-09-10T16:52:22Z,26.46,5.63,70.11,41.58,34.43,155.38,7.46
2025-09-10T18:56:28Z,24.9,6.24,79.51,95.4,21.25,151.51,6.48
2025-09-10T20:00:48Z,27.3,6.6,63.07,56.32,33.87,154.75,8.1
2025-09-10T21:55:41Z,23.6,6.37,76.6,72.0,21.86,169.94,8.47
2025-09-10T23:23:32Z,12.7,6.63,67.42,50.25,37.91,163.06,10.66
2025-09-11T01:41:52Z,11.06,6.75,68.64,73.98,37.79,160.24,7.97
2025-09-11T02:58:12Z,17.75,6.61,69.1,55.76,31.86,128.77,5.68
2025-09-11T04:36:16Z,23.03,6.63,77.64,54.91,21.21,176.32,9.97
2025-09-11T06:40:08Z,24.2,5.9,68.9,31.69,7.56,43.1,8.21
2025-09-11T08:11:55Z,10.85,6.23,55.1,30.94,15.12,179.94,4.04
2025-09-11T09:59:37Z,29.31,6.45,77.66,50.57,26.98,197.12,8.99
2025-09-11T11:35:03Z,27.34,5.85,63.07,51.81,26.04,111.31,9.9
2025-09-11T13:49:10Z,20.58,6.0,78.23,36.68,14.99,124.31,9.05
2025-09-11T15:31:21Z,27.82,5.7,76.4,54.94,38.14,130.7,11.84
2025-09-11T17:05:31Z,28.07,7.38,67.24,70.62,27.6,103.86,12.66
2025-09-11T19:35:08Z,20.38,6.47,76.11,32.32,18.01,111.71,7.66
2025-09-11T21:08:58Z,24.73,7.34,67.82,58.83,34.71,163.95,5.45
2025-09-11T23:01:22Z,26.93,6.38,83.34,43.76,27.17,121.67,12.04
2025-09-11T23:57:45Z,25.92,6.75,66.1,43.69,39.13,141.92,7.48
2025-09-12T01:50:35Z,21.95,6.04,71.89,34.12,16.94,131.02,15.21
2025-09-12T03:44:41Z,12.48,6.61,52.53,21.39,29.8,287.93,13.74
2025-09-12T05:10:33Z,28.35,5.59,81.09,55.82,32.88,123.79,8.43
2025-09-12T06:56:10Z,29.12,7.01,65.81,41.02,37.41,184.67,8.54
2025-09-12T08:38:22Z,15.19,6.27,75.88,40.78,14.93,113.83,8.08
2025-09-12T10:56:39Z,25.18,6.4,65.17,69.1,27.7,142.09,8.41
2025-09-12T12:28:20Z,18.46,6.57,58.2,33.87,28.21,175.74,6.01
2025-09-12T14:00:46Z,28.16,6.37,64.33,70.04,23.05,130.16,6.98
2025-09-12T16:21:07Z,27.25,6.29,60.01,53.58,25.89,134.76,7.96
2025-09-12T17:40:11Z,23.1,6.41,78.93,99.26,16.3,159.11,5.81
2025-09-12T19:29:24Z,25.01,6.72,64.95,62.58,25.05,197.94,11.1
2025-09-12T21:24:44Z,25.03,6.62,62.77,63.12,20.44,103.79,7.9
2025-09-12T23:20:52Z,21.49,7.0,63.23,48.31,33.64,141.59,7.97
2025-09-13T01:09:17Z,26.75,6.34,70.83,53.98,18.89,190.29,11.27
2025-09-13T03:00:18Z,24.3,6.26,77.69,82.81,17.55,157.64,9.78
2025-09-13T04:00:57Z,24.25,6.42,68.3,98.76,23.99,167.44,9.7
2025-09-13T06:28:56Z,28.01,6.16,61.8,31.48,8.45,61.47,8.2
2025-09-13T07:47:32Z,27.0,6.61,74.86,97.65,21.94,175.61,7.51
2025-09-13T09:36:24Z,21.31,6.17,76.59,83.65,19.47,176.68,8.71
2025-09-13T11:23:36Z,19.49,6.25,70.72,43.24,10.54,129.44,4.63
2025-09-13T13:31:36Z,26.25,7.35,60.81,77.96,33.62,153.19,13.07
2025-09-13T15:10:38Z,25.67,6.69,72.41,68.15,23.82,191.27,11.17
2025-09-13T16:25:04Z,27.68,6.71,74.47,51.77,21.42,198.22,11.18
2025-09-13T17:59:48Z,27.12,6.15,74.6,89.91,16.74,172.85,11.62
2025-09-13T19:48:32Z,24.96,6.26,79.82,51.69,34.33,102.31,9.91
2025-09-13T21:54:54Z,10.36,6.04,50.98,35.07,19.16,220.89,6.94
2025-09-13T23:35:08Z,28.38,6.48,65.72,75.91,34.89,107.35,1.92
2025-09-14T01:32:19Z,28.58,5.6,80.94,34.08,20.61,132.03,10.65
2025-09-14T03:30:27Z,23.98,6.42,67.48,75.82,22.11,113.4,8.69
2025-09-14T05:05:57Z,19.75,6.64,71.47,56.07,13.26,116.4,8.52
2025-09-14T06:23:08Z,13.78,6.32,62.0,40.23,31.19,142.86,6.99
2025-09-14T08:28:09Z,24.01,6.32,65.31,20.94,9.87,60.0,12.2
2025-09-14T10:12:51Z,21.69,5.95,74.92,29.77,13.19,142.38,6.11
2025-09-14T11:37:10Z,16.26,6.73,54.67,33.42,15.34,157.77,9.9
2025-09-14T13:32:45Z,19.66,5.54,72.16,37.27,17.21,129.26,13.73
2025-09-14T15:27:30Z,28.82,6.87,60.37,43.6,35.37,198.74,12.05
2025-09-14T17:16:00Z,23.0,7.3,66.66,53.64,35.56,162.79,10.62
2025-09-14T18:36:34Z,16.9,6.01,59.54,31.18,26.55,201.73,4.47
2025-09-14T20:54:37Z,23.85,6.42,60.35,47.35,31.82,138.2,12.09
2025-09-14T22:05:33Z,22.84,6.23,62.7,23.49,8.95,49.75,11.17
2025-09-15T00:34:47Z,25.39,6.37,81.26,31.76,24.28,164.92,13.6
2025-09-15T01:30:52Z,22.0,6.49,65.2,82.78,33.02,168.33,10.25
2025-09-15T03:14:18Z,25.57,5.78,82.12,42.43,34.74,175.3,12.39
2025-09-15T05:49:45Z,18.44,6.41,74.17,23.92,19.86,117.4,10.85
2025-09-15T07:34:49Z,23.18,6.08,78.82,92.33,15.49,178.06,13.5
2025-09-15T08:42:01Z,28.3,6.76,63.9,73.56,23.24,176.0,5.79
2025-09-15T10:38:21Z,17.23,7.37,59.6,37.95,15.56,292.36,13.42
2025-09-15T12:20:42Z,25.86,6.69,69.76,77.8,27.76,166.99,14.4
2025-09-15T13:53:33Z,26.38,5.55,69.74,53.66,26.39,162.17,10.36
2025-09-15T16:13:01Z,22.07,6.2,71.57,41.92,17.01,140.74,11.89
2025-09-15T17:16:28Z,15.92,6.03,75.91,35.62,16.51,113.37,13.22
2025-09-15T19:01:52Z,25.7,6.15,60.48,52.74,38.73,179.56,12.91
2025-09-15T21:02:55Z,17.72,6.76,69.77,52.43,22.24,121.93,9.36
2025-09-15T22:51:10Z,28.19,5.78,88.16,48.71,36.8,154.06,5.31
2025-09-16T00:32:35Z,25.16,6.12,62.37,66.08,39.58,140.79,11.3
2025-09-16T02:31:57Z,27.59,6.74,62.45,66.49,26.57,170.06,10.43
2025-09-16T03:42:19Z,20.01,6.1,52.37,37.58,16.62,290.66,5.99
2025-09-16T05:33:06Z,27.88,6.26,67.3,66.41,22.57,183.95,10.54
2025-09-16T07:09:25Z,25.88,6.28,68.94,61.3,25.47,170.57,10.96
2025-09-16T09:09:07Z,24.89,6.31,65.02,88.47,30.58,171.51,11.28
2025-09-16T10:42:41Z,22.0,5.75,65.35,92.13,38.64,105.28,15.58
2025-09-16T12:50:53Z,24.48,5.83,81.76,51.95,33.96,140.68,10.4
2025-09-16T14:17:43Z,25.7,6.23,63.44,36.09,7.18,63.79,10.29
2025-09-16T16:02:05Z,21.56,5.82,72.41,21.2,18.29,125.06,6.61
2025-09-16T18:28:39Z,19.77,5.66,78.61,36.22,17.52,129.94,2.78
2025-09-16T19:54:42Z,28.17,6.27,63.52,70.4,27.57,127.08,8.71
2025-09-16T21:35:44Z,17.37,6.12,74.48,35.72,10.12,138.3,9.41
2025-09-16T23:36:42Z,29.15,6.75,64.5,72.95,30.44,173.21,6.77
2025-09-17T01:25:10Z,26.42,5.81,76.12,48.84,37.96,148.13,11.54
2025-09-17T02:26:50Z,11.94,7.02,51.14,20.15,28.99,283.74,10.2
2025-09-17T04:51:39Z,14.96,6.33,52.28,30.29,24.29,199.93,15.02
2025-09-17T06:27:11Z,26.76,5.99,84.04,49.8,23.09,180.55,11.09
2025-09-17T07:48:48Z,23.78,5.82,63.61,69.22,36.94,111.74,15.78
2025-09-17T10:09:18Z,13.88,6.39,75.47,54.1,15.05,109.8,10.47
2025-09-17T12:07:43Z,11.58,6.12,63.95,73.07,29.38,111.73,5.51
2025-09-17T13:10:34Z,18.32,6.24,77.19,45.65,17.99,132.92,11.43
2025-09-17T15:17:03Z,10.29,6.3,58.92,37.56,28.0,173.46,5.32
2025-09-17T16:51:58Z,28.18,6.26,63.75,98.91,39.25,141.45,10.02
2025-09-17T18:18:47Z,23.24,6.2,71.82,50.39,14.66,129.31,9.9
2025-09-17T20:18:53Z,29.19,6.35,64.16,56.03,25.97,144.38,11.39
2025-09-17T21:46:41Z,26.22,6.72,78.65,91.05,21.76,150.26,9.95
2025-09-17T23:27:00Z,27.05,6.62,67.56,53.5,20.13,176.73,7.02
2025-09-18T01:23:09Z,28.6,6.61,73.68,61.81,20.08,155.95,5.76
2025-09-18T03:31:26Z,28.69,6.32,60.77,31.85,10.26,76.36,13.75
2025-09-18T05:19:36Z,17.52,6.72,54.98,26.26,27.93,163.83,13.26
2025-09-18T06:55:18Z,28.56,6.52,64.19,56.55,31.31,111.94,5.47
2025-09-18T08:40:57Z,20.23,5.98,70.18,30.4,19.55,121.72,8.5
2025-09-18T10:49:52Z,24.3,5.93,63.39,37.8,5.92,79.57,14.23
2025-09-18T12:04:24Z,26.01,6.88,63.33,66.2,25.2,186.03,13.0
2025-09-18T14:07:37Z,24.18,5.65,69.83,35.38,8.7,40.18,14.93
2025-09-18T15:37:28Z,21.64,5.93,69.93,99.54,36.09,131.23,10.69
2025-09-18T16:58:51Z,26.48,6.97,62.88,71.51,30.88,167.72,11.57
2025-09-18T19:03:20Z,25.3,6.08,86.99,48.6,33.65,197.15,5.47
2025-09-18T20:25:31Z,20.37,5.53,71.13,22.59,10.4,114.63,6.62
2025-09-18T22:25:00Z,12.01,5.85,62.23,53.87,20.44,121.05,9.42
2025-09-18T23:58:09Z,27.83,6.02,79.63,38.9,28.36,129.26,13.93
2025-09-19T01:53:11Z,27.36,6.34,72.32,96.26,26.37,163.73,6.05
2025-09-19T03:44:52Z,24.27,5.96,67.45,36.54,8.35,57.85,7.33
2025-09-19T05:21:36Z,23.46,5.6,63.96,29.33,5.6,73.26,6.13
2025-09-19T06:56:02Z,26.56,6.57,72.13,90.19,27.37,174.31,8.9
2025-09-19T08:55:16Z,21.46,6.38,76.46,54.14,20.2,153.95,9.29
2025-09-19T11:02:27Z,24.72,5.77,81.62,49.23,38.09,167.08,18.72
2025-09-19T12:12:00Z,25.97,6.36,80.68,39.25,30.15,191.81,5.27
2025-09-19T13:57:06Z,20.23,6.69,70.23,39.89,10.31,123.46,8.18
2025-09-19T15:42:17Z,15.68,6.88,58.65,21.3,23.34,165.2,7.38
2025-09-19T17:24:37Z,26.48,6.32,78.11,66.43,15.85,160.46,17.12
2025-09-19T19:33:25Z,27.85,5.5,63.79,37.59,11.27,58.68,10.39
2025-09-19T21:28:15Z,24.89,5.58,72.43,51.23,35.48,181.21,2.5
2025-09-19T22:52:28Z,28.16,7.21,69.92,50.57,24.33,192.32,9.09
2025-09-20T00:48:29Z,26.24,6.49,83.6,49.82,21.01,117.45,13.28
2025-09-20T02:18:04Z,25.17,6.41,84.02,35.84,24.52,117.81,10.0
2025-09-20T04:22:04Z,12.32,6.39,73.27,55.32,19.73,107.62,9.07
2025-09-20T06:29:54Z,16.9,6.04,56.75,23.89,17.93,176.32,6.73
2025-09-20T08:17:14Z,28.23,6.19,63.72,35.04,9.2,68.16,10.34
2025-09-20T09:19:38Z,22.84,6.17,62.89,33.94,11.25,60.87,15.93
2025-09-20T11:26:58Z,16.73,6.7,63.91,76.13,32.93,145.49,11.25
2025-09-20T13:19:28Z,13.67,7.09,56.76,28.39,23.61,227.0,11.01
2025-09-20T14:35:29Z,16.94,6.2,50.54,30.23,21.7,280.17,9.79
2025-09-20T16:19:51Z,23.84,6.23,77.53,34.9,16.09,104.97,9.9
2025-09-20T18:37:16Z,24.39,6.17,61.05,81.61,39.53,187.07,9.27
2025-09-20T19:45:58Z,26.22,6.46,60.07,43.68,21.16,175.33,12.59
2025-09-20T21:39:21Z,29.38,5.89,65.5,35.99,8.32,58.71,9.76
2025-09-21T00:04:47Z,21.42,6.15,61.63,94.16,22.85,183.1,9.81
2025-09-21T01:43:45Z,27.17,5.59,64.24,85.74,29.37,146.02,8.95
2025-09-21T02:50:43Z,24.47,6.27,65.68,31.38,10.38,42.89,14.26
2025-09-21T05:14:30Z,29.41,6.13,75.76,57.43,20.1,102.63,10.38
2025-09-21T06:51:21Z,22.94,6.2,68.19,70.02,35.02,145.95,6.3
2025-09-21T08:18:09Z,20.3,6.22,66.01,74.97,35.97,140.98,4.6
2025-09-21T10:10:25Z,24.52,6.68,73.35,92.06,27.42,187.37,11.17
2025-09-21T11:49:30Z,19.97,6.49,75.52,20.4,16.92,105.54,7.73
2025-09-21T13:52:30Z,18.58,6.25,78.8,22.98,17.84,121.67,12.6
2025-09-21T15:43:38Z,25.18,6.44,79.77,81.03,24.3,197.56,7.89
2025-09-21T17:32:52Z,24.2,6.0,61.27,55.95,32.67,140.57,9.58
2025-09-21T19:06:44Z,25.21,6.83,69.79,73.62,38.21,176.09,8.4
2025-09-21T20:51:31Z,27.3,5.59,85.22,50.32,38.24,124.35,12.15
2025-09-21T22:37:59Z,23.15,6.06,76.96,77.73,28.71,168.55,11.36
2025-09-22T00:14:07Z,26.11,6.21,82.02,36.52,39.67,198.39,11.1
2025-09-22T02:17:30Z,23.1,6.62,67.62,78.14,24.49,157.43,10.96
2025-09-22T04:09:39Z,25.06,6.2,69.8,58.88,39.18,119.02,8.3
2025-09-22T05:49:43Z,21.23,5.52,68.85,89.36,34.38,159.99,16.62
2025-09-22T07:33:39Z,24.15,6.21,65.49,88.22,32.27,142.48,13.61
2025-09-22T08:56:23Z,27.44,6.73,76.14,51.01,25.39,163.0,8.35
2025-09-22T10:31:47Z,22.68,5.98,62.52,36.67,10.86,78.6,11.94
2025-09-22T12:00:04Z,28.41,6.52,77.38,62.57,28.8,194.49,12.98
2025-09-22T13:59:34Z,13.89,6.26,59.3,24.59,17.84,266.43,8.0
2025-09-22T15:30:21Z,15.07,6.76,63.47,44.48,39.27,144.98,9.27
2025-09-22T17:22:45Z,23.83,6.07,75.77,54.93,24.03,182.46,9.78
2025-09-22T19:27:52Z,26.22,6.77,62.67,74.57,20.66,127.19,7.2
2025-09-22T20:58:04Z,21.93,6.77,61.73,68.56,39.07,122.31,10.93
2025-09-22T22:35:13Z,24.38,6.54,75.97,65.34,27.41,190.98,7.21
2025-09-23T00:19:07Z,28.82,6.18,63.02,59.8,22.44,155.17,14.43
2025-09-23T02:20:30Z,22.17,6.11,64.64,77.03,30.87,151.61,10.09
2025-09-23T04:39:23Z,28.71,6.52,62.48,75.63,38.45,107.63,10.0
2025-09-23T06:08:05Z,11.95,6.93,61.35,53.67,22.76,174.67,13.98
2025-09-23T07:57:16Z,24.75,6.39,66.11,54.89,36.22,181.58,12.88
2025-09-23T09:53:31Z,28.22,5.67,69.45,32.04,9.52,59.49,12.99
2025-09-23T11:23:31Z,16.24,6.55,57.41,32.74,18.35,256.64,13.74
2025-09-23T13:12:29Z,21.72,6.29,68.37,82.04,31.53,188.38,9.83
2025-09-23T14:39:10Z,17.05,5.63,72.27,37.46,15.46,122.12,8.24
2025-09-23T16:55:46Z,27.2,5.87,83.66,45.21,22.21,132.15,10.66
2025-09-23T18:27:37Z,28.46,6.0,85.35,51.6,24.35,142.21,19.32
2025-09-23T19:29:57Z,27.02,6.73,61.23,61.33,37.32,140.19,13.11
2025-09-23T22:01:41Z,29.13,6.31,67.16,87.21,32.7,109.33,12.02
2025-09-23T23:34:25Z,27.22,7.42,61.7,79.8,34.55,108.76,5.91
2025-09-24T00:41:43Z,23.92,5.58,83.02,33.16,30.83,198.15,11.73
2025-09-24T02:51:52Z,28.31,6.46,75.84,47.14,22.75,113.36,12.13
2025-09-24T04:22:03Z,21.82,5.6,60.88,39.81,14.92,68.37,5.08
2025-09-24T06:11:30Z,22.11,6.12,76.69,81.81,27.11,184.37,8.14
2025-09-24T08:07:49Z,28.89,6.91,66.09,59.98,26.53,112.22,14.28
2025-09-24T09:50:10Z,13.5,6.28,51.41,32.27,21.61,294.58,7.42
2025-09-24T11:43:12Z,26.65,6.37,75.53,56.75,24.33,150.04,6.91
2025-09-24T13:52:17Z,23.72,6.13,61.36,26.18,7.38,64.33,11.66
2025-09-24T15:13:12Z,22.0,7.45,65.29,44.27,25.97,148.85,12.46
2025-09-24T16:33:53Z,24.49,6.32,66.98,34.86,6.53,51.64,12.17
2025-09-24T18:38:37Z,18.02,6.66,66.77,42.0,20.04,158.51,11.11
2025-09-24T20:19:00Z,27.76,6.13,67.62,83.8,35.41,148.11,8.71
2025-09-24T21:46:00Z,22.27,6.08,69.58,30.23,5.81,76.48,6.37
2025-09-24T23:59:50Z,23.67,5.55,68.74,92.21,26.36,123.26,20.85
2025-09-25T01:26:11Z,28.24,5.94,78.35,59.73,31.56,134.2,9.87
2025-09-25T03:15:43Z,28.32,6.78,73.51,89.41,29.37,180.43,7.4
2025-09-25T05:12:46Z,27.71,5.82,69.61,91.58,21.84,148.64,12.84
2025-09-25T06:58:51Z,17.4,6.22,79.6,58.25,10.06,146.63,11.43
2025-09-25T08:21:45Z,20.1,6.22,74.44,39.92,10.37,110.43,9.13
2025-09-25T09:59:00Z,22.78,6.74,66.79,67.61,21.43,125.31,8.74
2025-09-25T12:22:56Z,28.57,6.41,67.33,21.41,6.95,79.54,11.15
2025-09-25T14:22:07Z,23.99,6.43,81.15,43.84,21.15,125.22,9.81
2025-09-25T15:36:38Z,25.84,6.15,69.27,61.16,35.76,101.49,13.22
2025-09-25T17:11:34Z,23.04,6.14,72.39,37.61,18.03,124.99,2.13
2025-09-25T18:45:43Z,28.96,6.16,71.93,68.32,25.19,168.19,11.14
2025-09-25T21:18:52Z,17.68,6.18,74.8,26.87,11.19,125.25,11.66
2025-09-25T22:58:47Z,28.25,6.23,72.57,54.4,37.45,162.99,8.75
2025-09-26T00:09:10Z,25.57,6.11,79.08,74.02,22.11,167.97,12.26
2025-09-26T01:47:53Z,25.66,6.02,87.64,46.74,37.69,141.91,12.76
2025-09-26T03:32:47Z,10.13,7.31,50.07,21.35,16.93,290.62,13.15
2025-09-26T05:32:36Z,27.47,5.62,78.75,32.88,20.98,197.15,13.64
2025-09-26T07:25:57Z,21.99,5.7,77.04,36.09,19.27,114.23,8.49
2025-09-26T09:18:09Z,25.96,6.06,63.57,24.16,9.38,79.06,12.66
2025-09-26T10:39:55Z,24.26,6.21,68.55,66.12,26.55,161.41,17.94
2025-09-26T13:09:05Z,21.87,6.73,68.77,75.48,24.86,101.98,17.74
2025-09-26T14:26:41Z,16.29,6.59,73.04,34.71,13.87,146.88,13.42
2025-09-26T16:05:48Z,19.01,6.69,59.03,34.23,17.16,258.08,13.8
2025-09-26T17:41:03Z,29.45,6.36,66.04,31.17,11.96,62.99,10.45
2025-09-26T19:36:23Z,14.61,6.73,69.6,49.09,36.09,191.12,14.64
2025-09-26T21:34:08Z,13.31,6.15,73.21,49.22,15.15,120.09,9.72
2025-09-26T23:29:38Z,27.98,6.64,65.42,62.97,25.38,130.95,12.91
2025-09-27T00:57:28Z,21.16,5.72,60.88,22.51,6.39,49.7,2.67
2025-09-27T02:36:53Z,29.4,6.59,69.58,41.52,31.61,184.4,14.91
2025-09-27T04:53:54Z,13.41,6.51,61.79,40.19,37.63,151.16,8.91
2025-09-27T05:43:26Z,20.57,5.81,64.49,30.89,9.43,73.18,4.6
2025-09-27T07:41:21Z,29.3,5.57,71.85,52.47,31.61,106.69,8.54
2025-09-27T09:18:08Z,22.51,6.99,64.55,61.09,21.33,115.67,10.44
2025-09-27T11:07:44Z,11.82,7.1,54.75,36.6,24.24,233.31,6.84
2025-09-27T13:05:00Z,20.62,6.14,77.97,27.42,15.15,127.27,7.98
2025-09-27T15:18:03Z,26.03,6.41,63.03,50.08,34.58,107.08,5.83
2025-09-27T17:03:41Z,20.32,6.01,71.13,39.42,10.34,135.73,13.68
2025-09-27T17:58:59Z,25.58,6.02,68.87,98.87,36.94,188.08,6.33
2025-09-27T19:53:19Z,24.83,6.93,62.11,53.59,23.25,172.68,17.42
2025-09-27T22:02:10Z,25.01,6.46,64.55,67.88,32.59,105.77,6.45
2025-09-28T00:12:07Z,28.13,6.82,62.06,69.17,36.68,138.17,8.86
2025-09-28T01:44:09Z,28.48,6.03,66.8,45.93,22.52,183.82,16.79
2025-09-28T03:10:56Z,27.63,5.7,64.18,98.1,33.88,178.04,10.86
2025-09-28T04:58:59Z,24.34,7.32,67.75,41.63,32.94,183.17,16.71
2025-09-28T07:10:05Z,18.69,6.9,59.77,26.9,29.25,261.42,14.3
2025-09-28T08:41:55Z,22.2,6.09,72.05,45.28,17.79,122.6,7.54
2025-09-28T10:22:49Z,14.4,6.71,53.79,22.88,22.74,288.82,13.25
2025-09-28T11:41:10Z,13.15,6.14,57.83,31.99,20.21,165.01,12.67
2025-09-28T13:42:05Z,28.15,6.44,82.26,35.51,23.0,130.44,9.37
2025-09-28T15:39:28Z,28.43,6.3,62.46,51.32,37.7,155.43,5.78
2025-09-28T17:09:15Z,23.02,6.03,64.28,30.94,8.99,52.05,11.79
2025-09-28T18:41:33Z,25.38,5.95,88.04,35.54,28.03,187.37,13.57
2025-09-28T20:59:56Z,26.29,6.8,61.95,65.71,31.05,196.4,10.79
2025-09-28T22:54:08Z,21.04,6.1,50.75,30.7,23.69,192.22,11.03
2025-09-29T00:08:27Z,22.06,6.0,70.99,63.44,16.1,174.7,18.66
2025-09-29T02:02:56Z,15.69,7.37,51.74,25.17,24.04,220.01,12.14
2025-09-29T04:09:36Z,11.1,6.13,62.23,54.51,27.21,179.74,14.98
2025-09-29T05:43:01Z,11.66,6.52,60.62,79.51,36.17,186.71,7.49
2025-09-29T07:14:53Z,18.83,6.78,72.15,59.92,11.62,119.0,8.67
2025-09-29T09:25:20Z,10.78,6.87,65.79,70.79,34.62,120.78,13.04
2025-09-29T10:50:51Z,25.02,5.82,63.81,51.4,34.04,144.77,3.14
2025-09-29T12:21:48Z,23.9,6.02,63.17,90.95,26.55,189.86,15.56
2025-09-29T13:51:39Z,25.54,6.03,74.81,31.39,39.86,194.73,14.8
2025-09-29T15:54:25Z,27.17,6.23,66.39,80.61,32.53,124.97,9.71
2025-09-29T17:26:03Z,27.39,5.9,64.1,48.15,22.18,131.97,9.48
2025-09-29T19:28:46Z,21.78,6.41,69.57,29.44,14.66,58.54,10.74
2025-09-29T21:10:05Z,11.8,7.27,52.44,39.44,27.17,278.52,10.31
2025-09-29T23:15:32Z,21.79,6.74,68.44,61.82,30.71,173.08,16.31
2025-09-30T00:43:59Z,13.92,6.91,58.73,25.57,26.45,261.85,7.93
2025-09-30T02:57:40Z,22.57,5.98,69.05,86.68,32.63,126.67,7.5
2025-09-30T03:50:58Z,11.86,6.13,50.31,22.83,15.41,159.33,17.76
2025-09-30T05:36:19Z,21.72,7.37,68.91,46.43,32.04,184.63,11.33
2025-09-30T07:20:23Z,25.78,6.71,71.47,82.23,27.72,199.05,8.69
2025-09-30T09:27:22Z,28.39,5.54,80.97,58.43,27.75,192.85,7.65
2025-09-30T10:51:25Z,27.93,6.16,69.21,21.6,8.45,45.29,5.75
2025-09-30T13:06:34Z,29.26,6.07,76.07,97.73,18.91,191.09,11.64
2025-09-30T14:21:13Z,21.72,6.25,65.37,89.16,36.32,184.47,8.78
2025-09-30T16:54:27Z,23.3,6.08,61.93,28.38,5.5,46.33,8.47
2025-09-30T17:46:42Z,29.2,5.83,64.52,32.99,6.34,50.35,8.17
2025-09-30T19:43:58Z,19.94,6.5,77.31,39.89,10.29,111.54,5.64
2025-09-30T21:29:46Z,24.51,6.01,66.2,77.5,29.83,112.11,12.24
2025-09-30T23:07:24Z,26.47,6.03,67.72,94.3,32.36,136.34,7.2
2025-10-01T00:57:59Z,17.06,6.46,71.45,21.77,10.32,123.83,16.91
2025-10-01T02:53:36Z,29.28,6.06,65.05,74.97,24.9,191.55,4.91
2025-10-01T05:08:53Z,26.62,7.43,64.07,40.42,34.82,178.16,14.7
2025-10-01T06:55:44Z,28.68,6.56,69.9,43.15,23.98,192.21,9.76
2025-10-01T08:28:48Z,24.75,6.22,60.98,30.49,14.33,65.69,9.97
2025-10-01T09:30:20Z,26.58,5.58,68.73,58.23,20.07,196.77,6.12
2025-10-01T11:40:25Z,14.39,6.38,58.07,30.83,23.07,188.25,12.45
2025-10-01T13:18:09Z,27.01,5.94,64.16,65.68,34.98,168.03,7.55
2025-10-01T15:29:52Z,22.38,6.8,65.67,60.06,33.42,168.41,11.01
2025-10-01T17:24:13Z,21.64,7.23,66.94,79.81,25.89,136.08,18.24
2025-10-01T18:43:18Z,11.74,6.37,62.43,49.53,31.37,179.68,11.47
2025-10-01T20:28:20Z,22.86,6.26,77.39,27.37,13.75,100.85,11.33
2025-10-01T21:47:17Z,27.44,6.65,72.78,95.69,22.35,150.41,13.61
2025-10-01T23:55:39Z,26.58,6.03,61.05,59.53,20.57,101.84,11.81
2025-10-02T02:12:31Z,25.73,6.08,60.82,84.88,37.28,199.72,14.36
2025-10-02T03:41:07Z,10.2,6.89,59.02,30.0,20.29,240.37,5.77
2025-10-02T05:06:52Z,27.83,6.14,82.77,41.61,24.48,148.22,7.19
2025-10-02T06:59:36Z,19.33,6.39,79.26,41.54,19.1,138.5,19.36
2025-10-02T08:31:47Z,10.68,5.85,65.87,69.17,37.61,121.53,8.43
2025-10-02T10:42:23Z,28.75,6.42,77.75,56.92,16.5,184.6,10.51
2025-10-02T12:29:20Z,27.74,6.29,60.98,62.89,33.08,189.12,10.82
2025-10-02T14:09:49Z,12.26,7.25,51.2,34.25,19.38,190.8,12.43
2025-10-02T15:44:42Z,28.84,6.32,64.76,78.76,21.15,139.49,15.16
2025-10-02T17:50:10Z,12.38,5.85,65.16,67.05,29.73,162.74,15.33
2025-10-02T18:57:21Z,21.45,6.74,69.63,97.93,21.36,143.77,9.19
2025-10-02T20:41:20Z,11.89,6.83,50.19,32.86,21.83,158.3,13.47
2025-10-02T22:45:25Z,27.67,6.3,64.02,61.55,33.95,152.3,12.37
2025-10-03T00:09:13Z,18.0,6.35,65.42,77.86,28.34,111.11,17.35
2025-10-03T02:20:03Z,16.78,6.39,52.13,36.47,24.77,276.35,15.24
2025-10-03T03:57:26Z,22.83,6.7,72.62,59.94,21.85,167.87,14.96
2025-10-03T06:13:16Z,27.38,5.53,79.85,59.97,25.28,140.29,12.42
2025-10-03T07:57:54Z,22.86,5.64,73.87,26.54,17.78,106.15,3.94
2025-10-03T09:23:31Z,28.72,6.71,60.24,84.44,31.86,138.47,13.51
2025-10-03T10:37:10Z,29.19,7.02,68.87,64.53,23.3,153.38,14.45
2025-10-03T12:22:13Z,21.38,6.67,77.36,69.66,19.43,184.1,12.35
2025-10-03T14:53:28Z,23.14,5.96,60.46,41.61,37.64,186.59,11.9
2025-10-03T16:26:26Z,27.77,6.61,79.59,57.63,26.84,170.41,14.63
2025-10-03T18:08:04Z,28.93,6.33,87.86,44.04,38.49,117.5,15.85
2025-10-03T19:21:22Z,23.13,6.48,66.54,71.16,37.89,194.65,11.09
2025-10-03T21:51:09Z,24.95,6.28,88.61,37.72,33.71,157.83,11.47
2025-10-03T22:54:58Z,15.24,6.56,72.76,47.56,17.8,103.96,16.82
2025-10-04T01:24:11Z,26.25,6.34,70.85,88.8,19.13,173.49,11.39
2025-10-04T02:40:35Z,24.05,6.5,65.64,76.49,34.18,142.63,13.93
2025-10-04T04:16:19Z,27.38,6.26,86.56,47.53,30.39,176.61,16.71
2025-10-04T06:06:29Z,17.99,6.25,76.77,25.74,18.99,148.29,14.28
2025-10-04T08:20:49Z,17.38,6.21,52.88,38.79,25.16,230.11,18.34
2025-10-04T10:09:31Z,23.48,6.22,67.43,46.1,26.65,171.3,13.14
2025-10-04T11:19:05Z,15.0,6.19,54.61,39.88,17.39,159.02,8.65
2025-10-04T13:31:22Z,22.1,5.75,62.23,98.94,28.23,127.29,13.33
2025-10-04T14:41:12Z,24.89,6.45,75.89,47.9,27.0,195.66,12.39
2025-10-04T16:59:15Z,16.2,6.14,70.32,20.99,13.53,115.1,22.15
2025-10-04T19:00:38Z,21.93,6.07,69.07,63.62,25.03,128.55,13.42
2025-10-04T19:53:33Z,23.63,7.4,69.93,79.22,28.31,173.95,18.19
2025-10-04T21:39:54Z,23.23,6.0,72.55,55.04,17.16,108.03,17.17
2025-10-04T23:23:53Z,14.49,6.34,57.94,33.09,27.26,211.2,13.67
2025-10-05T01:13:56Z,22.24,6.43,61.13,54.82,24.94,172.43,14.2
2025-10-05T02:52:59Z,21.03,6.24,54.72,30.47,29.24,286.82,18.17
2025-10-05T05:28:54Z,22.26,6.27,78.66,28.91,18.06,119.23,15.27
2025-10-05T06:30:54Z,26.07,6.44,71.52,57.4,29.96,157.41,8.77
2025-10-05T08:03:14Z,21.86,6.46,70.27,62.47,16.93,178.95,14.67
2025-10-05T10:15:02Z,11.86,6.43,52.33,35.25,27.16,290.65,20.18
2025-10-05T11:37:02Z,25.39,6.08,67.8,98.98,20.79,120.34,16.08
2025-10-05T13:31:13Z,12.19,6.37,71.11,33.68,19.46,114.22,10.67
2025-10-05T15:23:18Z,24.75,6.32,60.09,60.39,36.38,164.92,8.79
2025-10-05T17:30:11Z,26.16,6.18,86.72,30.99,28.19,193.75,17.51
2025-10-05T18:44:14Z,20.09,5.51,62.04,27.57,14.8,67.22,8.45
2025-10-05T20:37:23Z,25.31,5.97,78.93,51.2,37.38,188.17,14.27
2025-10-05T22:40:46Z,28.6,6.4,61.22,22.29,13.05,60.69,12.16
2025-10-06T00:30:10Z,16.64,6.39,78.81,25.91,19.4,115.62,11.39
2025-10-06T01:55:31Z,24.16,5.92,64.77,63.59,39.91,135.8,11.54
2025-10-06T03:40:49Z,22.93,5.66,60.34,75.6,22.2,143.3,7.13
2025-10-06T05:39:29Z,13.34,6.28,62.42,40.05,30.74,184.19,12.62
2025-10-06T06:47:33Z,21.99,5.78,61.06,70.84,29.77,100.03,15.37
2025-10-06T08:40:34Z,27.67,6.36,69.43,61.16,22.79,168.54,17.13
2025-10-06T10:30:27Z,23.05,7.48,61.91,63.49,25.85,139.81,8.58
2025-10-06T12:37:41Z,26.85,6.62,60.04,86.3,22.6,140.84,9.33
2025-10-06T14:22:18Z,22.9,7.02,60.45,59.04,21.35,165.76,12.29
2025-10-06T15:57:18Z,20.57,5.98,71.82,37.16,14.93,122.52,9.58
2025-10-06T17:25:16Z,28.52,6.05,65.38,92.84,28.81,169.47,12.83
2025-10-06T19:11:56Z,21.25,6.15,72.21,94.42,27.72,196.0,11.59
2025-10-06T21:02:31Z,13.37,6.17,57.47,25.95,27.33,206.57,16.94
2025-10-06T22:41:11Z,18.75,6.47,79.17,49.84,13.16,139.12,14.91
2025-10-07T00:35:51Z,11.31,6.64,75.63,49.21,15.05,149.39,11.85
2025-10-07T02:08:53Z,25.88,6.28,61.68,52.73,34.93,196.93,14.63
2025-10-07T04:11:26Z,22.31,6.53,77.41,94.68,25.62,184.65,10.83
2025-10-07T06:04:35Z,16.45,5.76,71.47,22.83,15.42,144.94,7.07
2025-10-07T08:08:36Z,16.68,6.5,79.03,37.49,10.25,147.33,13.63
2025-10-07T09:30:04Z,24.73,6.28,61.25,62.11,25.99,140.77,8.56
2025-10-07T11:00:58Z,20.53,6.48,67.66,25.61,6.64,76.75,12.21
2025-10-07T13:30:35Z,24.58,6.39,87.02,46.07,28.3,175.17,14.64
2025-10-07T15:06:50Z,27.96,5.52,89.78,32.83,22.77,149.34,11.5
2025-10-07T16:42:44Z,19.4,6.05,75.43,30.54,18.03,100.07,15.8
2025-10-07T18:42:05Z,24.55,6.44,70.08,40.25,35.3,133.18,12.54
2025-10-07T20:27:11Z,21.99,5.59,64.76,23.55,9.13,47.7,9.06
2025-10-07T21:32:04Z,18.77,6.62,53.74,35.46,26.68,262.48,16.27
2025-10-07T23:33:30Z,29.22,6.59,66.02,51.88,27.56,164.14,11.0
2025-10-08T01:17:00Z,23.59,6.08,71.59,90.04,22.26,169.52,9.89
2025-10-08T02:54:52Z,25.83,6.27,66.18,66.55,22.13,184.3,10.63
2025-10-08T05:00:41Z,21.6,6.36,64.06,21.64,13.95,44.53,15.14
2025-10-08T06:16:50Z,21.17,5.81,60.11,43.11,33.07,127.68,14.58
2025-10-08T08:26:57Z,23.24,6.03,66.87,74.95,37.89,193.85,7.55
2025-10-08T10:29:12Z,26.2,6.47,75.24,71.85,26.59,172.92,18.6
2025-10-08T11:22:41Z,26.09,5.83,69.63,71.68,38.76,161.02,4.95
2025-10-08T13:38:14Z,15.95,6.44,62.47,54.37,23.11,158.45,14.73
2025-10-08T15:05:39Z,21.76,6.45,62.17,94.51,22.76,177.7,9.68
2025-10-08T17:29:51Z,24.34,5.61,68.16,74.61,27.6,140.49,10.71
2025-10-08T19:18:20Z,26.91,6.2,73.41,63.98,23.89,166.26,6.45
2025-10-08T20:27:31Z,23.88,6.62,71.63,56.52,28.24,200.0,4.74
2025-10-08T22:15:42Z,20.06,5.57,63.93,36.77,6.29,42.02,14.59
2025-10-08T23:55:34Z,17.37,6.28,74.0,45.0,13.97,102.27,12.74
2025-10-09T01:47:54Z,24.19,6.43,73.18,43.66,34.61,141.66,13.29
2025-10-09T03:08:35Z,22.45,6.06,78.52,59.66,28.5,166.15,9.02
2025-10-09T05:03:21Z,29.01,6.33,61.01,65.84,29.7,129.33,10.42
2025-10-09T07:26:54Z,17.67,6.04,58.45,32.41,20.48,173.19,9.41
2025-10-09T08:40:11Z,15.21,6.79,59.79,35.76,17.86,284.32,14.74
2025-10-09T10:04:30Z,11.82,6.62,57.62,21.8,25.01,290.69,14.67
2025-10-09T12:37:44Z,25.22,6.51,65.72,59.02,23.8,108.39,10.42
2025-10-09T14:28:08Z,28.22,5.7,83.08,57.05,27.32,168.67,16.06
2025-10-09T15:40:50Z,24.2,6.1,73.26,64.33,21.44,184.38,16.24
2025-10-09T17:30:14Z,28.71,6.24,61.04,83.31,29.7,174.93,9.56
2025-10-09T19:08:18Z,20.43,6.25,50.19,26.42,23.88,216.35,8.75
2025-10-09T20:41:00Z,27.67,6.79,64.31,86.42,28.44,149.95,9.68
2025-10-09T22:57:18Z,14.77,6.63,74.76,48.34,11.86,128.23,11.51
2025-10-10T00:59:11Z,20.5,5.67,61.94,21.92,11.62,44.17,17.54
2025-10-10T02:47:48Z,20.11,5.66,78.84,20.05,15.11,143.89,10.17
2025-10-10T04:18:15Z,28.34,6.18,64.43,97.78,35.09,125.97,8.18
2025-10-10T05:47:57Z,23.68,6.18,68.25,58.1,36.05,172.3,10.84
2025-10-10T07:59:43Z,23.82,6.5,61.91,62.84,39.19,120.3,8.85
2025-10-10T09:11:05Z,23.68,5.78,67.97,38.38,14.86,76.48,12.88
2025-10-10T11:08:00Z,17.75,5.92,72.6,37.57,10.52,129.51,13.63
2025-10-10T12:53:21Z,28.05,6.3,70.89,75.64,26.21,155.45,15.37
2025-10-10T14:12:29Z,24.55,6.47,89.81,53.33,35.4,151.89,13.36
2025-10-10T15:57:51Z,13.93,6.38,72.92,59.56,13.88,124.72,7.63
2025-10-10T18:14:46Z,12.67,6.36,77.14,33.95,15.16,101.7,13.98
2025-10-10T19:45:35Z,13.97,6.33,58.73,36.94,26.45,241.84,12.56
2025-10-10T21:05:43Z,24.85,6.32,62.14,98.23,34.66,169.86,13.27
2025-10-10T23:33:28Z,24.67,6.3,69.9,82.09,20.2,103.42,13.51
2025-10-11T00:34:53Z,25.62,5.86,70.64,49.42,36.22,197.68,7.75
2025-10-11T02:51:07Z,18.85,6.84,54.21,38.12,15.73,243.15,11.03
2025-10-11T04:32:07Z,27.56,6.79,62.6,67.54,27.98,191.92,19.67
2025-10-11T05:52:11Z,19.47,6.09,77.36,35.49,10.44,126.18,19.29
2025-10-11T07:37:22Z,15.7,6.53,79.73,38.45,10.91,122.96,7.44
2025-10-11T09:42:46Z,21.23,6.07,64.23,61.45,30.78,168.8,11.71
2025-10-11T11:11:16Z,28.31,6.39,71.84,37.98,27.24,124.15,11.46
2025-10-11T13:46:28Z,28.67,6.27,69.67,74.14,31.87,179.71,14.55
2025-10-11T14:53:36Z,18.95,6.93,57.2,28.02,24.23,233.11,6.86
2025-10-11T16:41:32Z,21.59,6.01,68.87,63.78,20.39,177.72,12.67
2025-10-11T18:42:54Z,22.48,6.63,61.3,51.34,24.98,157.63,8.77
2025-10-11T20:42:50Z,23.03,5.71,60.13,75.37,36.49,139.76,10.58
2025-10-11T22:01:51Z,29.41,6.48,62.15,65.41,32.89,119.43,17.38
2025-10-11T23:40:24Z,23.29,5.84,69.42,65.19,39.07,142.58,11.21
2025-10-12T02:03:00Z,27.33,6.78,62.8,54.9,34.53,174.03,8.72
2025-10-12T03:33:51Z,27.48,6.29,80.65,35.17,31.07,139.89,14.57
2025-10-12T05:00:39Z,15.78,7.35,53.29,21.62,21.32,189.28,12.28
2025-10-12T07:02:22Z,27.23,6.25,63.61,79.89,25.83,122.45,14.84
2025-10-12T09:01:34Z,28.45,6.76,74.3,78.69,15.0,181.89,14.31
2025-10-12T09:50:57Z,28.33,6.49,72.67,50.5,27.19,158.54,20.45
2025-10-12T12:34:05Z,26.56,6.29,64.6,68.07,28.39,180.76,21.92
2025-10-12T14:07:15Z,20.14,6.17,76.78,34.4,13.57,120.48,12.24
2025-10-12T15:11:21Z,19.58,6.07,72.99,31.64,18.61,109.03,9.99
2025-10-12T17:03:26Z,29.43,6.58,61.58,51.27,29.79,193.2,11.55
2025-10-12T19:31:08Z,18.19,6.33,71.03,49.37,14.64,115.41,5.81
2025-10-12T20:57:09Z,21.63,6.21,66.09,69.43,25.14,130.97,21.53
2025-10-12T23:04:45Z,28.32,6.76,76.68,89.09,28.07,179.85,12.1
2025-10-12T23:54:07Z,27.13,6.02,65.16,24.99,14.86,54.58,12.27
2025-10-13T01:43:07Z,24.54,5.63,73.55,47.82,28.82,183.56,19.47
2025-10-13T03:23:52Z,22.16,5.98,63.1,91.38,35.72,180.59,14.2
2025-10-13T05:28:07Z,15.02,6.17,55.16,39.12,16.38,226.95,12.27
2025-10-13T07:37:38Z,21.95,6.44,61.93,34.13,12.55,74.65,7.44
2025-10-13T08:54:08Z,25.23,6.22,78.85,84.65,16.52,178.9,8.21
2025-10-13T11:08:26Z,16.16,6.57,51.67,24.3,22.34,236.66,13.77
2025-10-13T12:37:14Z,29.34,6.7,66.06,87.09,35.25,123.31,14.59
2025-10-13T13:59:00Z,27.28,5.72,88.22,34.56,23.17,170.96,18.11
2025-10-13T16:27:16Z,27.89,6.6,72.18,59.55,18.38,164.28,18.2
2025-10-13T18:00:46Z,21.87,6.66,75.57,64.7,18.16,173.21,20.35
2025-10-13T19:34:08Z,26.07,6.41,72.05,42.46,38.76,104.25,6.32
2025-10-13T21:34:26Z,28.75,6.16,64.71,29.65,6.28,68.99,10.92
2025-10-13T23:12:01Z,23.16,6.54,69.08,65.76,26.76,197.15,13.41
2025-10-14T00:37:27Z,26.83,6.15,61.08,65.93,27.44,100.19,7.85
2025-10-14T02:25:14Z,23.91,6.45,62.62,95.78,39.27,169.6,10.19
2025-10-14T04:13:05Z,12.19,7.41,54.38,22.26,15.51,277.24,13.48
2025-10-14T05:42:25Z,25.57,6.74,68.35,63.7,31.47,164.72,8.47
2025-10-14T07:39:11Z,27.38,7.26,62.51,46.42,25.1,152.98,13.47
2025-10-14T09:30:18Z,11.45,6.24,51.42,30.41,28.91,271.07,6.81
2025-10-14T11:29:22Z,27.05,6.41,85.24,55.16,24.79,143.33,14.32
2025-10-14T13:20:28Z,22.42,6.34,66.47,52.17,30.85,156.11,10.39
2025-10-14T15:11:31Z,24.68,5.95,70.2,49.45,36.58,151.23,16.52
2025-10-14T16:11:29Z,25.17,6.36,69.27,70.7,20.58,145.77,8.18
2025-10-14T18:25:09Z,23.73,6.55,69.79,61.9,25.48,165.0,13.44
2025-10-14T19:51:11Z,20.0,6.31,60.37,49.7,35.8,158.54,13.08
2025-10-14T21:53:25Z,20.31,5.87,69.89,78.95,35.18,186.39,13.89
2025-10-14T23:13:38Z,27.38,6.11,71.87,50.52,22.32,171.41,10.59
2025-10-15T01:14:47Z,29.12,6.58,62.41,53.38,28.93,148.75,14.27
2025-10-15T03:12:36Z,26.8,6.25,68.16,40.39,21.4,142.39,17.95
2025-10-15T04:56:42Z,24.0,6.09,60.52,41.23,38.98,110.81,17.07
2025-10-15T06:27:56Z,23.64,6.54,69.01,55.67,28.08,136.77,7.84
2025-10-15T08:40:03Z,21.46,7.04,66.76,68.52,20.46,163.73,10.79
2025-10-15T10:11:09Z,25.25,7.0,60.33,74.93,35.92,171.5,13.58
2025-10-15T11:28:58Z,15.38,7.25,56.7,36.92,24.52,239.92,15.28
2025-10-15T13:31:37Z,15.42,6.44,75.53,58.43,12.0,112.47,11.54
2025-10-15T15:18:09Z,24.13,6.11,77.82,77.61,21.63,169.84,20.65
2025-10-15T17:11:55Z,14.83,6.54,60.99,69.71,29.15,150.63,11.72
2025-10-15T18:35:45Z,28.32,5.87,69.55,28.84,5.89,53.85,13.41
2025-10-15T20:25:54Z,19.56,6.31,74.37,33.69,16.79,143.01,10.48
2025-10-15T22:20:51Z,22.7,6.79,62.99,48.15,32.42,104.9,14.65
2025-10-16T00:36:23Z,28.54,5.57,62.18,30.47,7.31,51.54,15.9
2025-10-16T02:01:27Z,19.49,7.17,58.18,28.31,20.97,222.68,11.71
2025-10-16T04:06:53Z,24.33,5.83,70.17,56.64,32.74,186.41,11.25
2025-10-16T04:59:25Z,27.63,6.39,63.0,50.08,33.57,167.59,12.93
2025-10-16T07:08:36Z,28.26,6.35,76.63,57.86,22.49,197.84,10.13
2025-10-16T08:34:58Z,11.16,6.46,72.34,53.76,15.09,125.74,12.56
2025-10-16T10:43:28Z,27.4,6.6,61.88,60.81,27.88,135.92,17.44
2025-10-16T12:23:10Z,20.82,6.33,71.25,22.43,11.12,101.67,11.85
2025-10-16T14:14:52Z,28.12,6.06,87.88,58.86,26.76,110.3,14.6
2025-10-16T15:28:04Z,27.77,6.35,60.3,71.93,35.65,116.17,11.38
2025-10-16T17:34:27Z,24.68,6.7,64.38,42.62,35.61,184.71,15.16
2025-10-16T19:26:40Z,17.13,6.1,73.65,28.96,12.36,104.38,9.83
2025-10-16T21:07:34Z,22.05,6.54,75.11,62.16,22.32,177.93,14.51
2025-10-16T22:41:05Z,29.39,6.29,61.68,63.93,38.98,146.45,12.18
2025-10-17T00:33:37Z,14.49,6.26,71.24,57.52,17.51,121.28,14.02
2025-10-17T02:42:31Z,20.03,6.18,71.05,32.01,14.96,139.14,15.43
2025-10-17T03:50:30Z,12.79,6.36,74.72,51.95,10.58,137.72,11.98
2025-10-17T05:50:06Z,28.49,5.57,60.12,89.63,39.96,142.31,14.51
2025-10-17T07:49:08Z,22.53,6.44,60.08,99.71,29.53,159.39,15.94
2025-10-17T09:26:23Z,21.3,6.17,65.34,75.59,27.82,184.21,11.23
2025-10-17T10:41:08Z,24.26,6.34,80.46,47.02,39.26,192.87,12.89
2025-10-17T13:06:53Z,29.04,6.91,67.54,53.29,34.49,187.75,13.12
2025-10-17T14:15:39Z,26.94,5.7,78.81,58.76,38.74,176.61,15.02
2025-10-17T15:56:27Z,24.87,6.32,62.11,58.06,33.39,101.81,17.17
2025-10-17T17:54:10Z,26.18,6.31,61.58,55.04,25.59,117.34,9.95
2025-10-17T19:27:24Z,22.92,6.04,70.66,63.41,16.41,199.78,10.01
2025-10-17T21:50:17Z,24.43,6.49,64.19,38.5,6.37,55.71,12.47
2025-10-17T23:40:44Z,14.36,7.34,51.56,22.45,29.35,217.63,12.27
2025-10-18T00:44:55Z,23.58,6.39,71.06,34.12,17.24,109.3,9.33
2025-10-18T02:38:03Z,17.76,6.35,71.25,44.86,14.0,146.96,12.37
2025-10-18T04:26:24Z,15.12,6.23,75.49,51.34,11.24,101.26,5.09
2025-10-18T06:26:56Z,26.74,6.25,64.97,73.82,26.31,124.31,15.1
2025-10-18T08:01:53Z,16.81,6.13,73.01,46.95,15.12,121.97,19.87
2025-10-18T10:06:40Z,13.86,6.33,77.12,39.69,15.48,126.77,11.93
2025-10-18T11:58:19Z,14.57,6.34,67.73,73.6,23.66,138.14,18.37
2025-10-18T12:53:28Z,22.03,6.41,60.03,26.74,13.26,58.67,17.07
2025-10-18T15:26:07Z,18.0,6.47,70.81,44.86,18.1,102.35,15.8
2025-10-18T17:05:49Z,15.47,6.78,78.87,32.15,13.87,136.2,9.85
2025-10-18T18:55:20Z,26.87,6.3,71.73,51.11,23.59,101.09,13.68
2025-10-18T20:09:42Z,22.11,5.93,67.84,79.7,24.96,138.5,16.06
2025-10-18T21:49:49Z,21.29,6.43,73.0,88.35,16.45,184.53,18.44
2025-10-18T23:36:16Z,17.72,6.48,53.4,38.11,23.37,277.53,11.04
2025-10-19T01:09:23Z,23.47,6.37,79.09,37.19,19.44,101.47,17.08
2025-10-19T03:39:02Z,26.21,5.93,70.85,32.57,36.88,121.37,9.72
2025-10-19T04:50:43Z,10.7,6.39,51.57,24.5,29.74,168.03,13.84
2025-10-19T06:41:38Z,28.3,6.29,85.45,48.89,36.49,169.97,15.06
2025-10-19T09:00:34Z,27.93,6.25,79.85,61.59,15.21,195.66,11.62
2025-10-19T10:51:56Z,23.08,6.79,68.65,41.1,27.94,104.24,16.97
2025-10-19T12:11:04Z,22.48,7.0,62.5,58.87,38.43,174.6,13.5
2025-10-19T14:03:35Z,22.66,6.22,73.46,63.46,17.66,194.0,21.36
2025-10-19T15:41:04Z,28.24,6.42,64.12,39.96,11.05,67.36,13.32
2025-10-19T17:01:19Z,15.94,6.7,65.24,48.48,23.63,161.71,13.98
2025-10-19T19:25:18Z,23.68,6.02,65.97,76.58,32.38,191.89,13.48
2025-10-19T20:43:45Z,24.11,5.51,62.14,97.8,23.1,144.32,15.75
2025-10-19T22:20:22Z,18.53,6.36,75.54,30.87,13.61,127.99,9.09
2025-10-20T00:45:32Z,26.22,5.89,64.61,35.62,11.86,48.49,14.42
2025-10-20T01:59:49Z,28.76,6.24,66.29,25.4,7.33,63.09,14.76
2025-10-20T04:18:56Z,27.03,6.82,69.39,66.62,37.41,110.84,12.97
2025-10-20T05:59:15Z,27.39,5.68,65.01,63.2,29.34,124.53,8.97
2025-10-20T07:18:04Z,27.24,5.61,76.55,58.58,24.54,116.05,16.43
2025-10-20T09:12:22Z,27.01,6.82,61.5,65.47,33.85,199.58,13.15
2025-10-20T10:41:30Z,28.61,6.06,79.73,65.56,23.08,171.92,12.91
2025-10-20T12:33:19Z,22.75,6.14,73.19,81.13,27.75,184.97,13.85
2025-10-20T14:14:50Z,27.17,6.62,71.92,53.7,27.17,199.0,11.26
2025-10-20T16:32:11Z,13.3,6.25,74.54,44.52,15.05,120.33,5.17
2025-10-20T18:09:40Z,24.89,5.83,62.28,56.89,20.65,167.64,18.72
2025-10-20T19:50:03Z,11.52,6.13,54.73,20.44,15.63,251.28,6.59
2025-10-20T21:27:28Z,25.33,6.49,88.43,44.2,32.58,177.79,17.97
2025-10-20T23:29:10Z,11.01,6.97,51.7,30.95,16.54,170.75,17.31
2025-10-21T01:08:10Z,27.98,6.29,60.99,73.96,30.32,117.53,24.5
2025-10-21T03:07:59Z,20.09,6.2,78.13,39.91,12.56,105.56,14.87
2025-10-21T04:09:36Z,22.39,6.41,64.41,48.57,23.75,143.5,12.22
2025-10-21T06:13:35Z,28.15,5.89,83.18,52.68,30.96,118.68,11.55
2025-10-21T07:26:44Z,22.62,6.56,64.69,87.21,34.66,148.74,13.66
2025-10-21T09:39:05Z,24.22,5.9,74.91,48.97,34.16,190.68,20.04
2025-10-21T11:19:15Z,22.44,6.78,73.01,60.93,23.86,152.91,13.9
2025-10-21T13:05:32Z,24.56,7.34,64.17,55.27,33.97,163.8,15.1
2025-10-21T15:08:23Z,23.69,6.66,73.71,37.01,13.49,132.54,15.93
2025-10-21T16:52:36Z,26.96,6.12,78.94,64.46,27.88,186.12,15.45
2025-10-21T18:41:11Z,18.96,7.42,50.4,33.29,20.3,184.42,4.89
2025-10-21T20:39:42Z,24.64,6.13,76.83,74.4,17.45,150.59,10.95
2025-10-21T22:00:54Z,15.39,6.47,58.51,37.68,20.76,285.68,17.44
2025-10-21T23:33:46Z,21.83,6.41,64.05,30.2,8.74,46.3,21.3
2025-10-22T01:17:36Z,23.57,6.13,66.4,51.66,23.65,161.81,10.24
2025-10-22T02:58:53Z,21.83,6.51,77.32,51.51,10.16,141.91,16.16
2025-10-22T04:46:10Z,18.81,7.07,59.27,33.94,20.47,248.22,15.44
2025-10-22T06:58:00Z,23.92,6.32,63.71,79.28,32.7,123.78,18.46
2025-10-22T08:18:35Z,16.71,7.14,58.52,20.1,15.68,203.41,14.55
2025-10-22T10:34:28Z,11.74,6.5,75.58,36.75,11.14,101.13,11.71
2025-10-22T11:56:16Z,26.46,5.86,64.57,37.18,8.5,47.03,6.94
2025-10-22T13:33:56Z,23.08,6.23,70.61,38.05,13.19,139.14,10.58
2025-10-22T15:14:58Z,27.68,6.28,60.77,98.64,39.11,181.48,13.9
2025-10-22T17:27:06Z,23.26,5.63,78.14,35.07,18.89,118.89,13.83
2025-10-22T18:35:24Z,17.73,5.99,76.41,38.12,17.8,104.05,11.24
2025-10-22T20:30:10Z,21.09,6.27,51.63,31.29,24.0,205.83,13.98
2025-10-22T22:38:01Z,20.43,6.3,60.88,54.39,38.42,144.52,11.25
2025-10-23T00:13:42Z,24.7,6.08,63.82,32.54,8.84,77.37,12.71
2025-10-23T01:45:10Z,22.36,5.97,63.98,76.79,33.62,109.62,16.7
2025-10-23T03:41:31Z,24.7,6.55,69.59,53.05,36.75,194.88,14.92
2025-10-23T04:58:22Z,14.58,7.34,53.29,32.25,22.97,293.61,15.12
2025-10-23T06:49:02Z,16.35,6.3,65.93,47.54,32.69,114.94,21.02
2025-10-23T08:29:16Z,12.2,7.14,52.17,38.43,27.82,260.15,13.16
2025-10-23T10:34:43Z,27.0,6.03,62.13,52.82,21.39,189.31,13.6
2025-10-23T12:40:47Z,12.29,6.11,70.58,59.15,19.65,114.52,14.23
2025-10-23T13:50:09Z,26.86,5.67,67.22,79.65,32.4,111.52,12.45
2025-10-23T15:49:42Z,26.22,6.46,78.39,54.77,30.35,160.75,18.74
2025-10-23T17:45:06Z,16.73,5.81,67.99,57.0,35.55,109.67,8.64
2025-10-23T19:41:17Z,21.26,5.71,70.67,36.76,11.66,104.26,18.62
2025-10-23T20:46:46Z,22.4,6.46,73.14,54.42,10.47,116.23,12.23
2025-10-23T23:14:37Z,21.9,6.15,65.11,59.44,26.5,115.52,11.82
2025-10-24T00:24:23Z,10.39,6.21,55.68,27.13,29.08,211.68,27.11
2025-10-24T02:25:29Z,21.95,6.64,65.35,62.89,31.5,160.05,12.2
2025-10-24T03:55:59Z,23.9,6.67,79.81,66.74,17.05,172.1,12.79
2025-10-24T05:28:16Z,26.52,6.56,67.88,70.4,39.58,165.07,9.87
2025-10-24T08:06:31Z,15.6,6.24,73.84,26.28,17.93,109.52,14.29
2025-10-24T09:42:28Z,28.11,5.55,85.75,59.34,33.09,110.04,10.85
2025-10-24T10:47:52Z,21.37,6.17,78.17,31.01,10.09,110.95,10.39
2025-10-24T12:44:03Z,25.64,5.89,64.62,61.33,30.93,121.25,18.49
2025-10-24T14:23:05Z,11.69,6.59,70.1,35.23,10.14,103.69,10.99
2025-10-24T16:34:47Z,16.56,5.63,77.27,38.65,11.51,113.01,5.95
2025-10-24T18:36:14Z,25.12,6.54,69.49,60.18,28.41,163.71,16.93
2025-10-24T20:05:50Z,26.64,6.48,61.35,28.15,5.56,46.01,18.13
2025-10-24T21:28:28Z,27.8,5.96,61.7,58.62,31.78,135.98,19.01
2025-10-24T23:05:41Z,22.5,6.44,68.67,36.37,5.63,64.87,11.28
2025-10-25T01:02:18Z,27.1,6.51,65.03,48.64,20.72,149.02,15.09
2025-10-25T02:32:21Z,21.9,6.71,63.66,88.64,24.99,189.05,10.96
2025-10-25T04:43:01Z,25.06,6.83,65.23,47.8,35.7,149.28,22.72
2025-10-25T06:33:50Z,22.12,6.7,71.15,86.6,22.11,182.19,16.64
2025-10-25T08:38:32Z,11.83,6.23,57.65,23.13,16.91,245.27,20.28
2025-10-25T09:56:28Z,26.91,6.06,66.55,62.28,36.34,132.24,17.86
2025-10-25T11:59:05Z,28.71,6.08,61.55,39.35,5.46,63.64,16.57
2025-10-25T13:18:07Z,18.36,7.02,50.25,33.87,19.32,280.32,7.46
2025-10-25T15:06:10Z,21.53,6.12,73.57,39.53,14.8,121.12,13.57
2025-10-25T16:58:46Z,11.64,6.29,79.44,32.07,15.42,134.26,10.91
2025-10-25T18:39:50Z,16.8,6.34,75.54,45.63,16.07,145.17,17.37
2025-10-25T20:28:21Z,17.94,5.99,64.3,44.12,29.76,139.9,18.9
2025-10-25T22:34:14Z,20.38,6.75,74.03,57.74,17.79,127.49,14.63
2025-10-25T23:55:41Z,23.68,6.15,78.99,21.02,12.95,143.88,15.64
2025-10-26T01:32:37Z,23.27,5.99,63.88,71.41,25.85,185.69,14.99
2025-10-26T03:50:43Z,28.96,6.37,89.77,46.31,38.07,180.64,14.01
2025-10-26T04:50:44Z,26.86,6.72,60.45,79.23,33.74,134.31,18.73
2025-10-26T07:09:28Z,22.79,6.47,60.43,34.57,13.97,49.15,8.64
2025-10-26T08:32:08Z,18.72,6.03,79.08,30.42,14.48,129.97,12.35
2025-10-26T10:00:49Z,25.3,7.13,61.03,55.24,39.7,114.52,13.92
2025-10-26T12:09:42Z,12.76,7.19,51.64,21.61,22.86,175.42,9.66
2025-10-26T14:12:58Z,22.5,6.24,79.33,55.46,16.94,196.03,21.29
2025-10-26T16:11:59Z,24.6,5.89,77.92,50.58,28.62,197.17,14.07
2025-10-26T17:32:39Z,26.45,6.3,66.31,21.49,12.21,42.83,12.44
2025-10-26T18:46:04Z,29.29,6.35,64.35,81.94,22.65,116.82,14.13
2025-10-26T20:45:49Z,27.82,6.03,65.68,67.51,20.64,159.83,16.67
2025-10-26T22:35:10Z,26.67,6.38,77.49,57.55,30.96,125.62,8.53
2025-10-27T00:38:01Z,21.0,6.69,50.41,21.87,18.29,186.16,16.67
2025-10-27T02:15:21Z,27.13,5.97,64.17,76.41,34.26,154.33,15.83
2025-10-27T04:14:39Z,12.27,5.9,65.23,78.13,38.85,145.28,13.13
2025-10-27T06:03:05Z,28.8,6.32,64.44,56.9,26.57,178.89,15.14
2025-10-27T07:37:30Z,25.74,6.59,66.53,63.47,29.07,104.19,10.74
2025-10-27T08:46:15Z,28.52,6.25,63.1,67.5,30.94,153.21,7.79
2025-10-27T11:15:33Z,28.1,6.42,68.44,68.9,35.83,142.73,14.5
2025-10-27T13:03:14Z,19.59,6.39,79.62,20.84,15.34,110.78,16.08
2025-10-27T14:31:32Z,27.13,6.8,76.57,86.27,19.68,173.82,19.63
2025-10-27T16:26:26Z,19.11,6.31,78.61,46.26,12.56,138.4,20.52
2025-10-27T18:25:58Z,22.84,5.64,63.25,32.42,10.75,67.85,17.14
2025-10-27T20:01:56Z,25.35,6.12,67.73,25.17,12.25,62.34,18.68
2025-10-27T20:58:19Z,17.95,5.97,76.13,30.93,19.42,125.89,15.84
2025-10-27T22:56:37Z,21.38,6.78,79.1,54.26,12.91,101.97,8.39
2025-10-28T00:35:46Z,23.96,6.07,79.6,37.08,35.64,136.71,16.11
2025-10-28T02:21:14Z,15.76,6.6,71.35,37.15,18.29,144.37,14.9
2025-10-28T04:33:30Z,20.06,5.91,79.15,22.88,13.7,143.02,16.23
2025-10-28T06:15:24Z,23.55,6.39,66.15,41.63,30.75,131.32,15.53
2025-10-28T07:29:46Z,28.68,6.28,67.69,91.02,36.49,174.74,16.16
2025-10-28T09:16:55Z,22.25,6.03,68.92,93.8,31.09,130.72,9.99
2025-10-28T11:06:28Z,28.97,6.43,64.73,98.44,33.09,115.58,12.44
2025-10-28T12:55:45Z,28.97,7.48,69.65,54.79,25.58,180.43,18.48
2025-10-28T15:24:13Z,25.76,6.06,76.06,58.33,38.85,110.94,14.68
2025-10-28T16:31:03Z,15.1,6.14,73.75,30.54,17.12,112.0,21.98
2025-10-28T18:54:24Z,26.43,6.39,66.88,87.85,24.55,144.38,10.51
2025-10-28T20:28:16Z,29.87,5.86,68.67,38.73,9.82,52.71,11.0
2025-10-28T22:10:30Z,10.47,6.61,64.78,77.01,22.2,110.13,15.6
2025-10-28T23:14:53Z,24.73,7.47,60.83,49.13,37.8,133.6,15.56
2025-10-29T01:11:03Z,21.16,6.83,66.4,63.11,24.09,100.4,18.34
2025-10-29T02:59:55Z,17.73,6.41,54.77,35.26,19.2,159.74,19.37
2025-10-29T04:40:11Z,29.44,6.78,76.44,88.4,22.85,158.05,7.49
2025-10-29T06:27:14Z,24.34,6.45,69.55,67.48,37.27,136.14,13.51
2025-10-29T08:31:06Z,22.98,5.93,70.77,39.46,16.97,115.46,10.54
2025-10-29T09:50:27Z,23.29,5.59,62.35,90.65,36.48,190.03,14.4
2025-10-29T12:08:51Z,22.75,6.51,67.62,78.37,20.3,178.75,7.76
2025-10-29T13:40:24Z,20.14,6.43,70.1,32.62,14.88,135.71,14.26
2025-10-29T15:25:05Z,23.13,5.95,61.63,36.69,10.56,64.04,13.33
2025-10-29T17:12:14Z,14.4,7.31,50.96,31.23,28.26,229.92,12.09
2025-10-29T19:24:21Z,21.86,7.02,60.27,50.09,37.47,120.12,13.09
2025-10-29T20:45:03Z,18.15,7.38,55.14,35.53,18.31,156.86,14.43
2025-10-29T22:07:05Z,16.97,6.41,69.68,45.36,20.14,104.46,13.41
2025-10-30T00:04:35Z,22.66,6.61,66.99,64.98,34.97,195.47,13.8
2025-10-30T01:31:17Z,17.18,6.08,73.67,38.45,17.23,126.02,8.59
2025-10-30T03:56:19Z,28.27,5.54,71.3,43.66,37.57,189.35,7.0
2025-10-30T05:29:22Z,23.01,6.15,77.78,50.61,19.97,125.19,22.9
2025-10-30T06:53:34Z,28.55,6.16,62.16,72.6,28.27,139.84,16.47
2025-10-30T09:01:02Z,26.74,6.38,68.02,65.72,24.98,170.58,17.49
2025-10-30T10:14:45Z,23.55,6.01,79.54,85.13,19.72,168.63,10.9
2025-10-30T12:09:59Z,12.23,6.88,55.83,26.94,18.89,211.44,8.85
2025-10-30T14:18:34Z,20.68,6.12,71.2,36.13,14.55,146.53,20.5
2025-10-30T15:43:38Z,21.66,5.56,67.57,97.24,28.46,103.63,10.21
2025-10-30T17:40:56Z,14.7,6.51,74.28,32.12,13.91,106.36,19.4
2025-10-30T19:34:20Z,18.15,6.83,52.95,39.11,15.51,171.87,19.72
2025-10-30T21:08:22Z,21.32,5.54,67.45,96.7,21.5,116.74,16.41
2025-10-30T23:14:10Z,11.25,6.54,50.17,34.63,19.67,263.21,13.3
2025-10-31T01:03:15Z,28.3,6.36,63.59,72.36,33.74,145.64,10.32
2025-10-31T02:58:05Z,21.03,5.52,65.0,37.38,5.83,69.05,14.88
2025-10-31T04:36:33Z,23.08,6.33,70.97,28.09,10.66,107.66,10.78
2025-10-31T06:14:28Z,28.6,6.82,63.25,64.45,20.84,143.52,12.72
2025-10-31T08:11:51Z,25.94,6.13,88.15,59.21,39.23,176.75,18.1
2025-10-31T09:43:38Z,15.98,5.88,75.45,39.28,14.85,109.07,3.31
2025-10-31T11:26:00Z,10.71,6.55,73.87,45.15,17.66,107.36,15.21
2025-10-31T13:14:40Z,22.6,6.41,69.72,72.16,37.13,154.39,16.92
2025-10-31T14:49:19Z,11.15,7.39,55.04,25.32,28.38,171.28,20.12
2025-10-31T16:52:41Z,14.54,6.99,67.09,68.07,35.79,181.29,12.33
2025-10-31T18:32:25Z,28.88,6.8,67.3,66.42,27.25,130.91,11.35
2025-10-31T19:51:56Z,20.6,6.16,72.28,47.8,18.97,118.64,9.37
2025-10-31T21:54:46Z,17.92,6.44,60.09,74.21,21.32,127.96,11.15
2025-10-31T23:42:03Z,15.63,6.33,74.42,28.64,11.5,136.21,14.86
2025-11-01T00:46:56Z,24.04,6.49,71.03,54.76,34.3,161.47,12.77
2025-11-01T03:28:07Z,18.97,6.68,56.46,32.0,17.42,218.28,13.83
2025-11-01T05:00:24Z,28.54,6.18,69.61,55.98,36.69,164.72,11.09
2025-11-01T06:07:17Z,21.13,5.76,76.66,35.15,12.26,119.46,7.75
2025-11-01T08:07:10Z,18.74,6.43,56.45,25.14,24.42,293.82,14.18
2025-11-01T10:21:59Z,22.66,6.32,67.53,96.31,34.83,123.26,15.01
2025-11-01T12:05:09Z,29.21,6.98,64.97,74.6,36.24,137.66,21.41
2025-11-01T13:54:29Z,28.71,6.01,68.58,54.15,35.95,130.89,14.93
2025-11-01T14:57:05Z,22.57,6.1,77.51,35.65,14.61,137.19,23.24
2025-11-01T17:19:57Z,21.83,6.4,63.01,88.46,26.72,128.63,19.73
2025-11-01T18:43:58Z,26.74,6.52,70.29,62.8,27.94,198.53,9.7
2025-11-01T20:04:43Z,28.35,5.83,81.67,43.24,28.5,111.25,17.14
2025-11-01T21:47:55Z,11.21,6.11,78.4,50.99,15.25,109.42,15.38
2025-11-02T00:28:12Z,22.31,7.03,66.28,56.61,27.33,123.1,14.21
2025-11-02T01:40:59Z,26.24,5.9,81.33,41.16,37.75,175.36,9.61
2025-11-02T03:41:52Z,25.44,6.63,75.28,77.81,28.54,167.89,13.51
2025-11-02T04:57:22Z,22.42,6.38,67.43,84.01,35.48,184.17,13.45
2025-11-02T06:52:28Z,14.68,6.3,67.34,48.05,32.58,129.15,17.85
2025-11-02T08:24:40Z,17.31,6.37,65.19,63.91,34.43,193.77,17.13
2025-11-02T10:44:07Z,17.88,6.17,66.14,68.51,31.94,177.98,11.67
2025-11-02T12:02:53Z,24.57,6.32,62.86,50.38,23.76,135.1,12.94
2025-11-02T14:04:12Z,16.75,6.95,57.51,20.8,21.96,279.52,10.98
2025-11-02T15:29:27Z,16.15,6.42,52.11,25.29,26.5,190.44,15.56
2025-11-02T17:51:25Z,21.36,5.7,66.6,67.87,30.7,168.13,18.32
2025-11-02T19:41:00Z,22.21,6.26,69.93,89.6,23.95,100.27,20.87
2025-11-02T21:24:45Z,24.89,6.27,82.46,33.5,39.49,173.41,16.21
2025-11-02T22:58:48Z,26.32,6.68,65.29,54.56,27.83,169.49,19.48
2025-11-03T00:46:32Z,26.23,5.92,61.53,67.69,34.08,139.39,15.19
2025-11-03T01:55:31Z,15.69,6.06,74.84,36.12,16.8,131.14,14.9
2025-11-03T03:31:20Z,21.55,5.64,63.91,32.5,9.76,57.62,11.49
2025-11-03T05:53:19Z,25.1,6.2,65.31,99.49,30.08,122.55,17.66
2025-11-03T08:00:03Z,28.69,6.8,61.19,78.0,24.9,116.37,16.74
2025-11-03T09:35:54Z,27.77,6.44,66.1,73.3,36.01,189.99,15.47
2025-11-03T11:20:50Z,28.0,5.74,67.57,28.35,14.31,79.8,11.13
2025-11-03T13:12:58Z,24.03,6.24,61.94,73.02,28.08,125.47,10.36
2025-11-03T14:15:21Z,26.65,5.66,65.8,28.04,13.04,56.22,9.89
2025-11-03T16:10:16Z,23.93,5.76,89.9,39.9,24.36,148.88,12.2
2025-11-03T17:55:36Z,23.84,5.84,78.05,29.6,12.53,122.72,10.24
2025-11-03T19:25:42Z,28.48,6.38,62.8,76.66,26.79,172.89,10.56
2025-11-03T21:56:03Z,27.04,6.47,82.77,41.08,24.66,159.83,18.4
2025-11-03T23:12:02Z,27.47,6.46,63.75,74.39,33.79,115.96,16.12
2025-11-04T01:31:03Z,27.74,6.32,68.78,52.08,38.09,111.1,15.89
2025-11-04T03:09:51Z,22.33,6.3,62.96,78.53,35.54,162.47,15.07
2025-11-04T04:36:47Z,22.02,5.84,60.13,36.42,13.81,62.63,13.68
2025-11-04T06:02:15Z,24.5,5.62,60.18,67.55,33.42,123.54,16.38
2025-11-04T07:35:03Z,20.75,6.21,72.94,27.91,18.21,149.41,11.23
2025-11-04T09:31:52Z,23.03,6.34,61.41,75.58,28.63,194.22,12.03
2025-11-04T11:57:41Z,25.83,6.73,61.96,86.53,32.11,157.75,23.37
2025-11-04T13:03:49Z,28.37,6.35,67.65,62.0,24.4,182.74,10.78
2025-11-04T14:58:21Z,29.81,5.64,61.75,26.69,6.47,76.01,13.86
2025-11-04T17:16:13Z,25.05,6.27,72.05,63.12,26.42,167.08,12.78
2025-11-04T18:12:32Z,13.97,6.44,68.36,78.3,31.86,105.64,15.98
2025-11-04T20:26:04Z,18.36,6.09,51.63,25.99,17.07,276.39,13.99
2025-11-04T21:48:18Z,13.76,7.14,51.12,37.36,29.8,173.88,20.34
2025-11-04T23:51:01Z,22.59,7.36,61.66,61.82,30.73,139.75,6.39
2025-11-05T01:23:13Z,23.87,6.29,75.74,33.53,16.95,129.65,13.19
2025-11-05T03:34:34Z,25.94,5.68,60.94,78.0,24.83,127.61,15.25
2025-11-05T04:39:33Z,23.59,6.21,66.65,62.18,29.96,165.45,5.58
2025-11-05T06:34:58Z,28.26,6.32,60.89,76.03,37.57,101.19,9.34
2025-11-05T08:46:38Z,16.3,6.5,52.88,33.96,18.31,183.22,18.22
2025-11-05T10:04:54Z,27.26,6.66,64.71,71.1,32.77,197.25,15.11
2025-11-05T11:45:49Z,24.0,5.59,69.72,66.53,31.59,193.71,10.66
2025-11-05T13:26:40Z,27.9,5.97,79.45,38.55,31.5,105.25,20.7
2025-11-05T15:16:08Z,16.54,6.15,73.05,37.3,16.41,132.27,7.66
2025-11-05T17:38:56Z,19.7,6.23,78.85,46.05,11.93,126.94,12.33
2025-11-05T19:17:33Z,23.77,6.23,73.01,68.82,29.03,170.9,15.69
2025-11-05T20:50:59Z,26.37,6.94,65.4,65.22,34.38,156.18,13.56
2025-11-05T22:07:19Z,14.39,5.91,66.21,73.39,28.57,187.75,16.28
2025-11-06T00:29:01Z,28.93,5.84,67.77,21.16,13.58,49.4,9.19
2025-11-06T02:20:24Z,11.48,6.57,77.83,56.13,15.93,107.96,18.42
2025-11-06T03:41:03Z,24.98,5.71,79.32,32.51,34.96,182.56,7.66
2025-11-06T05:07:18Z,25.42,6.06,72.13,36.01,21.81,125.08,19.98
2025-11-06T07:29:19Z,21.64,6.32,63.38,48.83,28.12,162.96,12.61
2025-11-06T08:38:04Z,16.93,6.47,52.94,24.79,28.54,287.35,18.18
2025-11-06T10:26:26Z,27.82,7.26,60.24,78.97,21.04,190.32,11.22
2025-11-06T12:21:06Z,25.59,6.53,60.13,56.5,38.62,191.48,14.08
2025-11-06T14:21:34Z,22.43,6.74,62.23,59.05,37.84,146.74,12.42
2025-11-06T16:07:21Z,22.46,5.77,77.81,34.75,19.19,119.99,15.05
2025-11-06T17:50:20Z,22.33,6.29,61.34,66.29,35.73,185.93,18.39
2025-11-06T19:23:29Z,21.98,6.74,63.89,85.07,37.54,160.99,16.17
2025-11-06T21:03:21Z,21.36,6.07,68.7,86.35,30.46,196.67,5.75
2025-11-06T22:34:18Z,10.01,6.57,74.29,45.09,10.09,123.16,15.33
2025-11-07T01:11:15Z,14.02,6.02,76.77,57.35,17.68,110.35,14.05
2025-11-07T02:58:18Z,21.38,5.87,61.4,31.23,14.49,47.43,16.44
2025-11-07T04:13:50Z,24.41,6.05,65.63,57.57,31.58,144.39,20.08
2025-11-07T06:19:33Z,28.04,5.86,61.67,39.61,11.36,53.14,14.13
2025-11-07T07:50:56Z,27.75,5.58,63.45,74.15,36.45,148.97,13.71
2025-11-07T09:06:37Z,21.32,6.49,74.96,70.09,25.11,169.97,11.26
2025-11-07T10:56:38Z,27.4,6.13,71.24,80.85,23.21,184.07,17.22
2025-11-07T13:02:28Z,24.39,6.78,71.26,99.6,18.75,151.06,12.82
2025-11-07T14:26:03Z,22.78,6.03,69.79,64.78,30.48,175.35,9.24
2025-11-07T16:33:05Z,26.49,6.83,63.06,50.77,36.45,190.42,18.9
2025-11-07T18:13:21Z,21.38,7.23,63.91,53.69,36.91,196.78,18.52
2025-11-07T19:57:17Z,27.34,6.66,60.72,46.18,26.64,175.41,16.08
2025-11-07T21:22:16Z,22.38,6.02,71.47,49.39,17.39,119.25,18.83
2025-11-07T23:19:36Z,10.75,6.13,78.05,42.64,12.43,133.51,15.12
2025-11-08T01:03:53Z,13.36,6.01,74.14,58.63,18.23,128.08,20.28
2025-11-08T03:01:36Z,25.16,6.1,69.75,22.91,11.5,50.41,14.37
2025-11-08T05:12:36Z,28.55,6.19,70.97,92.28,29.12,155.34,5.4
2025-11-08T06:40:06Z,28.75,5.59,82.43,33.66,25.41,161.44,2.36
2025-11-08T07:49:33Z,28.55,6.07,69.86,56.04,22.59,169.81,8.98
2025-11-08T10:33:10Z,25.83,6.09,66.62,90.81,36.29,175.78,13.01
2025-11-08T11:23:49Z,24.6,5.53,66.17,88.69,22.17,188.53,6.69
2025-11-08T13:07:30Z,13.06,6.28,78.26,44.44,19.57,117.21,16.44
2025-11-08T14:51:40Z,23.29,6.0,71.58,27.33,11.15,130.65,16.48
2025-11-08T16:55:09Z,20.05,6.36,73.86,40.81,15.72,102.67,10.79
2025-11-08T18:35:25Z,27.41,6.18,66.53,38.6,12.82,66.52,19.66
2025-11-08T20:23:44Z,22.04,6.69,61.73,52.11,23.38,164.93,17.52
2025-11-08T22:33:42Z,24.79,5.7,86.18,48.11,30.19,144.43,17.71
2025-11-08T23:42:12Z,19.82,7.23,56.82,21.11,19.98,220.38,13.55
2025-11-09T01:56:00Z,27.69,5.98,78.25,42.32,22.46,188.01,13.11
2025-11-09T03:17:59Z,17.35,6.37,74.58,21.54,12.67,101.45,7.44
2025-11-09T05:13:20Z,11.9,6.05,70.67,30.52,12.0,133.85,14.78
2025-11-09T07:32:37Z,24.9,6.36,79.38,49.27,29.77,114.82,15.84
2025-11-09T08:44:04Z,21.96,6.79,75.96,81.54,25.37,159.48,21.34
2025-11-09T10:57:19Z,24.47,5.86,83.33,44.25,26.65,117.31,6.21
2025-11-09T12:05:46Z,24.87,6.16,62.08,33.23,6.33,69.52,11.76
2025-11-09T14:10:06Z,26.2,5.96,65.21,90.61,25.63,134.44,17.55
2025-11-09T15:56:08Z,27.27,6.18,61.62,21.4,14.5,76.36,12.17
2025-11-09T17:38:35Z,29.7,6.32,68.48,29.74,13.4,62.85,17.75
2025-11-09T19:17:17Z,21.88,6.05,67.25,61.42,21.11,144.95,17.02
2025-11-09T21:22:26Z,18.51,6.9,62.72,65.83,34.51,192.07,19.36
2025-11-09T22:24:40Z,28.75,5.87,78.64,54.88,33.18,139.22,13.02
2025-11-10T00:18:15Z,27.53,6.4,67.74,92.65,24.36,125.92,21.75
2025-11-10T02:24:57Z,15.18,6.04,72.63,54.54,17.52,107.85,10.19
2025-11-10T03:50:10Z,26.99,6.25,77.82,67.24,26.08,178.98,12.72
2025-11-10T05:27:50Z,24.07,6.13,74.58,78.62,25.19,169.1,19.83
2025-11-10T07:29:55Z,15.54,6.54,60.49,42.03,24.23,135.22,13.39
2025-11-10T08:51:58Z,29.02,6.24,73.0,57.12,29.54,193.58,6.98
2025-11-10T10:50:37Z,19.51,6.21,70.25,21.59,17.38,147.26,12.58
2025-11-10T12:50:35Z,26.62,6.02,82.01,54.94,24.54,103.7,8.59
2025-11-10T14:12:26Z,22.24,6.42,66.32,66.53,27.37,151.95,22.86
2025-11-10T16:08:08Z,15.88,6.46,70.39,33.48,15.11,125.84,15.71
2025-11-10T17:53:41Z,12.2,6.48,73.87,32.63,13.53,139.94,11.45
2025-11-10T19:25:31Z,22.84,6.41,69.38,80.89,30.47,186.56,12.65
2025-11-10T21:08:52Z,10.9,6.56,63.02,70.83,22.62,131.93,13.51
2025-11-10T23:23:38Z,27.75,6.21,72.54,44.57,31.5,118.91,20.51
2025-11-11T00:36:09Z,27.23,5.57,80.37,49.81,27.87,148.89,17.45
2025-11-11T02:22:55Z,21.83,6.12,73.96,66.24,16.15,152.68,11.35
2025-11-11T04:20:15Z,17.32,5.74,76.71,28.04,15.32,104.47,15.41
2025-11-11T06:19:23Z,15.92,5.9,67.0,59.02,37.58,182.63,17.33
2025-11-11T08:11:21Z,28.65,6.54,72.33,87.8,17.67,188.73,18.19
2025-11-11T09:57:01Z,21.39,6.12,60.54,48.2,36.89,166.29,15.85
2025-11-11T11:57:10Z,10.08,6.51,73.57,45.3,11.78,103.1,14.06
2025-11-11T13:31:40Z,24.07,5.92,87.46,35.23,31.85,157.46,15.46
2025-11-11T15:26:39Z,29.21,6.39,63.6,72.48,34.49,160.07,22.42
2025-11-11T16:38:06Z,21.81,6.32,70.35,32.28,10.84,142.5,8.46
2025-11-11T19:00:31Z,28.62,7.29,68.52,66.22,32.08,149.11,14.7
2025-11-11T19:52:08Z,20.23,5.75,73.66,32.54,11.62,117.96,11.57
2025-11-11T21:58:34Z,24.66,5.93,62.79,56.5,23.72,188.44,13.71
2025-11-12T00:19:26Z,27.31,6.35,60.92,62.38,30.0,117.71,8.61
2025-11-12T01:34:33Z,17.42,5.63,72.91,25.03,14.9,140.29,16.73
2025-11-12T03:41:45Z,28.0,5.91,60.92,96.54,36.3,117.76,4.77
2025-11-12T04:39:19Z,25.48,5.76,75.38,46.67,30.31,188.13,16.65
2025-11-12T07:09:43Z,18.31,6.82,62.48,70.86,22.43,141.85,9.45
2025-11-12T08:51:47Z,27.62,6.31,64.29,38.03,7.61,63.23,11.53
2025-11-12T10:27:03Z,12.71,6.28,78.77,43.35,18.68,102.38,27.8
2025-11-12T12:07:13Z,27.4,5.65,66.68,71.38,33.74,122.6,8.45
2025-11-12T14:13:06Z,24.27,6.64,68.01,69.89,37.33,126.97,17.91
2025-11-12T15:41:04Z,20.27,5.77,67.56,29.54,14.04,60.18,13.97
2025-11-12T17:22:36Z,18.62,6.53,78.91,59.12,12.14,120.14,25.84
2025-11-12T19:26:38Z,13.56,6.27,67.91,57.8,35.12,157.63,17.92
2025-11-12T20:21:48Z,15.55,6.06,77.3,37.89,12.7,100.39,14.53
2025-11-12T22:24:57Z,16.39,5.7,79.4,22.87,14.8,149.48,17.99
2025-11-12T23:56:40Z,20.96,5.56,72.46,33.82,17.77,110.41,4.38
2025-11-13T01:52:55Z,22.63,5.54,68.5,54.53,39.61,197.37,15.21
2025-11-13T03:59:53Z,23.3,6.2,62.72,43.56,20.41,118.41,11.05
2025-11-13T05:32:53Z,22.81,6.48,69.6,66.64,30.15,166.5,18.14
2025-11-13T07:09:19Z,23.71,5.84,63.89,37.53,8.99,57.43,15.56
2025-11-13T09:21:01Z,23.89,6.74,63.65,76.78,25.73,148.45,14.69
2025-11-13T11:13:43Z,23.87,6.56,64.96,64.5,30.02,155.03,21.13
2025-11-13T12:47:35Z,22.48,6.16,79.06,73.78,27.18,199.9,18.48
2025-11-13T14:36:13Z,17.39,6.87,64.34,68.62,29.36,133.14,15.0
2025-11-13T15:58:04Z,13.24,5.96,62.98,79.25,34.84,108.45,19.11
2025-11-13T17:51:29Z,21.81,5.68,74.61,31.64,16.52,102.95,7.37
2025-11-13T19:37:49Z,20.54,6.42,55.73,35.22,26.66,232.28,15.3
2025-11-13T20:53:47Z,23.51,6.2,79.63,53.34,14.67,117.31,14.77
2025-11-13T23:00:47Z,23.23,5.63,67.2,34.5,11.77,48.29,6.26
2025-11-14T00:36:12Z,21.13,7.17,63.98,56.95,26.79,139.87,15.8
2025-11-14T02:34:16Z,26.12,6.05,80.57,43.39,29.03,159.43,24.5
2025-11-14T04:10:17Z,25.06,6.45,69.08,99.16,30.26,197.61,18.51
2025-11-14T06:18:06Z,22.94,5.91,62.83,35.39,6.47,40.91,4.36
2025-11-14T07:51:33Z,24.45,5.68,67.04,31.32,5.98,75.79,11.27
2025-11-14T09:18:47Z,21.71,6.92,69.19,75.84,37.53,146.5,14.35
2025-11-14T11:09:16Z,23.16,6.62,64.87,54.58,32.2,131.37,22.51
2025-11-14T13:35:55Z,25.95,6.21,63.03,63.46,29.84,133.06,11.57
2025-11-14T14:33:32Z,12.6,7.39,58.86,31.74,27.14,203.78,14.85
2025-11-14T16:16:41Z,13.12,6.8,57.5,36.68,26.23,238.91,19.2
2025-11-14T18:07:35Z,27.88,5.95,63.95,76.48,36.74,119.05,10.07
2025-11-14T19:44:32Z,23.28,6.14,61.87,63.31,27.53,192.59,13.15
2025-11-14T21:56:21Z,22.98,6.04,73.71,52.19,19.46,108.58,12.41
2025-11-15T00:05:32Z,10.54,6.75,53.01,35.64,15.44,216.96,11.17
2025-11-15T01:29:37Z,21.0,6.61,56.53,38.37,22.62,273.77,16.19
2025-11-15T03:25:51Z,23.84,6.38,63.62,68.06,25.12,172.61,16.28
2025-11-15T04:39:36Z,24.82,7.33,67.8,77.34,34.59,173.11,25.58
2025-11-15T06:24:31Z,22.52,6.19,64.98,50.95,39.41,128.41,23.29
2025-11-15T08:49:58Z,25.97,6.47,68.53,63.02,21.73,124.27,15.64
2025-11-15T10:01:08Z,23.81,7.5,60.01,44.74,28.73,113.85,13.48
2025-11-15T11:38:05Z,15.79,6.34,70.44,27.13,19.35,105.51,14.44
2025-11-15T13:30:58Z,22.35,6.12,68.05,76.08,31.01,198.44,18.85
2025-11-15T14:59:51Z,24.64,5.98,63.44,89.95,30.15,159.16,18.11
2025-11-15T17:12:03Z,28.86,5.57,61.68,25.62,5.54,78.21,17.42
2025-11-15T19:01:08Z,22.8,5.61,74.02,38.82,19.3,102.33,16.18
2025-11-15T20:32:35Z,21.19,6.59,77.85,57.68,11.25,111.91,17.97
2025-11-15T21:57:09Z,22.34,6.36,69.82,71.07,32.6,199.97,8.89
2025-11-16T00:21:08Z,15.78,6.16,69.55,73.75,26.69,166.23,11.56
2025-11-16T01:24:02Z,25.65,7.32,66.82,47.76,30.75,173.15,16.42
2025-11-16T03:29:40Z,25.46,5.54,63.89,25.82,11.67,72.68,11.52
2025-11-16T05:20:16Z,19.92,6.64,70.71,33.65,13.74,106.85,12.19
2025-11-16T07:21:57Z,16.28,6.11,77.25,39.12,16.34,114.31,7.31
2025-11-16T08:42:34Z,16.32,6.3,76.68,33.91,19.37,148.94,22.32
2025-11-16T10:49:59Z,11.46,6.15,75.02,36.33,10.02,110.06,18.98
2025-11-16T12:12:25Z,21.72,5.62,63.67,62.76,39.11,123.04,15.63
2025-11-16T13:47:50Z,24.56,6.73,72.77,90.27,22.97,175.34,15.66
2025-11-16T16:04:12Z,28.05,6.06,65.67,32.39,12.65,76.75,14.27
2025-11-16T17:22:06Z,24.96,6.8,62.14,84.51,24.29,137.84,16.7
2025-11-16T19:46:00Z,25.45,6.15,60.64,80.98,28.58,166.28,9.84
2025-11-16T21:28:24Z,11.65,7.22,56.53,20.31,16.01,274.69,8.95
2025-11-16T22:46:16Z,24.95,5.86,62.52,28.78,6.91,71.46,14.5
2025-11-17T00:22:29Z,24.32,5.65,62.84,76.16,33.38,160.69,10.57
2025-11-17T02:37:42Z,23.15,6.17,73.18,39.75,18.72,139.74,18.89
2025-11-17T04:27:27Z,21.04,6.35,79.31,34.03,19.17,135.41,19.26
2025-11-17T06:07:14Z,29.05,6.6,60.63,52.72,29.01,131.95,20.94
2025-11-17T07:13:19Z,29.27,6.53,60.96,76.15,38.81,107.2,25.62
2025-11-17T09:08:19Z,21.04,6.03,50.67,32.36,29.5,271.17,11.71
2025-11-17T11:16:37Z,27.11,6.26,66.33,54.37,35.78,177.32,9.02
2025-11-17T13:00:29Z,21.59,6.22,65.49,69.86,21.43,128.68,14.7
2025-11-17T14:58:12Z,22.99,5.51,76.41,30.55,18.88,139.66,8.54
2025-11-17T16:50:59Z,24.96,6.34,64.1,81.16,33.5,102.84,18.39
2025-11-17T18:38:09Z,15.17,6.79,76.85,51.61,13.1,126.52,13.41
2025-11-17T19:55:27Z,23.14,5.73,69.17,54.3,31.02,196.48,14.58
2025-11-17T21:53:15Z,20.86,6.9,57.41,25.03,18.01,201.73,10.09
2025-11-17T23:11:39Z,24.31,6.21,87.3,37.38,25.94,149.39,14.1
2025-11-18T00:51:37Z,28.8,7.13,62.82,53.71,28.27,107.19,16.77
2025-11-18T02:40:00Z,28.45,6.74,61.4,56.72,27.4,133.77,11.67
2025-11-18T04:30:50Z,28.41,6.35,66.33,73.13,28.08,196.01,15.19
2025-11-18T06:18:08Z,22.2,6.06,60.6,78.32,35.58,120.36,22.47
2025-11-18T07:54:13Z,28.41,6.42,66.33,57.45,37.43,196.09,7.74
2025-11-18T09:31:22Z,15.72,7.15,51.48,21.89,19.62,216.38,16.89
2025-11-18T11:55:50Z,27.9,5.55,89.94,41.42,33.78,198.99,15.26
2025-11-18T13:21:33Z,23.02,6.75,75.13,68.01,23.31,190.13,22.09
2025-11-18T15:03:18Z,20.26,5.56,78.6,29.01,17.56,118.02,19.87
2025-11-18T16:28:52Z,25.77,6.28,72.88,81.67,26.86,174.61,17.6
2025-11-18T18:33:24Z,24.09,6.17,64.35,84.15,37.04,126.36,11.39
2025-11-18T20:24:21Z,25.53,6.48,62.94,37.08,12.62,72.3,9.87
2025-11-18T22:32:25Z,10.71,6.6,56.51,38.45,19.77,188.85,9.81
2025-11-19T00:20:13Z,22.52,6.58,68.43,70.2,25.69,125.07,17.71
2025-11-19T01:17:22Z,15.85,7.32,55.83,35.53,22.26,286.12,17.87
2025-11-19T03:21:41Z,28.95,6.44,77.22,89.58,16.31,163.15,13.37
2025-11-19T05:24:55Z,24.95,6.19,67.65,75.93,27.25,187.26,12.78
2025-11-19T06:41:42Z,29.76,6.16,64.59,37.18,13.21,63.18,13.64
2025-11-19T09:03:17Z,29.19,6.58,73.04,88.0,26.77,197.31,13.99
2025-11-19T09:59:33Z,28.56,7.48,68.34,71.83,22.43,188.3,18.65
2025-11-19T12:06:55Z,21.79,5.9,63.65,26.55,13.34,69.61,3.65
2025-11-19T14:03:24Z,28.89,6.5,68.04,56.03,26.62,164.06,20.96
2025-11-19T15:42:51Z,27.35,6.06,62.77,64.48,27.77,195.49,9.71
2025-11-19T17:06:25Z,10.71,6.42,53.56,30.84,16.53,198.35,9.19
2025-11-19T19:39:00Z,18.47,7.22,57.63,31.12,22.3,296.49,12.3
2025-11-19T20:52:47Z,24.75,6.29,62.59,56.3,35.86,194.34,15.65
2025-11-19T22:27:13Z,20.66,6.41,61.29,22.79,13.01,49.82,15.57
2025-11-20T00:26:22Z,12.9,6.88,56.78,33.43,28.63,282.91,7.89
2025-11-20T02:30:02Z,16.95,6.21,70.4,59.74,13.89,133.08,22.17
2025-11-20T04:21:17Z,15.57,6.69,50.86,31.1,16.97,278.7,20.25
2025-11-20T05:38:51Z,27.0,6.21,63.32,59.24,24.59,198.71,17.57
2025-11-20T06:59:25Z,24.44,6.27,78.79,40.9,30.43,169.64,15.31
2025-11-20T08:48:30Z,27.72,6.27,64.19,76.16,37.51,130.26,9.44
2025-11-20T10:50:59Z,29.26,5.81,67.73,28.96,8.04,62.85,14.39
2025-11-20T12:38:22Z,28.51,6.89,64.21,76.64,22.67,152.33,12.14
2025-11-20T14:32:36Z,22.93,5.63,63.81,94.86,38.82,169.24,18.5
2025-11-20T15:56:05Z,28.17,6.32,73.02,97.09,26.3,165.52,14.37
2025-11-20T18:20:57Z,20.24,5.53,66.27,26.17,12.14,54.24,12.71
2025-11-20T19:32:39Z,21.46,6.21,70.2,96.94,18.2,162.7,9.71
2025-11-20T21:44:01Z,24.39,6.04,69.72,68.64,26.96,111.12,11.54
2025-11-20T22:42:51Z,21.7,6.51,68.06,67.31,24.36,184.95,23.91
2025-11-21T00:55:26Z,19.33,6.06,78.6,27.62,15.7,133.75,19.43
2025-11-21T02:37:44Z,29.08,6.42,65.44,55.51,24.97,132.27,9.91
2025-11-21T04:24:36Z,25.0,5.84,60.47,73.24,20.76,158.12,9.53
2025-11-21T05:59:38Z,18.34,7.33,53.48,39.58,19.6,173.84,15.25
2025-11-21T08:15:00Z,28.6,6.51,67.14,57.82,37.09,151.07,7.98
2025-11-21T09:22:30Z,16.61,5.87,63.08,64.23,20.43,157.17,13.94
2025-11-21T11:51:00Z,25.5,6.31,61.27,75.62,36.57,120.03,9.03
2025-11-21T13:14:49Z,26.76,5.88,66.92,66.15,25.72,160.46,23.15
2025-11-21T15:05:36Z,20.5,5.58,61.8,33.85,10.08,65.94,19.7
2025-11-21T16:50:36Z,27.47,6.14,74.77,66.1,18.57,170.84,10.49
2025-11-21T18:21:02Z,27.51,6.69,64.56,90.0,29.36,116.73,19.65
2025-11-21T20:02:04Z,14.95,6.76,50.27,38.3,18.51,166.39,9.98
2025-11-21T22:05:22Z,24.76,6.23,74.99,54.27,25.51,155.81,16.93
2025-11-21T23:29:20Z,22.74,6.22,73.75,99.62,17.84,172.94,16.82
2025-11-22T01:15:35Z,21.08,6.43,52.91,25.69,24.16,201.16,14.25
2025-11-22T03:14:00Z,23.34,5.55,64.19,63.45,35.0,162.98,11.81
2025-11-22T05:01:13Z,26.05,5.81,76.93,35.69,27.16,127.78,19.79
2025-11-22T06:49:58Z,14.96,6.64,77.21,45.8,15.09,112.95,4.67
2025-11-22T08:14:55Z,23.13,6.47,61.51,58.07,29.0,102.36,14.41
2025-11-22T10:02:31Z,20.33,6.04,63.38,29.33,7.37,52.48,9.31
2025-11-22T11:35:17Z,16.0,6.87,60.66,43.64,36.3,197.06,19.96
2025-11-22T13:13:24Z,16.39,7.38,55.79,26.64,26.16,246.85,17.79
2025-11-22T15:45:29Z,11.13,6.05,78.69,42.91,15.76,120.51,8.22
2025-11-22T16:54:59Z,26.77,5.64,66.3,86.14,38.42,102.67,11.66
2025-11-22T19:07:40Z,11.15,6.51,61.95,50.89,32.09,183.4,16.47
2025-11-22T20:32:09Z,27.67,6.34,64.4,59.86,30.75,181.16,17.91
2025-11-22T22:03:49Z,17.72,6.12,52.17,24.87,29.16,205.33,17.08
2025-11-23T00:00:25Z,16.28,6.53,74.91,57.31,10.29,124.25,14.23
2025-11-23T01:37:21Z,17.14,6.04,70.1,56.95,19.71,111.36,19.72
2025-11-23T03:30:31Z,26.49,5.83,86.44,40.29,34.19,187.63,18.18
2025-11-23T05:37:15Z,26.94,5.86,88.98,47.4,28.27,119.36,13.66
2025-11-23T07:32:21Z,15.28,6.64,58.89,21.45,25.14,216.65,17.51
2025-11-23T08:44:58Z,26.93,6.23,70.34,52.42,21.8,134.98,16.97
2025-11-23T10:20:36Z,28.45,5.71,82.03,43.91,32.38,199.18,19.64
2025-11-23T12:30:44Z,22.92,5.93,77.95,29.33,14.8,136.06,18.18
2025-11-23T14:32:34Z,28.08,5.81,60.24,94.78,27.72,194.61,17.91
2025-11-23T15:28:48Z,25.87,5.66,60.94,70.72,27.79,191.51,20.24
2025-11-23T17:47:59Z,25.74,6.28,63.7,75.55,20.76,194.21,12.08
2025-11-23T19:29:30Z,23.03,6.36,69.75,67.95,29.63,187.85,14.26
2025-11-23T21:38:01Z,25.19,6.28,64.36,76.51,27.85,166.01,16.85
2025-11-23T22:45:28Z,21.4,6.07,70.91,35.72,19.71,133.65,11.08
2025-11-24T00:50:15Z,27.32,6.09,66.68,65.26,26.39,108.41,10.61
2025-11-24T02:04:54Z,22.13,6.48,73.23,66.35,22.54,198.1,17.14
2025-11-24T04:38:04Z,16.29,6.83,53.46,24.92,24.28,199.51,5.34
2025-11-24T06:15:16Z,10.52,7.37,56.08,27.64,23.93,209.52,17.84
2025-11-24T07:59:38Z,28.63,5.77,63.96,32.98,12.19,40.16,16.95
2025-11-24T09:25:57Z,26.58,6.43,76.49,40.6,33.08,180.68,13.86
2025-11-24T11:15:09Z,21.76,6.69,73.45,53.96,10.62,145.76,14.23
2025-11-24T12:45:31Z,14.17,6.07,72.77,39.41,17.7,143.26,23.91
2025-11-24T15:01:30Z,12.16,6.95,63.29,75.24,21.23,173.75,9.2
2025-11-24T16:51:27Z,19.07,6.47,78.66,41.98,19.23,134.08,4.67
2025-11-24T17:47:01Z,25.54,5.55,64.71,78.57,34.45,100.8,14.85
2025-11-24T19:31:44Z,12.0,6.42,68.57,52.29,39.91,106.25,11.78
2025-11-24T21:34:01Z,26.28,6.61,60.47,83.81,23.38,160.04,17.21
2025-11-24T23:27:41Z,21.51,6.78,70.71,55.1,11.84,142.03,18.35
2025-11-25T01:24:50Z,27.67,5.61,66.17,81.05,25.78,192.91,14.37
2025-11-25T02:31:52Z,22.1,5.78,64.56,36.31,12.36,76.06,8.29
2025-11-25T05:00:06Z,25.95,6.12,64.87,73.0,27.65,102.56,11.37
2025-11-25T05:59:30Z,23.16,6.16,64.02,24.93,8.26,42.7,6.2
2025-11-25T08:11:30Z,20.54,6.53,52.88,39.98,18.26,159.72,20.65
2025-11-25T10:02:32Z,12.2,6.04,70.32,42.92,13.67,128.83,19.12
2025-11-25T11:33:40Z,22.64,6.11,67.62,59.84,32.88,125.96,17.08
2025-11-25T13:54:12Z,27.33,6.14,69.89,88.5,32.92,181.24,20.32
2025-11-25T15:41:58Z,23.72,5.99,63.44,72.96,22.76,190.74,7.27
2025-11-25T17:09:55Z,25.92,6.87,68.7,62.37,33.88,112.19,7.17
2025-11-25T18:12:40Z,28.98,6.78,71.57,61.15,26.44,193.6,15.13
2025-11-25T20:56:42Z,16.36,5.7,70.2,27.13,16.64,120.28,20.94
2025-11-25T21:57:13Z,14.44,6.05,55.03,26.52,29.34,298.89,13.34
2025-11-25T23:37:35Z,14.03,6.02,75.21,37.1,19.68,144.34,11.85
2025-11-26T01:45:21Z,24.12,6.49,70.24,56.54,27.46,168.78,17.84
2025-11-26T03:16:36Z,25.49,6.2,73.02,69.78,18.52,161.6,8.25
2025-11-26T04:51:20Z,25.88,6.16,62.66,27.43,7.81,65.15,17.9
2025-11-26T07:02:37Z,28.18,6.99,64.6,72.3,36.09,153.38,23.69
2025-11-26T09:10:55Z,27.98,6.16,84.85,49.28,31.0,147.82,14.46
2025-11-26T10:27:06Z,28.49,6.12,69.62,35.02,14.19,60.25,11.91
2025-11-26T11:47:05Z,15.64,6.07,72.46,54.16,14.86,130.52,8.82
2025-11-26T14:16:00Z,24.45,6.36,70.0,63.36,34.34,123.77,15.35
2025-11-26T15:24:43Z,28.57,5.99,62.94,65.26,22.04,142.81,21.64
2025-11-26T17:39:28Z,25.39,5.85,62.49,29.68,6.91,50.03,16.64
2025-11-26T19:08:35Z,21.7,6.09,68.53,29.42,9.34,78.27,12.75
2025-11-26T20:51:29Z,24.66,5.79,89.63,47.76,33.64,144.52,12.57
2025-11-26T22:45:46Z,26.32,6.73,68.98,48.14,35.59,163.32,4.02
2025-11-27T00:57:40Z,13.63,6.5,53.59,21.88,18.78,175.51,12.87
2025-11-27T02:03:16Z,12.82,6.27,56.02,22.86,22.35,226.22,19.94
2025-11-27T04:13:25Z,29.25,6.17,66.17,53.85,33.52,101.79,7.27
2025-11-27T05:45:57Z,26.94,6.44,68.08,61.51,26.83,130.11,8.66
2025-11-27T07:38:42Z,28.23,6.05,73.94,74.93,18.18,151.23,15.38
2025-11-27T09:07:18Z,16.22,6.72,69.49,50.94,28.96,125.84,11.37
2025-11-27T10:42:54Z,13.74,6.34,67.55,79.98,34.3,125.91,13.98
2025-11-27T12:20:40Z,10.53,5.87,60.96,73.52,36.7,103.03,24.32
2025-11-27T14:50:11Z,29.17,6.6,67.36,99.18,27.47,115.41,12.78
2025-11-27T16:02:40Z,19.28,6.4,72.34,57.79,13.81,106.87,10.71
2025-11-27T17:44:59Z,25.88,6.27,72.11,30.11,34.27,188.9,17.36
2025-11-27T19:58:22Z,29.31,7.18,60.02,71.82,27.47,120.38,12.5
2025-11-27T21:19:57Z,22.92,7.23,62.48,48.92,25.94,170.98,16.27
2025-11-27T23:28:18Z,18.49,6.14,78.34,24.66,17.35,140.0,20.25
2025-11-28T01:16:21Z,20.26,6.32,65.14,33.7,9.05,65.81,19.55
2025-11-28T02:22:01Z,10.27,6.61,79.13,38.36,18.39,148.86,15.76
2025-11-28T04:53:15Z,22.82,6.46,61.0,97.56,24.45,196.62,9.88
2025-11-28T06:42:20Z,18.31,6.17,71.61,32.91,18.47,136.58,10.37
2025-11-28T07:44:25Z,25.98,5.62,75.27,34.54,36.59,168.62,15.31
2025-11-28T09:15:24Z,24.8,6.15,64.79,81.69,21.06,110.12,13.63
2025-11-28T11:56:33Z,14.7,6.12,68.9,61.88,22.33,124.11,20.18
2025-11-28T13:36:56Z,24.81,6.55,73.9,79.13,17.66,167.02,10.13
2025-11-28T14:50:35Z,28.9,6.41,71.18,52.61,21.4,167.41,18.13
2025-11-28T16:31:26Z,22.79,6.53,62.38,64.62,22.79,142.63,12.89
2025-11-28T18:53:50Z,21.33,5.73,72.62,29.68,19.37,124.22,10.87
2025-11-28T20:13:49Z,23.39,5.99,63.3,21.58,8.2,66.14,11.88
2025-11-28T21:32:24Z,23.86,6.04,67.01,52.77,37.73,140.71,16.58
2025-11-28T23:32:02Z,10.44,6.48,77.18,44.22,10.59,127.23,11.85
2025-11-29T01:42:11Z,22.32,6.11,63.59,33.24,11.32,46.0,15.29
2025-11-29T03:39:40Z,20.4,5.58,64.9,29.0,8.29,47.78,19.7
2025-11-29T04:43:56Z,22.94,6.4,70.76,67.81,25.68,190.34,16.39
2025-11-29T06:52:56Z,27.65,6.62,60.58,68.55,30.44,177.5,18.96
2025-11-29T08:52:07Z,22.17,6.14,64.58,59.93,23.45,186.08,11.07
2025-11-29T10:26:37Z,20.55,5.74,74.04,35.08,12.01,136.21,24.09
2025-11-29T12:10:39Z,27.7,6.25,60.36,69.6,24.52,161.94,22.55
2025-11-29T13:36:30Z,22.19,5.61,66.92,76.45,38.99,134.37,18.86
2025-11-29T15:48:21Z,27.29,5.58,88.18,33.83,21.6,168.59,19.07
2025-11-29T16:45:31Z,17.3,6.3,73.3,27.98,12.25,144.73,15.63
2025-11-29T19:17:13Z,18.82,6.17,78.07,37.2,11.55,106.92,13.15
2025-11-29T20:36:54Z,27.8,6.19,78.0,75.27,28.26,155.09,21.54
2025-11-29T22:36:55Z,11.48,6.67,66.28,66.71,20.52,114.98,10.98
2025-11-29T23:48:32Z,28.01,6.22,62.27,91.84,38.45,100.75,11.94
2025-11-30T01:53:59Z,25.88,6.19,79.85,95.33,25.67,185.35,10.5
2025-11-30T03:50:51Z,26.38,6.38,65.14,44.95,23.67,135.35,15.84
2025-11-30T05:35:54Z,27.76,5.66,89.51,51.14,22.1,168.19,17.49
2025-11-30T07:11:22Z,22.64,5.59,66.6,23.92,5.43,41.27,17.07
2025-11-30T09:24:06Z,26.8,5.98,68.61,65.07,29.09,196.84,12.49
2025-11-30T10:25:27Z,22.96,5.62,64.02,72.0,22.07,109.17,18.42
2025-11-30T12:14:12Z,26.42,6.14,65.04,80.73,25.26,104.83,12.85
2025-11-30T14:22:15Z,20.93,5.58,63.41,20.03,12.53,75.34,13.88
2025-11-30T15:32:00Z,26.74,5.81,89.19,46.74,26.01,189.57,4.38
2025-11-30T18:12:18Z,20.27,6.79,73.71,56.62,15.38,100.28,25.6
2025-11-30T19:06:36Z,24.33,6.78,65.45,74.76,31.11,176.22,16.34
2025-11-30T21:18:53Z,16.92,5.71,72.41,39.18,10.41,139.34,10.85
2025-11-30T22:40:24Z,19.16,5.94,64.54,53.14,32.42,133.94,18.1
2025-12-01T00:34:03Z,28.6,6.25,67.58,25.52,10.11,64.42,13.96
2025-12-01T02:52:29Z,27.1,5.8,62.93,40.41,29.16,191.39,18.08
2025-12-01T04:31:46Z,24.91,7.47,63.31,62.39,39.97,136.67,15.06
2025-12-01T05:38:16Z,23.2,6.09,78.52,48.31,17.26,103.33,18.59
2025-12-01T08:10:22Z,27.82,6.1,60.97,95.67,28.37,125.05,16.39
2025-12-01T09:08:51Z,13.08,6.95,52.15,23.92,28.52,294.79,8.58
2025-12-01T11:40:48Z,18.62,7.46,55.48,28.64,17.68,235.11,14.79
2025-12-01T12:35:46Z,23.67,6.06,76.27,71.55,15.35,160.7,11.43
2025-12-01T14:20:14Z,21.45,6.15,64.39,66.11,30.1,156.48,21.44
2025-12-01T16:52:05Z,22.1,6.6,66.17,73.31,36.24,133.18,18.22
2025-12-01T18:35:05Z,24.84,6.4,75.18,79.81,15.23,189.02,14.33
2025-12-01T20:26:47Z,25.77,6.45,64.37,96.39,33.46,149.68,15.39
2025-12-01T21:52:08Z,22.73,6.83,65.66,79.84,21.73,146.27,12.96
2025-12-01T23:50:26Z,25.46,6.07,79.1,58.82,34.8,126.69,13.42
2025-12-02T01:25:23Z,14.59,7.04,56.23,30.79,15.94,241.86,15.78
2025-12-02T03:11:36Z,25.35,6.06,69.93,66.56,20.07,162.71,12.14
2025-12-02T05:13:57Z,22.39,6.17,67.85,39.96,13.0,52.85,13.48
2025-12-02T06:35:18Z,22.65,7.13,65.19,51.81,25.21,126.78,18.67
2025-12-02T08:36:08Z,23.82,6.54,71.39,40.12,12.28,103.3,18.56
2025-12-02T09:44:15Z,28.75,6.13,77.83,51.28,39.84,167.91,15.52
2025-12-02T11:22:15Z,20.05,6.4,75.42,31.53,10.86,122.69,14.41
2025-12-02T13:32:39Z,28.17,6.42,88.1,35.85,20.48,125.98,21.54
2025-12-02T15:11:13Z,22.57,6.63,67.8,61.78,34.39,126.87,14.49
2025-12-02T16:58:17Z,12.3,6.19,59.46,24.4,15.46,242.78,16.92
2025-12-02T18:53:53Z,22.51,5.79,71.31,29.71,18.1,108.01,14.34
2025-12-02T20:48:36Z,18.11,5.91,63.92,71.29,36.19,186.07,18.62
2025-12-02T22:22:04Z,18.68,6.28,73.17,21.42,11.38,121.75,10.58
2025-12-03T00:04:37Z,14.52,6.39,62.5,59.2,23.61,176.81,14.81
2025-12-03T02:05:24Z,28.99,6.02,62.64,76.77,28.41,187.78,11.58
2025-12-03T03:38:04Z,28.94,5.78,80.17,42.04,24.94,172.06,17.68
2025-12-03T05:34:34Z,17.52,6.82,54.87,24.83,17.34,235.54,17.48
2025-12-03T06:32:32Z,13.89,6.1,73.69,38.58,16.47,119.96,17.0
2025-12-03T08:43:00Z,23.41,5.59,79.02,24.1,18.37,103.5,15.64
2025-12-03T10:33:27Z,21.5,7.27,63.37,49.33,23.49,197.15,10.14
2025-12-03T12:24:23Z,20.74,6.28,78.9,30.55,15.09,112.19,17.99
2025-12-03T13:40:47Z,24.23,6.21,67.2,58.42,20.85,111.47,17.44
2025-12-03T16:11:17Z,25.73,6.36,76.09,93.02,17.42,155.81,13.7
2025-12-03T17:39:21Z,27.44,6.3,75.59,79.63,26.99,192.8,13.62
2025-12-03T18:57:39Z,29.31,6.66,62.86,89.6,31.97,173.8,17.81
2025-12-03T21:11:38Z,23.91,6.57,62.5,87.8,36.35,160.62,25.35
2025-12-03T22:33:13Z,11.91,6.89,58.89,30.22,23.38,152.33,18.94
2025-12-04T00:58:24Z,28.17,5.51,73.94,32.93,22.98,144.25,17.28
2025-12-04T02:18:33Z,22.47,6.21,67.69,35.71,5.3,52.63,6.47
2025-12-04T04:23:12Z,28.34,6.45,69.28,23.77,9.83,45.45,13.72
2025-12-04T05:32:11Z,22.65,6.47,67.41,21.54,10.98,64.8,19.87
2025-12-04T07:29:27Z,20.62,5.98,66.41,31.95,8.57,72.2,16.88
2025-12-04T09:07:38Z,21.54,6.11,61.65,71.8,35.86,194.41,14.47
2025-12-04T10:33:54Z,18.12,6.42,71.46,50.81,16.92,137.45,6.47
2025-12-04T12:38:23Z,27.92,5.88,75.29,31.76,31.89,127.95,12.71
2025-12-04T15:00:59Z,22.36,6.33,60.63,57.6,26.64,167.06,9.35
2025-12-04T15:46:54Z,27.01,6.36,71.81,97.1,17.26,156.46,14.63
2025-12-04T18:09:57Z,26.34,6.2,86.95,34.18,38.69,113.44,18.04
2025-12-04T20:10:51Z,27.82,6.08,63.83,21.58,13.4,56.08,9.7
2025-12-04T21:46:08Z,29.37,6.69,74.23,63.88,20.45,175.14,15.36
2025-12-04T23:02:45Z,22.29,6.47,61.41,82.96,24.72,181.05,11.9
2025-12-05T01:06:49Z,27.05,6.63,67.51,49.37,22.61,134.27,21.32
2025-12-05T02:54:37Z,29.93,6.16,63.94,54.05,31.54,199.15,23.87
2025-12-05T04:07:20Z,24.51,6.15,63.38,54.35,28.7,141.86,4.03
2025-12-05T05:53:59Z,16.45,6.46,51.42,32.68,23.49,274.83,13.36
2025-12-05T07:40:32Z,23.51,6.8,73.38,39.64,13.68,125.12,15.78
2025-12-05T10:08:33Z,21.89,6.66,64.74,56.84,29.82,129.54,20.39
2025-12-05T11:10:12Z,29.19,5.98,87.64,57.21,39.47,157.42,15.44
2025-12-05T12:58:18Z,23.02,6.56,64.26,49.05,22.9,101.69,17.92
2025-12-05T14:39:45Z,29.09,6.1,73.64,37.77,24.7,147.21,23.55
2025-12-05T16:19:41Z,23.7,7.3,63.98,58.55,34.88,180.15,18.92
2025-12-05T18:44:48Z,23.35,6.31,63.83,71.92,26.44,146.23,11.51
2025-12-05T20:41:55Z,12.62,5.87,60.4,75.51,36.34,102.09,12.54
2025-12-05T22:31:48Z,21.04,5.73,70.44,29.0,18.95,126.34,14.59
2025-12-05T23:54:31Z,18.5,6.07,74.29,28.59,13.64,123.34,14.44
2025-12-06T01:10:14Z,13.79,6.3,76.78,40.97,16.84,134.64,15.26
2025-12-06T03:16:58Z,16.62,6.15,59.04,34.79,21.95,257.4,22.12
2025-12-06T05:18:28Z,21.13,6.47,75.91,74.42,24.6,199.41,14.77
2025-12-06T06:35:49Z,19.34,5.79,78.89,34.71,14.38,129.3,8.82
2025-12-06T08:27:43Z,25.52,6.44,81.19,35.34,32.69,125.16,14.09
2025-12-06T10:25:53Z,27.59,6.17,64.58,76.92,39.6,153.61,13.51
2025-12-06T12:08:09Z,27.55,6.38,62.27,93.66,39.37,106.44,12.95
2025-12-06T14:04:13Z,21.69,6.15,66.96,97.45,23.62,184.27,16.71
2025-12-06T15:51:16Z,27.49,6.86,65.29,60.81,21.35,129.91,20.9
2025-12-06T17:12:52Z,27.28,6.77,62.84,74.89,30.46,164.08,11.57
2025-12-06T19:04:09Z,22.83,6.9,65.88,46.24,35.15,183.04,14.54
2025-12-06T20:31:58Z,11.86,6.26,58.46,22.11,22.04,222.63,24.42
2025-12-06T22:51:48Z,21.63,6.27,68.92,66.15,23.54,119.77,10.95
2025-12-07T00:45:52Z,21.82,6.97,61.63,72.83,29.88,177.88,17.36
2025-12-07T02:21:31Z,24.92,6.03,63.65,71.88,21.31,177.39,13.77
2025-12-07T04:14:22Z,24.72,5.93,68.72,72.75,38.43,132.92,11.08
2025-12-07T05:15:01Z,23.27,6.09,62.86,55.59,24.01,117.6,15.59
2025-12-07T06:58:04Z,27.13,6.18,89.84,48.81,25.24,106.67,1.0
2025-12-07T08:33:14Z,29.02,6.91,60.47,70.39,31.85,110.91,17.56
2025-12-07T10:39:11Z,27.99,5.92,84.93,58.46,36.69,156.58,14.05
2025-12-07T12:09:20Z,29.08,6.64,75.13,65.34,29.06,153.0,12.09
2025-12-07T14:24:40Z,16.62,5.87,70.02,31.32,19.37,122.53,13.01
2025-12-07T16:15:39Z,24.33,6.78,69.82,75.52,37.28,108.52,15.46
2025-12-07T17:50:01Z,21.25,7.09,62.79,51.66,28.9,106.77,13.56
2025-12-07T19:46:31Z,20.76,5.65,76.68,38.64,19.75,120.56,14.01
2025-12-07T21:26:17Z,29.52,6.38,65.86,24.25,14.25,78.42,18.01
2025-12-07T22:34:06Z,26.75,6.68,68.14,43.63,24.67,140.84,12.19
2025-12-08T00:31:20Z,24.15,6.35,75.78,39.15,29.23,163.62,13.65
2025-12-08T03:02:28Z,26.97,6.65,68.97,84.4,28.99,182.13,23.14
2025-12-08T04:17:20Z,24.48,6.47,76.15,94.35,25.73,153.98,11.63
2025-12-08T06:15:55Z,23.45,6.93,67.29,50.15,34.11,174.64,12.99
2025-12-08T08:10:41Z,27.24,6.52,73.45,54.9,15.07,180.1,12.11
2025-12-08T09:40:18Z,15.05,7.15,54.58,21.51,20.3,284.49,16.89
2025-12-08T11:32:11Z,26.32,5.75,70.58,38.96,26.92,154.9,13.96
2025-12-08T12:43:50Z,23.25,6.38,72.31,36.15,19.83,117.45,13.41
2025-12-08T14:25:29Z,26.94,5.97,72.73,51.51,38.73,190.3,14.49
2025-12-08T16:21:26Z,27.13,5.8,69.01,53.0,20.71,154.76,11.33
2025-12-08T18:27:01Z,11.54,6.94,55.07,35.79,29.06,290.9,21.33
2025-12-08T20:13:40Z,10.13,6.58,64.58,66.69,22.6,154.49,19.72
2025-12-08T22:02:38Z,18.33,6.33,76.0,34.4,18.93,146.84,15.33
2025-12-08T23:56:21Z,15.47,7.21,59.59,31.09,27.16,246.92,10.94
2025-12-09T01:46:56Z,22.33,6.49,72.93,30.13,17.13,148.76,11.89
2025-12-09T03:28:49Z,19.78,5.98,65.99,63.24,23.5,127.52,12.94
2025-12-09T05:09:05Z,21.84,6.09,61.27,98.57,36.01,177.2,19.5
2025-12-09T06:36:07Z,12.7,6.5,76.35,33.97,10.4,113.24,10.1
2025-12-09T08:03:07Z,25.45,5.53,68.03,87.25,39.11,113.1,18.76
2025-12-09T09:48:38Z,23.48,6.74,65.78,73.64,32.07,170.98,21.72
2025-12-09T11:25:08Z,22.51,5.75,64.33,50.29,25.37,196.08,20.5
2025-12-09T13:13:43Z,27.25,6.92,64.01,47.76,26.19,160.01,12.26
2025-12-09T15:00:14Z,16.2,5.74,72.39,38.55,19.54,137.23,14.81
2025-12-09T16:39:19Z,10.24,7.19,55.63,22.1,24.91,175.38,14.93
2025-12-09T18:22:36Z,26.73,6.58,61.52,99.96,38.7,196.61,20.2
2025-12-09T20:33:07Z,23.87,5.59,61.46,31.81,9.67,47.81,21.07
2025-12-09T22:34:30Z,21.7,6.02,64.92,57.73,29.46,119.58,11.17
2025-12-10T00:26:01Z,17.29,6.74,62.51,65.24,39.37,193.49,15.56
2025-12-10T01:27:12Z,15.48,6.19,51.55,34.01,15.14,204.29,15.15
2025-12-10T03:57:03Z,25.44,5.87,63.21,90.67,36.93,132.14,19.35
2025-12-10T05:15:35Z,17.86,5.99,64.14,59.62,35.62,166.86,13.76
2025-12-10T07:31:33Z,20.99,6.35,55.43,27.91,24.23,236.81,10.86
2025-12-10T08:54:58Z,26.13,6.48,82.59,32.28,33.65,137.09,14.15
2025-12-10T10:45:41Z,22.23,6.68,67.01,55.93,22.04,195.13,16.54
2025-12-10T12:46:53Z,24.63,6.25,72.69,80.18,27.06,184.51,15.5
2025-12-10T14:17:42Z,21.51,6.07,65.76,97.48,26.94,164.63,17.52
2025-12-10T16:16:23Z,26.73,6.14,62.72,33.06,14.19,59.75,14.46
2025-12-10T17:34:21Z,26.81,5.61,88.01,40.52,29.97,141.0,17.33
2025-12-10T19:27:48Z,28.97,6.34,61.71,20.01,12.39,54.67,8.46
2025-12-10T20:51:41Z,24.6,6.13,70.25,47.9,30.21,153.65,17.36
2025-12-10T23:06:24Z,12.58,6.76,56.55,39.56,17.24,296.42,21.87
2025-12-11T00:49:10Z,16.66,6.3,70.59,20.47,15.11,109.29,21.43
2025-12-11T02:13:28Z,17.76,7.17,53.64,24.32,24.12,298.23,18.78
2025-12-11T04:33:07Z,21.63,5.91,75.45,38.18,13.48,105.34,22.92
2025-12-11T05:51:35Z,23.56,6.59,73.44,42.7,18.87,131.92,15.4
2025-12-11T07:33:45Z,22.59,6.02,74.69,26.28,16.93,113.24,10.79
2025-12-11T09:04:25Z,23.85,6.14,68.68,33.55,5.7,53.31,8.1
2025-12-11T10:47:55Z,13.76,6.43,79.1,46.86,16.81,110.33,8.75
2025-12-11T12:46:01Z,29.4,5.57,67.95,76.33,29.73,146.17,7.57
2025-12-11T14:05:40Z,13.62,7.09,58.96,31.66,25.45,199.43,22.24
2025-12-11T16:03:21Z,22.39,5.94,72.22,26.24,15.48,124.47,9.78
2025-12-11T17:35:23Z,25.08,6.24,79.38,45.32,27.59,114.51,16.81
2025-12-11T20:00:04Z,27.13,6.62,60.33,97.16,26.3,106.86,14.13
2025-12-11T21:30:16Z,21.38,5.95,74.36,25.02,11.04,128.97,16.71
2025-12-11T23:07:27Z,28.79,7.5,60.97,49.56,24.01,168.62,14.15
2025-12-12T00:53:48Z,28.99,6.4,69.92,27.03,10.29,61.07,14.83
2025-12-12T02:22:29Z,25.09,6.11,66.37,34.96,7.21,76.44,11.0
2025-12-12T04:32:25Z,23.8,5.52,67.95,31.39,9.88,77.99,9.75
2025-12-12T05:53:15Z,19.45,6.32,74.26,46.25,13.19,132.51,21.79
2025-12-12T07:54:01Z,27.67,6.57,62.38,57.06,24.42,191.21,14.66
2025-12-12T10:03:02Z,13.13,6.17,77.27,54.85,17.56,136.98,20.28
2025-12-12T11:07:27Z,28.04,6.04,87.84,38.97,23.78,162.18,16.89
2025-12-12T13:49:20Z,13.21,6.28,75.57,49.56,12.81,146.62,13.84
2025-12-12T15:16:55Z,21.15,6.24,60.17,99.17,27.32,148.98,9.92
2025-12-12T17:03:38Z,19.73,6.11,51.97,21.24,23.88,286.62,12.21
2025-12-12T18:56:42Z,20.26,6.02,65.54,26.69,13.92,54.17,15.62
2025-12-12T20:50:17Z,12.1,6.31,63.67,53.36,30.63,172.44,11.49
2025-12-12T21:42:41Z,26.33,5.74,64.07,51.14,20.08,184.26,10.37
2025-12-12T23:23:14Z,18.62,5.55,75.53,32.3,14.24,133.91,10.66
2025-12-13T01:54:21Z,21.48,6.47,70.59,36.37,11.07,120.56,19.3
2025-12-13T03:01:09Z,26.05,5.79,86.84,36.25,28.76,166.43,14.06
2025-12-13T05:33:49Z,25.72,6.36,77.34,91.22,21.06,156.85,12.15
2025-12-13T06:29:46Z,23.44,6.19,66.18,53.71,22.15,188.96,22.13
2025-12-13T08:13:58Z,25.94,6.49,77.56,56.11,23.89,195.38,19.01
2025-12-13T09:54:40Z,20.7,6.46,70.33,45.65,17.8,111.27,8.26
2025-12-13T11:57:20Z,24.32,6.36,60.68,51.16,35.87,105.94,17.26
2025-12-13T13:27:34Z,17.61,5.83,79.18,36.48,12.83,106.94,17.07
2025-12-13T16:04:09Z,23.41,7.37,61.11,45.92,37.76,134.96,12.03
2025-12-13T17:04:15Z,25.95,5.79,79.45,38.52,32.99,109.02,10.74
2025-12-13T18:58:44Z,26.98,6.37,64.76,22.74,13.69,40.77,8.8
2025-12-13T21:18:13Z,21.93,5.67,76.6,30.1,11.43,126.36,10.33
2025-12-13T22:54:31Z,27.82,6.55,67.79,60.19,30.44,152.37,6.41
2025-12-14T00:02:41Z,23.42,5.89,69.34,73.37,32.49,175.77,19.69
2025-12-14T02:01:10Z,27.26,6.39,64.09,52.59,35.35,105.27,11.5
2025-12-14T03:56:26Z,28.35,5.86,68.1,21.73,13.55,71.97,21.32
2025-12-14T05:34:40Z,21.59,6.08,69.43,73.84,27.4,102.44,15.37
2025-12-14T07:48:28Z,13.92,6.91,54.44,38.45,17.4,297.61,14.01
2025-12-14T08:49:29Z,27.26,6.79,61.77,61.65,24.51,118.08,13.42
2025-12-14T11:17:40Z,27.99,5.95,63.43,52.32,22.69,109.87,14.97
2025-12-14T12:24:35Z,13.84,6.61,77.54,56.59,17.34,118.87,12.29
2025-12-14T13:57:08Z,17.03,6.6,70.37,33.81,17.18,137.02,15.42
2025-12-14T16:18:00Z,20.5,6.21,65.17,21.96,8.79,56.17,15.97
2025-12-14T17:35:03Z,24.14,6.94,62.27,57.52,37.85,155.74,13.08
2025-12-14T19:49:54Z,21.76,6.24,69.46,32.1,9.54,69.94,10.57
2025-12-14T21:42:33Z,26.46,6.08,69.67,22.87,11.6,77.89,20.57
2025-12-14T22:57:50Z,21.15,6.64,79.8,89.04,23.8,161.75,5.95
2025-12-15T00:40:19Z,21.65,5.52,62.12,28.61,6.15,48.88,12.7
2025-12-15T02:38:30Z,23.85,6.05,76.93,78.95,25.4,162.96,13.94
2025-12-15T04:30:30Z,27.28,5.83,69.4,32.19,13.61,41.35,15.73
2025-12-15T06:08:21Z,11.15,6.33,61.46,44.06,31.29,165.05,13.15
2025-12-15T07:27:48Z,29.44,6.71,72.7,92.55,17.55,164.35,16.2
2025-12-15T09:56:37Z,24.32,6.32,76.65,57.32,23.91,116.15,16.05
2025-12-15T10:57:44Z,23.34,5.51,74.23,25.03,11.8,138.7,17.09
2025-12-15T12:38:16Z,19.75,6.47,73.96,34.49,15.51,142.12,20.21
2025-12-15T15:14:16Z,25.42,6.38,72.28,71.91,28.72,175.7,15.07
2025-12-15T16:50:31Z,10.98,6.53,74.74,38.22,11.74,130.82,15.32
2025-12-15T18:17:34Z,23.54,5.59,77.57,36.93,14.8,147.6,5.97
2025-12-15T19:53:52Z,22.37,6.29,74.5,73.25,20.37,185.85,17.0
2025-12-15T21:43:04Z,21.31,5.82,61.05,25.48,11.79,68.21,18.07
2025-12-16T00:06:07Z,22.59,6.42,66.95,76.42,31.61,143.94,9.32
2025-12-16T01:05:11Z,17.69,6.01,73.12,51.67,18.92,120.26,14.61
2025-12-16T02:58:22Z,28.04,6.47,66.95,33.97,5.75,42.45,7.5
2025-12-16T04:25:51Z,25.34,6.92,68.7,50.37,24.59,141.72,12.09
2025-12-16T06:26:17Z,28.69,6.45,66.9,57.6,26.99,175.38,17.23
2025-12-16T08:01:52Z,29.43,6.26,68.45,86.84,31.41,137.74,10.54
2025-12-16T10:34:20Z,10.71,6.49,51.57,24.55,19.39,177.77,12.91
2025-12-16T11:35:13Z,15.01,7.22,58.22,36.84,23.91,292.61,14.31
2025-12-16T13:27:32Z,24.87,6.09,79.18,89.28,29.55,197.76,17.64
2025-12-16T15:10:08Z,29.32,5.8,68.46,53.28,24.76,152.52,13.61
2025-12-16T17:10:54Z,27.07,5.98,77.18,36.9,24.07,109.49,11.45
2025-12-16T18:46:44Z,26.31,5.9,69.54,82.35,29.66,101.17,11.13
2025-12-16T20:51:20Z,28.31,5.9,64.09,60.41,25.98,135.98,12.79
2025-12-16T22:28:17Z,21.61,6.39,62.68,35.11,8.13,59.72,8.8
2025-12-17T00:34:23Z,18.23,5.6,73.85,34.48,17.69,112.66,16.63
2025-12-17T01:34:17Z,10.29,6.18,63.97,46.1,31.74,172.56,22.84
2025-12-17T03:34:00Z,24.16,6.75,75.46,57.87,23.79,191.55,16.61
2025-12-17T05:03:20Z,19.73,6.36,77.37,32.82,19.12,107.02,11.75
2025-12-17T07:25:41Z,28.5,6.08,74.19,72.31,19.56,174.74,13.98
2025-12-17T08:52:25Z,27.35,5.78,82.48,36.32,37.57,175.13,10.09
2025-12-17T11:02:11Z,22.56,6.98,69.9,77.33,26.22,112.69,21.29
2025-12-17T12:12:34Z,28.01,6.23,64.78,60.32,32.4,169.11,16.5
2025-12-17T14:12:17Z,19.78,6.4,73.34,38.73,17.57,124.66,21.29
2025-12-17T16:00:35Z,22.35,6.14,73.28,21.5,13.52,113.93,18.46
2025-12-17T17:14:09Z,25.39,6.28,70.3,82.66,24.42,160.53,7.82
2025-12-17T19:28:02Z,28.72,5.52,60.81,50.13,35.53,107.36,15.19
2025-12-17T21:09:58Z,27.91,6.85,62.12,55.55,23.3,103.48,11.32
2025-12-17T22:40:53Z,25.38,6.16,78.72,55.05,27.19,193.19,16.83
2025-12-18T00:53:03Z,28.79,7.41,66.31,55.45,22.43,148.82,15.08
2025-12-18T02:36:14Z,24.85,7.28,62.58,77.24,21.13,122.11,15.6
2025-12-18T04:18:14Z,28.54,5.9,60.83,79.96,23.37,146.54,16.88
2025-12-18T05:45:15Z,16.88,6.15,66.47,56.23,20.64,149.08,11.68
2025-12-18T07:48:26Z,25.34,6.5,79.23,65.74,28.03,188.08,17.74
2025-12-18T08:55:36Z,24.75,6.07,63.36,62.29,29.45,174.61,13.75
2025-12-18T11:02:49Z,20.97,5.89,76.52,22.01,15.5,120.24,16.51
2025-12-18T13:22:42Z,15.81,6.03,73.02,57.82,15.24,137.79,16.76
2025-12-18T14:40:51Z,28.24,5.58,63.08,90.38,22.85,141.79,13.15
2025-12-18T16:16:16Z,13.79,6.56,63.41,52.15,26.95,104.4,9.74
2025-12-18T17:51:15Z,29.17,6.64,72.63,57.95,27.93,165.27,22.78
2025-12-18T19:47:57Z,22.81,5.58,62.3,66.42,38.89,138.85,12.95
2025-12-18T21:21:15Z,28.36,6.0,62.51,65.38,25.62,161.83,19.28
2025-12-18T23:44:55Z,15.42,6.93,65.47,42.31,29.9,120.12,22.59
2025-12-19T01:09:46Z,25.38,6.52,74.57,96.17,20.64,170.21,15.71
2025-12-19T03:04:10Z,10.58,6.93,54.15,32.89,19.95,295.26,10.46
2025-12-19T04:35:57Z,27.46,6.33,71.87,94.24,18.74,158.75,12.47
2025-12-19T06:26:03Z,24.64,6.03,60.63,56.64,32.37,116.46,16.31
2025-12-19T08:04:14Z,23.43,5.64,61.89,30.66,14.21,43.78,11.73
2025-12-19T10:04:49Z,26.64,6.14,64.26,67.64,22.11,141.63,11.15
2025-12-19T11:29:19Z,20.24,5.93,73.81,25.56,17.59,120.26,20.24
2025-12-19T12:56:36Z,25.72,6.41,69.01,59.59,22.01,153.63,23.45
2025-12-19T15:30:59Z,23.88,6.38,73.77,42.58,19.73,112.75,12.98
2025-12-19T16:58:33Z,21.32,6.85,61.93,59.2,28.11,188.13,18.22
2025-12-19T18:27:22Z,29.03,5.64,81.4,42.68,38.26,157.07,17.52
2025-12-19T20:33:26Z,27.87,6.56,74.88,67.58,23.5,162.17,13.76
2025-12-19T22:14:00Z,21.66,5.86,64.63,57.97,35.29,171.89,15.24
2025-12-19T23:35:26Z,27.1,6.23,76.22,86.81,26.52,193.7,22.7
2025-12-20T01:56:44Z,22.28,6.24,64.56,70.21,21.15,152.75,10.3
2025-12-20T03:29:56Z,19.57,6.35,76.9,30.25,16.63,147.08,18.31
2025-12-20T05:30:31Z,21.39,6.31,73.58,82.31,22.1,172.4,25.69
2025-12-20T06:33:45Z,25.49,6.11,63.61,44.16,27.96,179.81,17.28
2025-12-20T08:12:56Z,28.8,6.03,67.77,59.84,33.73,154.53,17.45
2025-12-20T10:00:28Z,24.88,5.81,82.21,46.37,23.7,161.35,11.87
2025-12-20T12:34:02Z,24.65,6.19,80.26,40.47,33.64,189.48,21.52
2025-12-20T13:48:00Z,24.36,6.38,85.47,59.24,30.27,138.91,12.04
2025-12-20T15:09:28Z,15.54,6.51,54.28,33.15,21.98,298.73,15.25
2025-12-20T17:39:24Z,23.0,6.24,73.69,53.69,16.38,116.66,20.02
2025-12-20T19:00:03Z,23.72,6.83,64.57,52.52,27.35,174.17,21.82
2025-12-20T20:45:30Z,19.89,6.16,56.43,23.54,19.56,226.93,17.39
2025-12-20T22:23:25Z,23.73,6.03,63.11,44.63,34.92,188.48,16.13
2025-12-21T00:24:24Z,21.6,5.65,68.59,22.97,12.69,75.68,17.29
2025-12-21T02:26:22Z,26.42,5.62,60.33,87.06,27.0,189.56,16.29
2025-12-21T04:02:34Z,14.98,6.71,55.73,33.07,22.37,291.9,16.93
2025-12-21T05:42:17Z,28.05,6.47,68.0,37.67,5.53,65.91,11.05
2025-12-21T07:05:36Z,22.53,6.78,79.96,83.14,28.39,191.22,11.78
2025-12-21T09:26:39Z,22.55,6.18,69.63,66.16,26.63,195.28,18.61
2025-12-21T10:51:42Z,23.64,6.63,72.79,86.99,23.31,195.09,11.49
2025-12-21T12:55:28Z,18.33,6.47,74.91,26.14,12.01,127.52,5.4
2025-12-21T14:20:34Z,24.19,6.5,71.65,67.85,29.23,153.15,17.88
2025-12-21T16:32:00Z,22.94,6.03,69.7,87.96,24.6,155.7,8.58
2025-12-21T17:31:29Z,13.18,6.83,64.37,55.48,20.9,147.24,11.63
2025-12-21T19:19:05Z,29.16,6.78,70.79,50.72,19.44,163.95,17.02
2025-12-21T21:22:18Z,29.05,6.14,69.52,54.1,28.7,183.89,15.89
2025-12-21T23:36:01Z,22.82,6.45,61.31,33.51,13.72,67.0,5.32
2025-12-22T01:11:09Z,27.86,6.03,60.72,55.66,33.4,178.82,13.93
2025-12-22T02:37:01Z,23.89,6.03,62.6,90.1,21.08,147.54,9.96
2025-12-22T04:31:37Z,17.23,5.89,76.11,26.63,18.39,124.62,19.02
2025-12-22T06:30:44Z,22.27,6.67,61.79,53.44,34.5,173.83,16.68
2025-12-22T08:05:16Z,11.37,6.79,59.25,25.06,16.63,221.77,23.42
2025-12-22T09:22:26Z,18.44,6.9,67.64,68.42,37.33,178.86,16.02
2025-12-22T11:47:44Z,12.14,7.49,59.07,25.93,23.05,232.18,14.88
2025-12-22T13:14:34Z,27.23,6.54,64.32,71.65,26.56,198.3,18.6
2025-12-22T15:21:34Z,20.99,7.11,51.02,26.81,20.47,154.38,20.37
2025-12-22T16:37:35Z,28.63,6.38,66.56,38.56,6.47,72.9,14.55
2025-12-22T18:00:43Z,28.14,6.42,73.58,62.57,28.1,165.74,13.05
2025-12-22T19:53:19Z,21.82,5.56,69.53,85.08,36.16,112.47,12.61
2025-12-22T21:28:33Z,25.38,6.17,73.76,99.46,23.81,184.84,15.61
2025-12-22T23:33:44Z,26.31,6.09,62.81,90.69,35.04,148.82,19.0
2025-12-23T01:21:49Z,25.56,6.05,60.48,25.33,14.52,47.29,11.86
2025-12-23T03:00:05Z,24.26,5.51,61.03,58.01,24.95,135.47,10.69
2025-12-23T04:46:54Z,20.25,6.2,63.11,29.15,10.06,74.31,8.35
2025-12-23T06:13:04Z,10.18,6.09,56.27,39.06,18.73,196.35,19.7
2025-12-23T08:13:34Z,24.18,5.51,65.99,50.02,22.78,185.42,18.83
2025-12-23T09:51:56Z,29.21,5.86,84.76,50.11,25.07,162.26,13.28
2025-12-23T11:53:00Z,21.74,6.1,62.55,67.85,23.04,181.56,11.06
2025-12-23T13:42:35Z,22.57,6.5,67.6,51.97,20.8,137.1,6.96
2025-12-23T15:50:55Z,11.35,5.97,63.26,40.93,37.48,114.29,20.17
2025-12-23T16:47:50Z,23.89,6.5,64.17,42.27,29.12,163.3,17.72
2025-12-23T19:10:44Z,21.17,6.72,66.32,75.92,20.24,106.53,19.52
2025-12-23T20:11:50Z,17.35,5.88,71.31,27.33,17.52,146.59,8.5
2025-12-23T22:07:00Z,26.2,6.14,64.49,85.71,23.5,194.26,12.07
2025-12-24T00:07:16Z,18.22,6.11,78.9,20.71,18.12,120.32,19.52
2025-12-24T02:12:57Z,15.5,6.37,77.88,52.83,16.91,121.55,9.61
2025-12-24T03:56:53Z,21.44,6.48,73.33,89.4,23.82,170.94,15.8
2025-12-24T05:23:36Z,26.31,6.94,61.64,53.37,23.88,158.84,13.12
2025-12-24T07:10:13Z,21.2,7.26,68.07,46.62,34.3,189.96,15.08
2025-12-24T08:43:54Z,27.11,6.43,76.48,68.62,16.96,165.37,14.29
2025-12-24T11:06:22Z,20.94,6.72,76.59,53.92,12.21,134.25,12.26
2025-12-24T12:51:05Z,23.56,6.05,66.39,27.36,9.48,51.16,18.67
2025-12-24T14:34:39Z,17.78,5.52,75.51,25.14,13.89,109.03,11.62
2025-12-24T15:58:43Z,28.8,6.37,68.06,68.21,26.35,101.26,12.43
2025-12-24T17:36:20Z,27.59,6.31,72.88,76.98,24.18,171.93,6.31
2025-12-24T19:04:05Z,26.36,6.45,87.48,46.43,39.82,124.84,17.08
2025-12-24T21:17:47Z,16.82,6.43,77.53,25.81,11.25,136.16,2.56
2025-12-24T23:18:23Z,23.44,6.42,68.05,75.87,37.21,133.12,9.58
2025-12-25T00:21:49Z,24.12,6.14,75.27,58.28,39.72,119.01,18.66
2025-12-25T01:57:04Z,19.8,6.76,74.74,36.22,17.51,133.28,9.12
2025-12-25T04:21:56Z,25.25,6.17,64.38,82.67,27.28,117.92,22.92
2025-12-25T05:44:17Z,23.31,6.45,63.54,61.73,32.27,192.59,16.9
2025-12-25T08:01:23Z,20.07,6.4,64.15,35.99,8.18,71.81,21.81
2025-12-25T09:56:17Z,24.19,5.66,69.98,90.79,36.27,138.49,13.05
2025-12-25T11:01:00Z,24.58,6.42,72.1,36.49,35.49,185.09,14.73
2025-12-25T12:29:32Z,24.65,7.38,60.29,75.51,35.19,179.17,17.96
2025-12-25T14:36:55Z,26.79,6.24,83.31,37.13,29.11,146.15,17.8
2025-12-25T16:00:19Z,28.07,6.03,61.56,84.28,34.95,132.02,19.38
2025-12-25T17:59:09Z,21.85,5.58,61.18,73.48,32.43,145.39,10.14
2025-12-25T19:56:01Z,19.59,6.18,54.63,38.16,20.7,168.29,12.46
2025-12-25T22:07:55Z,26.72,5.71,60.04,37.94,6.96,58.11,17.43
2025-12-25T22:58:38Z,21.42,6.23,61.47,95.34,20.42,121.42,11.74
2025-12-26T01:06:26Z,18.4,5.76,71.51,29.95,14.17,146.88,13.58
2025-12-26T02:55:35Z,26.61,6.16,68.96,53.47,38.62,148.42,18.07
2025-12-26T04:55:33Z,21.35,6.27,77.33,53.75,28.21,198.84,14.71
2025-12-26T05:59:36Z,29.74,6.2,60.6,35.11,14.28,46.42,10.97
2025-12-26T07:44:42Z,22.24,6.33,65.47,63.43,22.07,185.41,12.01
2025-12-26T10:03:31Z,28.24,6.3,75.49,55.34,20.41,173.06,14.07
2025-12-26T11:18:02Z,19.34,6.62,78.51,41.33,19.48,140.16,11.06
2025-12-26T13:33:51Z,12.98,6.12,79.06,33.93,18.19,116.95,20.02
2025-12-26T15:25:34Z,24.43,5.5,77.18,55.61,20.42,160.34,18.17
2025-12-26T17:01:05Z,12.67,6.56,66.67,43.21,29.75,133.65,11.18
2025-12-26T18:43:42Z,25.38,6.37,65.9,24.81,14.33,74.02,15.74
2025-12-26T20:44:30Z,20.26,6.68,51.8,29.29,23.61,187.45,7.18
2025-12-26T22:39:29Z,26.36,5.79,61.83,30.39,13.44,48.7,7.84
2025-12-27T00:17:34Z,26.18,6.43,67.24,60.5,27.86,108.59,16.62
2025-12-27T01:15:21Z,26.68,5.81,68.25,39.08,6.11,44.99,9.23
2025-12-27T03:02:50Z,23.48,6.23,76.53,36.74,19.09,119.4,13.69
2025-12-27T05:24:14Z,25.43,6.63,65.32,62.67,34.38,140.87,15.3
2025-12-27T07:17:05Z,25.66,6.64,62.99,66.74,24.08,182.27,8.52
2025-12-27T08:38:47Z,27.68,6.22,73.05,34.9,23.29,158.97,7.51
2025-12-27T10:32:45Z,24.64,6.28,72.27,83.84,24.7,184.22,15.96
2025-12-27T12:26:16Z,24.83,5.99,77.09,33.41,29.72,148.71,14.03
2025-12-27T14:18:58Z,28.82,5.65,80.17,54.52,30.67,196.98,12.86
2025-12-27T15:25:25Z,26.45,6.48,81.5,43.23,34.15,177.99,18.34
2025-12-27T17:48:52Z,19.26,5.88,70.83,32.7,10.96,134.95,13.98
2025-12-27T18:48:20Z,28.86,6.43,75.84,49.98,21.31,187.6,20.45
2025-12-27T21:25:06Z,10.32,6.67,73.97,58.02,13.91,143.69,23.68
2025-12-27T23:07:11Z,22.06,6.14,74.5,44.61,16.69,130.62,8.45
2025-12-28T00:11:07Z,18.33,5.74,74.84,32.31,16.63,115.77,1.7
2025-12-28T02:25:06Z,23.32,6.08,61.53,25.08,13.15,68.12,8.23
2025-12-28T04:03:12Z,18.07,6.83,51.32,29.04,28.88,200.09,6.85
2025-12-28T06:00:32Z,27.43,5.92,60.52,98.78,26.46,120.37,12.35
2025-12-28T07:52:44Z,14.54,6.76,79.23,58.17,17.48,149.51,19.48
2025-12-28T08:57:55Z,21.31,6.26,66.59,53.11,21.04,190.73,15.87
2025-12-28T11:20:11Z,17.73,6.47,51.37,36.93,29.87,181.58,17.32
2025-12-28T13:00:19Z,17.63,5.91,76.79,36.13,19.32,140.32,12.84
2025-12-28T14:51:27Z,28.1,5.65,66.45,24.82,8.6,59.43,16.16
2025-12-28T15:46:29Z,12.12,6.64,76.94,36.81,18.56,146.7,18.81
2025-12-28T18:09:40Z,27.2,6.06,71.59,66.15,20.25,166.72,12.02
2025-12-28T19:32:54Z,11.56,6.72,75.65,59.14,15.98,109.23,15.79
2025-12-28T21:17:05Z,25.88,6.31,75.84,97.92,27.77,191.73,17.09
2025-12-28T23:36:54Z,13.19,7.45,56.17,33.93,18.69,236.12,14.28
2025-12-29T00:56:50Z,28.98,6.95,65.03,47.71,32.13,151.85,12.26
2025-12-29T02:45:09Z,26.07,6.1,66.81,32.14,14.85,73.87,11.29
2025-12-29T04:39:30Z,19.4,7.05,51.68,23.31,15.32,277.98,15.64
2025-12-29T05:50:17Z,24.74,5.73,67.81,81.99,20.91,121.11,8.31
2025-12-29T07:43:48Z,21.31,5.56,64.75,69.43,21.77,105.26,15.18
2025-12-29T09:28:49Z,28.62,6.38,67.26,55.79,35.9,183.57,20.71
2025-12-29T11:03:07Z,26.76,6.4,65.68,64.11,22.98,130.62,8.9
2025-12-29T13:25:23Z,24.42,5.87,81.46,39.04,28.02,181.85,9.72
2025-12-29T15:25:17Z,16.72,5.97,74.43,20.75,12.72,128.66,9.84
2025-12-29T16:54:31Z,27.83,6.32,69.89,79.86,27.26,161.57,15.22
2025-12-29T18:21:21Z,24.75,5.56,62.32,69.33,27.25,185.03,9.48
2025-12-29T20:22:01Z,22.15,6.13,65.2,20.61,13.36,69.05,12.89
2025-12-29T21:29:50Z,16.05,6.25,74.92,43.33,16.8,148.31,12.08
2025-12-30T00:10:10Z,13.31,5.87,69.98,68.57,23.76,151.84,17.16
2025-12-30T01:29:23Z,24.96,6.47,65.38,59.88,31.11,160.88,18.87
2025-12-30T03:18:09Z,25.62,6.42,71.3,32.65,31.25,134.67,20.83
2025-12-30T04:43:30Z,19.62,6.8,58.23,36.47,24.48,234.29,11.55
2025-12-30T06:40:47Z,18.98,5.59,76.25,34.95,19.83,109.99,13.55
2025-12-30T08:16:39Z,21.48,6.37,68.9,67.82,32.54,161.57,8.98
2025-12-30T10:23:14Z,17.35,6.44,76.24,25.84,17.85,146.75,17.63
2025-12-30T11:34:37Z,22.3,5.55,64.01,78.39,30.85,121.15,10.4
2025-12-30T13:37:52Z,24.86,5.91,81.92,38.66,30.52,141.25,10.09
2025-12-30T15:05:01Z,13.61,6.24,54.72,33.76,24.61,203.28,17.29
2025-12-30T17:09:35Z,24.25,6.73,67.62,57.71,30.78,105.02,25.86
2025-12-30T18:50:10Z,24.83,6.04,65.13,74.36,22.24,193.78,13.12
2025-12-30T21:00:29Z,23.23,6.37,73.18,38.65,12.19,107.02,17.62
2025-12-30T22:31:23Z,21.46,5.62,68.26,96.73,20.83,133.96,19.88
2025-12-30T23:55:53Z,10.83,6.0,54.14,23.3,19.22,160.92,15.16
2025-12-31T02:12:10Z,26.66,6.11,68.86,37.83,12.06,58.07,11.35
2025-12-31T04:06:49Z,24.97,5.94,68.77,30.91,14.94,64.53,17.6
2025-12-31T05:01:13Z,14.58,6.65,75.33,32.5,18.31,110.8,14.04
2025-12-31T07:35:27Z,21.92,6.24,65.24,23.57,14.27,60.59,10.58
2025-12-31T09:03:12Z,25.85,6.02,67.74,30.06,9.4,48.94,18.08
2025-12-31T10:51:25Z,18.93,6.89,53.29,28.04,28.95,293.27,13.75
2025-12-31T12:08:46Z,26.82,6.58,68.56,51.55,32.18,160.88,6.61
2025-12-31T13:53:14Z,24.34,5.68,68.08,22.76,14.97,75.61,21.1
2025-12-31T15:36:28Z,11.96,6.65,50.02,30.43,15.31,160.53,11.71
2025-12-31T17:22:26Z,24.58,7.17,63.97,58.01,26.15,177.24,15.78
2025-12-31T19:38:52Z,22.34,5.68,72.45,35.59,13.18,147.59,11.95
2025-12-31T21:37:18Z,22.21,5.59,67.03,39.64,5.55,44.0,22.17
